date,month_year,airport_group,airport,total_passengers,terminal_passengers,transit_passengers
2015-01-01,January 2015,Other UK Airports,ABERDEEN,249165,249165,0
2015-01-01,January 2015,Non UK Reporting Airports,ALDERNEY,2906,2906,0
2015-01-01,January 2015,Other UK Airports,BARRA,437,437,0
2015-01-01,January 2015,Other UK Airports,BELFAST CITY (GEORGE BEST),167662,167662,0
2015-01-01,January 2015,Other UK Airports,BELFAST INTERNATIONAL,237948,237819,129
2015-01-01,January 2015,Other UK Airports,BENBECULA,2082,2082,0
2015-01-01,January 2015,Other UK Airports,BIGGIN HILL,138,138,0
2015-01-01,January 2015,Other UK Airports,BIRMINGHAM,611467,611171,296
2015-01-01,January 2015,Other UK Airports,BLACKPOOL,1787,1787,0
2015-01-01,January 2015,Other UK Airports,BOURNEMOUTH,21419,20789,630
2015-01-01,January 2015,Other UK Airports,BRISTOL,360924,360538,386
2015-01-01,January 2015,Other UK Airports,CAMBRIDGE,350,350,0
2015-01-01,January 2015,Other UK Airports,CAMPBELTOWN,429,419,10
2015-01-01,January 2015,Other UK Airports,CARDIFF WALES,42316,42023,293
2015-01-01,January 2015,Other UK Airports,CITY OF DERRY (EGLINTON),20381,20378,3
2015-01-01,January 2015,Other UK Airports,COVENTRY,0,0,0
2015-01-01,January 2015,Other UK Airports,DONCASTER SHEFFIELD,45034,45034,0
2015-01-01,January 2015,Other UK Airports,DUNDEE,1240,1240,0
2015-01-01,January 2015,Other UK Airports,DURHAM TEES VALLEY,9894,9878,16
2015-01-01,January 2015,Other UK Airports,EAST MIDLANDS INTERNATIONAL,183335,183043,292
2015-01-01,January 2015,Other UK Airports,EDINBURGH,625306,624836,470
2015-01-01,January 2015,Other UK Airports,EXETER,44294,44178,116
2015-01-01,January 2015,London Area Airports,GATWICK,2359570,2358459,1111
2015-01-01,January 2015,Other UK Airports,GLASGOW,485824,485546,278
2015-01-01,January 2015,Other UK Airports,GLOUCESTERSHIRE,733,733,0
2015-01-01,January 2015,Non UK Reporting Airports,GUERNSEY,53392,51115,2277
2015-01-01,January 2015,London Area Airports,HEATHROW,5456668,5454900,1768
2015-01-01,January 2015,Other UK Airports,HUMBERSIDE,15770,15767,3
2015-01-01,January 2015,Other UK Airports,INVERNESS,43447,43349,98
2015-01-01,January 2015,Other UK Airports,ISLAY,1659,1629,30
2015-01-01,January 2015,Non UK Reporting Airports,ISLE OF MAN,47013,47013,0
2015-01-01,January 2015,Other UK Airports,ISLES OF SCILLY (ST.MARYS),2855,2855,0
2015-01-01,January 2015,Non UK Reporting Airports,JERSEY,82321,80930,1391
2015-01-01,January 2015,Other UK Airports,KIRKWALL,10236,9564,672
2015-01-01,January 2015,Other UK Airports,LANDS END (ST JUST),2229,2187,42
2015-01-01,January 2015,Other UK Airports,LEEDS BRADFORD,145040,142891,2149
2015-01-01,January 2015,Other UK Airports,LERWICK (TINGWALL),141,141,0
2015-01-01,January 2015,Other UK Airports,LIVERPOOL (JOHN LENNON),250595,249764,831
2015-01-01,January 2015,London Area Airports,LONDON CITY,297929,297929,0
2015-01-01,January 2015,London Area Airports,LUTON,656324,656256,68
2015-01-01,January 2015,Other UK Airports,LYDD,9,9,0
2015-01-01,January 2015,Other UK Airports,MANCHESTER,1318080,1312800,5280
2015-01-01,January 2015,Other UK Airports,MANSTON (KENT INT),0,0,0
2015-01-01,January 2015,Other UK Airports,NEWCASTLE,233423,233047,376
2015-01-01,January 2015,Other UK Airports,NEWQUAY,11587,11587,0
2015-01-01,January 2015,Other UK Airports,NORWICH,26609,26609,0
2015-01-01,January 2015,Other UK Airports,PRESTWICK,19773,19773,0
2015-01-01,January 2015,Other UK Airports,SCATSTA,20684,20684,0
2015-01-01,January 2015,Other UK Airports,SHOREHAM,68,68,0
2015-01-01,January 2015,Other UK Airports,SOUTHAMPTON,110848,110405,443
2015-01-01,January 2015,London Area Airports,SOUTHEND,55301,55301,0
2015-01-01,January 2015,London Area Airports,STANSTED,1485962,1485451,511
2015-01-01,January 2015,Other UK Airports,STORNOWAY,8659,8489,170
2015-01-01,January 2015,Other UK Airports,SUMBURGH,15055,14991,64
2015-01-01,January 2015,Other UK Airports,TIREE,495,484,11
2015-01-01,January 2015,Other UK Airports,WICK JOHN O GROATS,2840,2509,331
2015-02-01,February 2015,Other UK Airports,ABERDEEN,250294,250294,0
2015-02-01,February 2015,Non UK Reporting Airports,ALDERNEY,3271,3271,0
2015-02-01,February 2015,Other UK Airports,BARRA,530,530,0
2015-02-01,February 2015,Other UK Airports,BELFAST CITY (GEORGE BEST),187658,187658,0
2015-02-01,February 2015,Other UK Airports,BELFAST INTERNATIONAL,273747,273539,208
2015-02-01,February 2015,Other UK Airports,BENBECULA,2348,2348,0
2015-02-01,February 2015,Other UK Airports,BIGGIN HILL,4,4,0
2015-02-01,February 2015,Other UK Airports,BIRMINGHAM,629843,629157,686
2015-02-01,February 2015,Other UK Airports,BLACKPOOL,1949,1949,0
2015-02-01,February 2015,Other UK Airports,BOURNEMOUTH,20748,20522,226
2015-02-01,February 2015,Other UK Airports,BRISTOL,381531,381071,460
2015-02-01,February 2015,Other UK Airports,CAMBRIDGE,93,93,0
2015-02-01,February 2015,Other UK Airports,CAMPBELTOWN,601,601,0
2015-02-01,February 2015,Other UK Airports,CARDIFF WALES,44472,44472,0
2015-02-01,February 2015,Other UK Airports,CITY OF DERRY (EGLINTON),22899,22899,0
2015-02-01,February 2015,Other UK Airports,COVENTRY,0,0,0
2015-02-01,February 2015,Other UK Airports,DONCASTER SHEFFIELD,40675,40675,0
2015-02-01,February 2015,Other UK Airports,DUNDEE,1448,1448,0
2015-02-01,February 2015,Other UK Airports,DURHAM TEES VALLEY,10108,10108,0
2015-02-01,February 2015,Other UK Airports,EAST MIDLANDS INTERNATIONAL,202460,202149,311
2015-02-01,February 2015,Other UK Airports,EDINBURGH,656799,656731,68
2015-02-01,February 2015,Other UK Airports,EXETER,46684,46684,0
2015-02-01,February 2015,London Area Airports,GATWICK,2469609,2468890,719
2015-02-01,February 2015,Other UK Airports,GLASGOW,511080,510718,362
2015-02-01,February 2015,Other UK Airports,GLOUCESTERSHIRE,1012,1012,0
2015-02-01,February 2015,Non UK Reporting Airports,GUERNSEY,57868,55553,2315
2015-02-01,February 2015,London Area Airports,HEATHROW,4955098,4953326,1772
2015-02-01,February 2015,Other UK Airports,HUMBERSIDE,16244,16244,0
2015-02-01,February 2015,Other UK Airports,INVERNESS,48527,48367,160
2015-02-01,February 2015,Other UK Airports,ISLAY,1837,1817,20
2015-02-01,February 2015,Non UK Reporting Airports,ISLE OF MAN,52889,52889,0
2015-02-01,February 2015,Other UK Airports,ISLES OF SCILLY (ST.MARYS),4038,4038,0
2015-02-01,February 2015,Non UK Reporting Airports,JERSEY,90911,89262,1649
2015-02-01,February 2015,Other UK Airports,KIRKWALL,10866,10173,693
2015-02-01,February 2015,Other UK Airports,LANDS END (ST JUST),2824,2796,28
2015-02-01,February 2015,Other UK Airports,LEEDS BRADFORD,164683,162159,2524
2015-02-01,February 2015,Other UK Airports,LERWICK (TINGWALL),92,0,92
2015-02-01,February 2015,Other UK Airports,LIVERPOOL (JOHN LENNON),272021,272021,0
2015-02-01,February 2015,London Area Airports,LONDON CITY,327047,327047,0
2015-02-01,February 2015,London Area Airports,LUTON,686837,686707,130
2015-02-01,February 2015,Other UK Airports,LYDD,36,36,0
2015-02-01,February 2015,Other UK Airports,MANCHESTER,1351743,1348089,3654
2015-02-01,February 2015,Other UK Airports,MANSTON (KENT INT),0,0,0
2015-02-01,February 2015,Other UK Airports,NEWCASTLE,246821,246615,206
2015-02-01,February 2015,Other UK Airports,NEWQUAY,12591,12591,0
2015-02-01,February 2015,Other UK Airports,NORWICH,26283,26283,0
2015-02-01,February 2015,Other UK Airports,OXFORD (KIDLINGTON),122,122,0
2015-02-01,February 2015,Other UK Airports,PRESTWICK,18393,18393,0
2015-02-01,February 2015,Other UK Airports,SCATSTA,23807,23807,0
2015-02-01,February 2015,Other UK Airports,SHOREHAM,32,32,0
2015-02-01,February 2015,Other UK Airports,SOUTHAMPTON,129013,128207,806
2015-02-01,February 2015,London Area Airports,SOUTHEND,63339,63339,0
2015-02-01,February 2015,London Area Airports,STANSTED,1469692,1469273,419
2015-02-01,February 2015,Other UK Airports,STORNOWAY,9586,9412,174
2015-02-01,February 2015,Other UK Airports,SUMBURGH,16239,16143,96
2015-02-01,February 2015,Other UK Airports,TIREE,603,579,24
2015-02-01,February 2015,Other UK Airports,WICK JOHN O GROATS,2626,2291,335
2015-03-01,March 2015,Other UK Airports,ABERDEEN,281553,281553,0
2015-03-01,March 2015,Non UK Reporting Airports,ALDERNEY,4256,4256,0
2015-03-01,March 2015,Other UK Airports,BARRA,594,594,0
2015-03-01,March 2015,Other UK Airports,BELFAST CITY (GEORGE BEST),210413,210413,0
2015-03-01,March 2015,Other UK Airports,BELFAST INTERNATIONAL,331707,331487,220
2015-03-01,March 2015,Other UK Airports,BENBECULA,2629,2629,0
2015-03-01,March 2015,Other UK Airports,BIGGIN HILL,264,264,0
2015-03-01,March 2015,Other UK Airports,BIRMINGHAM,730870,729748,1122
2015-03-01,March 2015,Other UK Airports,BLACKPOOL,1994,1994,0
2015-03-01,March 2015,Other UK Airports,BOURNEMOUTH,27186,27012,174
2015-03-01,March 2015,Other UK Airports,BRISTOL,448061,447614,447
2015-03-01,March 2015,Other UK Airports,CAMBRIDGE,235,235,0
2015-03-01,March 2015,Other UK Airports,CAMPBELTOWN,608,608,0
2015-03-01,March 2015,Other UK Airports,CARDIFF WALES,60508,60508,0
2015-03-01,March 2015,Other UK Airports,CITY OF DERRY (EGLINTON),24140,24140,0
2015-03-01,March 2015,Other UK Airports,COVENTRY,0,0,0
2015-03-01,March 2015,Other UK Airports,DONCASTER SHEFFIELD,48677,48677,0
2015-03-01,March 2015,Other UK Airports,DUNDEE,1386,1386,0
2015-03-01,March 2015,Other UK Airports,DURHAM TEES VALLEY,11996,11979,17
2015-03-01,March 2015,Other UK Airports,EAST MIDLANDS INTERNATIONAL,258473,257968,505
2015-03-01,March 2015,Other UK Airports,EDINBURGH,790242,790235,7
2015-03-01,March 2015,Other UK Airports,EXETER,55107,55107,0
2015-03-01,March 2015,London Area Airports,GATWICK,2958178,2956922,1256
2015-03-01,March 2015,Other UK Airports,GLASGOW,606565,605971,594
2015-03-01,March 2015,Other UK Airports,GLOUCESTERSHIRE,1156,1156,0
2015-03-01,March 2015,Non UK Reporting Airports,GUERNSEY,70293,67427,2866
2015-03-01,March 2015,London Area Airports,HEATHROW,5951061,5949719,1342
2015-03-01,March 2015,Other UK Airports,HUMBERSIDE,17579,17572,7
2015-03-01,March 2015,Other UK Airports,INVERNESS,55995,55828,167
2015-03-01,March 2015,Other UK Airports,ISLAY,2210,2194,16
2015-03-01,March 2015,Non UK Reporting Airports,ISLE OF MAN,61908,61901,7
2015-03-01,March 2015,Other UK Airports,ISLES OF SCILLY (ST.MARYS),5189,5189,0
2015-03-01,March 2015,Non UK Reporting Airports,JERSEY,112421,110606,1815
2015-03-01,March 2015,Other UK Airports,KIRKWALL,12818,11992,826
2015-03-01,March 2015,Other UK Airports,LANDS END (ST JUST),3917,3863,54
2015-03-01,March 2015,Other UK Airports,LEEDS BRADFORD,205718,203245,2473
2015-03-01,March 2015,Other UK Airports,LERWICK (TINGWALL),289,289,0
2015-03-01,March 2015,Other UK Airports,LIVERPOOL (JOHN LENNON),320751,320569,182
2015-03-01,March 2015,London Area Airports,LONDON CITY,378776,378776,0
2015-03-01,March 2015,London Area Airports,LUTON,839319,839316,3
2015-03-01,March 2015,Other UK Airports,LYDD,0,0,0
2015-03-01,March 2015,Other UK Airports,MANCHESTER,1574561,1570488,4073
2015-03-01,March 2015,Other UK Airports,MANSTON (KENT INT),0,0,0
2015-03-01,March 2015,Other UK Airports,NEWCASTLE,300766,300475,291
2015-03-01,March 2015,Other UK Airports,NEWQUAY,16284,16210,74
2015-03-01,March 2015,Other UK Airports,NORWICH,29511,29511,0
2015-03-01,March 2015,Other UK Airports,OXFORD (KIDLINGTON),0,0,0
2015-03-01,March 2015,Other UK Airports,PRESTWICK,24236,24236,0
2015-03-01,March 2015,Other UK Airports,SCATSTA,23972,23972,0
2015-03-01,March 2015,Other UK Airports,SHOREHAM,29,29,0
2015-03-01,March 2015,Other UK Airports,SOUTHAMPTON,148915,147198,1717
2015-03-01,March 2015,London Area Airports,SOUTHEND,74571,74571,0
2015-03-01,March 2015,London Area Airports,STANSTED,1666162,1665751,411
2015-03-01,March 2015,Other UK Airports,STORNOWAY,10614,10397,217
2015-03-01,March 2015,Other UK Airports,SUMBURGH,20913,20776,137
2015-03-01,March 2015,Other UK Airports,TIREE,640,625,15
2015-03-01,March 2015,Other UK Airports,WICK JOHN O GROATS,2114,2054,60
2015-04-01,April 2015,Other UK Airports,ABERDEEN,298203,298196,7
2015-04-01,April 2015,Non UK Reporting Airports,ALDERNEY,4968,4968,0
2015-04-01,April 2015,Other UK Airports,BARRA,699,699,0
2015-04-01,April 2015,Other UK Airports,BELFAST CITY (GEORGE BEST),222410,222410,0
2015-04-01,April 2015,Other UK Airports,BELFAST INTERNATIONAL,340708,340519,189
2015-04-01,April 2015,Other UK Airports,BENBECULA,2516,2516,0
2015-04-01,April 2015,Other UK Airports,BIGGIN HILL,32,32,0
2015-04-01,April 2015,Other UK Airports,BIRMINGHAM,771483,770463,1020
2015-04-01,April 2015,Other UK Airports,BLACKPOOL,3068,3068,0
2015-04-01,April 2015,Other UK Airports,BOURNEMOUTH,52877,52877,0
2015-04-01,April 2015,Other UK Airports,BRISTOL,536549,536175,374
2015-04-01,April 2015,Other UK Airports,CAMBRIDGE,177,177,0
2015-04-01,April 2015,Other UK Airports,CAMPBELTOWN,704,704,0
2015-04-01,April 2015,Other UK Airports,CARDIFF WALES,57138,57131,7
2015-04-01,April 2015,Other UK Airports,CITY OF DERRY (EGLINTON),22875,22875,0
2015-04-01,April 2015,Other UK Airports,COVENTRY,0,0,0
2015-04-01,April 2015,Other UK Airports,DONCASTER SHEFFIELD,55662,55662,0
2015-04-01,April 2015,Other UK Airports,DUNDEE,1539,1508,31
2015-04-01,April 2015,Other UK Airports,DURHAM TEES VALLEY,12230,12208,22
2015-04-01,April 2015,Other UK Airports,EAST MIDLANDS INTERNATIONAL,362412,361807,605
2015-04-01,April 2015,Other UK Airports,EDINBURGH,927707,927707,0
2015-04-01,April 2015,Other UK Airports,EXETER,60348,60237,111
2015-04-01,April 2015,London Area Airports,GATWICK,3180523,3179929,594
2015-04-01,April 2015,Other UK Airports,GLASGOW,665137,664948,189
2015-04-01,April 2015,Other UK Airports,GLOUCESTERSHIRE,1071,1071,0
2015-04-01,April 2015,Non UK Reporting Airports,GUERNSEY,72122,69346,2776
2015-04-01,April 2015,London Area Airports,HEATHROW,6145379,6143510,1869
2015-04-01,April 2015,Other UK Airports,HUMBERSIDE,16858,16785,73
2015-04-01,April 2015,Other UK Airports,INVERNESS,59376,59234,142
2015-04-01,April 2015,Other UK Airports,ISLAY,2417,2393,24
2015-04-01,April 2015,Non UK Reporting Airports,ISLE OF MAN,61945,61905,40
2015-04-01,April 2015,Other UK Airports,ISLES OF SCILLY (ST.MARYS),8781,8781,0
2015-04-01,April 2015,Non UK Reporting Airports,JERSEY,122190,120556,1634
2015-04-01,April 2015,Other UK Airports,KIRKWALL,12761,11802,959
2015-04-01,April 2015,Other UK Airports,LANDS END (ST JUST),2990,2990,0
2015-04-01,April 2015,Other UK Airports,LEEDS BRADFORD,265446,264923,523
2015-04-01,April 2015,Other UK Airports,LERWICK (TINGWALL),337,337,0
2015-04-01,April 2015,Other UK Airports,LIVERPOOL (JOHN LENNON),366865,366026,839
2015-04-01,April 2015,London Area Airports,LONDON CITY,347167,347167,0
2015-04-01,April 2015,London Area Airports,LUTON,989729,989708,21
2015-04-01,April 2015,Other UK Airports,LYDD,41,41,0
2015-04-01,April 2015,Other UK Airports,MANCHESTER,1724804,1720957,3847
2015-04-01,April 2015,Other UK Airports,MANSTON (KENT INT),0,0,0
2015-04-01,April 2015,Other UK Airports,NEWCASTLE,331170,330862,308
2015-04-01,April 2015,Other UK Airports,NEWQUAY,19115,18874,241
2015-04-01,April 2015,Other UK Airports,NORWICH,32385,32380,5
2015-04-01,April 2015,Other UK Airports,OXFORD (KIDLINGTON),0,0,0
2015-04-01,April 2015,Other UK Airports,PRESTWICK,63845,63845,0
2015-04-01,April 2015,Other UK Airports,SCATSTA,26314,26314,0
2015-04-01,April 2015,Other UK Airports,SHOREHAM,24,24,0
2015-04-01,April 2015,Other UK Airports,SOUTHAMPTON,147752,146048,1704
2015-04-01,April 2015,London Area Airports,SOUTHEND,74506,74506,0
2015-04-01,April 2015,London Area Airports,STANSTED,1900625,1900521,104
2015-04-01,April 2015,Other UK Airports,STORNOWAY,10522,10317,205
2015-04-01,April 2015,Other UK Airports,SUMBURGH,21042,20993,49
2015-04-01,April 2015,Other UK Airports,TIREE,682,666,16
2015-04-01,April 2015,Other UK Airports,WICK JOHN O GROATS,1925,1862,63
2015-05-01,May 2015,Other UK Airports,ABERDEEN,297671,297501,170
2015-05-01,May 2015,Non UK Reporting Airports,ALDERNEY,5390,5390,0
2015-05-01,May 2015,Other UK Airports,BARRA,1024,1024,0
2015-05-01,May 2015,Other UK Airports,BELFAST CITY (GEORGE BEST),237893,237893,0
2015-05-01,May 2015,Other UK Airports,BELFAST INTERNATIONAL,393408,393138,270
2015-05-01,May 2015,Other UK Airports,BENBECULA,2727,2713,14
2015-05-01,May 2015,Other UK Airports,BIGGIN HILL,0,0,0
2015-05-01,May 2015,Other UK Airports,BIRMINGHAM,904930,904376,554
2015-05-01,May 2015,Other UK Airports,BLACKPOOL,3032,3032,0
2015-05-01,May 2015,Other UK Airports,BOURNEMOUTH,75771,75607,164
2015-05-01,May 2015,Other UK Airports,BRISTOL,653430,652936,494
2015-05-01,May 2015,Other UK Airports,CAMBRIDGE,775,775,0
2015-05-01,May 2015,Other UK Airports,CAMPBELTOWN,867,867,0
2015-05-01,May 2015,Other UK Airports,CARDIFF WALES,105809,105638,171
2015-05-01,May 2015,Other UK Airports,CITY OF DERRY (EGLINTON),22661,22661,0
2015-05-01,May 2015,Other UK Airports,COVENTRY,0,0,0
2015-05-01,May 2015,Other UK Airports,DONCASTER SHEFFIELD,83372,83243,129
2015-05-01,May 2015,Other UK Airports,DUNDEE,1603,1603,0
2015-05-01,May 2015,Other UK Airports,DURHAM TEES VALLEY,13115,13115,0
2015-05-01,May 2015,Other UK Airports,EAST MIDLANDS INTERNATIONAL,463959,463852,107
2015-05-01,May 2015,Other UK Airports,EDINBURGH,1022749,1022575,174
2015-05-01,May 2015,Other UK Airports,EXETER,80125,80125,0
2015-05-01,May 2015,London Area Airports,GATWICK,3622552,3621807,745
2015-05-01,May 2015,Other UK Airports,GLASGOW,785400,785127,273
2015-05-01,May 2015,Other UK Airports,GLOUCESTERSHIRE,1098,1095,3
2015-05-01,May 2015,Non UK Reporting Airports,GUERNSEY,80299,77209,3090
2015-05-01,May 2015,London Area Airports,HEATHROW,6346632,6342606,4026
2015-05-01,May 2015,Other UK Airports,HUMBERSIDE,19914,19851,63
2015-05-01,May 2015,Other UK Airports,INVERNESS,63062,62969,93
2015-05-01,May 2015,Other UK Airports,ISLAY,3011,2992,19
2015-05-01,May 2015,Non UK Reporting Airports,ISLE OF MAN,69303,69244,59
2015-05-01,May 2015,Other UK Airports,ISLES OF SCILLY (ST.MARYS),10262,10262,0
2015-05-01,May 2015,Non UK Reporting Airports,JERSEY,144034,142126,1908
2015-05-01,May 2015,Other UK Airports,KIRKWALL,14758,13793,965
2015-05-01,May 2015,Other UK Airports,LANDS END (ST JUST),6325,6264,61
2015-05-01,May 2015,Other UK Airports,LEEDS BRADFORD,347461,346992,469
2015-05-01,May 2015,Other UK Airports,LERWICK (TINGWALL),531,531,0
2015-05-01,May 2015,Other UK Airports,LIVERPOOL (JOHN LENNON),399156,399007,149
2015-05-01,May 2015,London Area Airports,LONDON CITY,342176,342176,0
2015-05-01,May 2015,London Area Airports,LUTON,1135770,1135505,265
2015-05-01,May 2015,Other UK Airports,LYDD,106,106,0
2015-05-01,May 2015,Other UK Airports,MANCHESTER,2094765,2091576,3189
2015-05-01,May 2015,Other UK Airports,MANSTON (KENT INT),0,0,0
2015-05-01,May 2015,Other UK Airports,NEWCASTLE,432501,432278,223
2015-05-01,May 2015,Other UK Airports,NEWQUAY,24532,24353,179
2015-05-01,May 2015,Other UK Airports,NORWICH,44346,44346,0
2015-05-01,May 2015,Other UK Airports,OXFORD (KIDLINGTON),35,35,0
2015-05-01,May 2015,Other UK Airports,PRESTWICK,69613,69613,0
2015-05-01,May 2015,Other UK Airports,SCATSTA,23991,23991,0
2015-05-01,May 2015,Other UK Airports,SHOREHAM,27,27,0
2015-05-01,May 2015,Other UK Airports,SOUTHAMPTON,155649,153704,1945
2015-05-01,May 2015,London Area Airports,SOUTHEND,82081,82081,0
2015-05-01,May 2015,London Area Airports,STANSTED,2035947,2035941,6
2015-05-01,May 2015,Other UK Airports,STORNOWAY,11268,11068,200
2015-05-01,May 2015,Other UK Airports,SUMBURGH,21965,21863,102
2015-05-01,May 2015,Other UK Airports,TIREE,751,731,20
2015-05-01,May 2015,Other UK Airports,WICK JOHN O GROATS,2261,2068,193
2015-06-01,June 2015,Other UK Airports,ABERDEEN,320838,320838,0
2015-06-01,June 2015,Non UK Reporting Airports,ALDERNEY,5677,5677,0
2015-06-01,June 2015,Other UK Airports,BARRA,1127,1127,0
2015-06-01,June 2015,Other UK Airports,BELFAST CITY (GEORGE BEST),250190,250190,0
2015-06-01,June 2015,Other UK Airports,BELFAST INTERNATIONAL,428942,428742,200
2015-06-01,June 2015,Other UK Airports,BENBECULA,2988,2981,7
2015-06-01,June 2015,Other UK Airports,BIGGIN HILL,133,133,0
2015-06-01,June 2015,Other UK Airports,BIRMINGHAM,989101,988627,474
2015-06-01,June 2015,Other UK Airports,BLACKPOOL,3746,3746,0
2015-06-01,June 2015,Other UK Airports,BOURNEMOUTH,87139,87139,0
2015-06-01,June 2015,Other UK Airports,BRISTOL,704112,703172,940
2015-06-01,June 2015,Other UK Airports,CAMBRIDGE,990,990,0
2015-06-01,June 2015,Other UK Airports,CAMPBELTOWN,818,818,0
2015-06-01,June 2015,Other UK Airports,CARDIFF WALES,133015,132834,181
2015-06-01,June 2015,Other UK Airports,CITY OF DERRY (EGLINTON),23768,23768,0
2015-06-01,June 2015,Other UK Airports,COVENTRY,0,0,0
2015-06-01,June 2015,Other UK Airports,DONCASTER SHEFFIELD,98305,98238,67
2015-06-01,June 2015,Other UK Airports,DUNDEE,2082,2082,0
2015-06-01,June 2015,Other UK Airports,DURHAM TEES VALLEY,12041,12017,24
2015-06-01,June 2015,Other UK Airports,EAST MIDLANDS INTERNATIONAL,514294,513642,652
2015-06-01,June 2015,Other UK Airports,EDINBURGH,1097272,1097272,0
2015-06-01,June 2015,Other UK Airports,EXETER,91759,91759,0
2015-06-01,June 2015,London Area Airports,GATWICK,3827158,3826422,736
2015-06-01,June 2015,Other UK Airports,GLASGOW,905888,905856,32
2015-06-01,June 2015,Other UK Airports,GLOUCESTERSHIRE,1311,1311,0
2015-06-01,June 2015,Non UK Reporting Airports,GUERNSEY,79739,77240,2499
2015-06-01,June 2015,London Area Airports,HEATHROW,6677803,6674382,3421
2015-06-01,June 2015,Other UK Airports,HUMBERSIDE,21471,21199,272
2015-06-01,June 2015,Other UK Airports,INVERNESS,61536,61375,161
2015-06-01,June 2015,Other UK Airports,ISLAY,3032,2998,34
2015-06-01,June 2015,Non UK Reporting Airports,ISLE OF MAN,82339,82281,58
2015-06-01,June 2015,Other UK Airports,ISLES OF SCILLY (ST.MARYS),11046,11046,0
2015-06-01,June 2015,Non UK Reporting Airports,JERSEY,150030,147982,2048
2015-06-01,June 2015,Other UK Airports,KIRKWALL,15919,15000,919
2015-06-01,June 2015,Other UK Airports,LANDS END (ST JUST),6823,6725,98
2015-06-01,June 2015,Other UK Airports,LEEDS BRADFORD,392941,392412,529
2015-06-01,June 2015,Other UK Airports,LERWICK (TINGWALL),665,665,0
2015-06-01,June 2015,Other UK Airports,LIVERPOOL (JOHN LENNON),393012,392656,356
2015-06-01,June 2015,London Area Airports,LONDON CITY,378804,378804,0
2015-06-01,June 2015,London Area Airports,LUTON,1199471,1199302,169
2015-06-01,June 2015,Other UK Airports,LYDD,288,288,0
2015-06-01,June 2015,Other UK Airports,MANCHESTER,2320417,2316692,3725
2015-06-01,June 2015,Other UK Airports,NEWCASTLE,500909,500634,275
2015-06-01,June 2015,Other UK Airports,NEWQUAY,28206,27983,223
2015-06-01,June 2015,Other UK Airports,NORWICH,48262,48262,0
2015-06-01,June 2015,Other UK Airports,OXFORD (KIDLINGTON),9,9,0
2015-06-01,June 2015,Other UK Airports,PRESTWICK,73924,73913,11
2015-06-01,June 2015,Other UK Airports,SCATSTA,25306,25306,0
2015-06-01,June 2015,Other UK Airports,SHOREHAM,55,55,0
2015-06-01,June 2015,Other UK Airports,SOUTHAMPTON,168623,167322,1301
2015-06-01,June 2015,London Area Airports,SOUTHEND,85380,85380,0
2015-06-01,June 2015,London Area Airports,STANSTED,2037337,2036349,988
2015-06-01,June 2015,Other UK Airports,STORNOWAY,11673,11471,202
2015-06-01,June 2015,Other UK Airports,SUMBURGH,23956,23886,70
2015-06-01,June 2015,Other UK Airports,TIREE,759,728,31
2015-06-01,June 2015,Other UK Airports,WICK JOHN O GROATS,2384,2295,89
2015-07-01,July 2015,Other UK Airports,ABERDEEN,343272,343252,20
2015-07-01,July 2015,Non UK Reporting Airports,ALDERNEY,6763,6763,0
2015-07-01,July 2015,Other UK Airports,BARRA,1449,1449,0
2015-07-01,July 2015,Other UK Airports,BELFAST CITY (GEORGE BEST),268793,268793,0
2015-07-01,July 2015,Other UK Airports,BELFAST INTERNATIONAL,470834,470801,33
2015-07-01,July 2015,Other UK Airports,BENBECULA,3138,3138,0
2015-07-01,July 2015,Other UK Airports,BIGGIN HILL,0,0,0
2015-07-01,July 2015,Other UK Airports,BIRMINGHAM,1071661,1071173,488
2015-07-01,July 2015,Other UK Airports,BLACKPOOL,2706,2706,0
2015-07-01,July 2015,Other UK Airports,BOURNEMOUTH,91455,91455,0
2015-07-01,July 2015,Other UK Airports,BRISTOL,747168,746610,558
2015-07-01,July 2015,Other UK Airports,CAMBRIDGE,543,543,0
2015-07-01,July 2015,Other UK Airports,CAMPBELTOWN,863,863,0
2015-07-01,July 2015,Other UK Airports,CARDIFF WALES,139893,139461,432
2015-07-01,July 2015,Other UK Airports,CITY OF DERRY (EGLINTON),29219,29219,0
2015-07-01,July 2015,Other UK Airports,COVENTRY,0,0,0
2015-07-01,July 2015,Other UK Airports,DONCASTER SHEFFIELD,99435,99435,0
2015-07-01,July 2015,Other UK Airports,DUNDEE,2576,2576,0
2015-07-01,July 2015,Other UK Airports,DURHAM TEES VALLEY,12080,11955,125
2015-07-01,July 2015,Other UK Airports,EAST MIDLANDS INTERNATIONAL,537988,536780,1208
2015-07-01,July 2015,Other UK Airports,EDINBURGH,1214499,1214499,0
2015-07-01,July 2015,Other UK Airports,EXETER,93510,93302,208
2015-07-01,July 2015,London Area Airports,GATWICK,4323762,4322890,872
2015-07-01,July 2015,Other UK Airports,GLASGOW,957156,956786,370
2015-07-01,July 2015,Other UK Airports,GLOUCESTERSHIRE,1216,1216,0
2015-07-01,July 2015,Non UK Reporting Airports,GUERNSEY,87394,84992,2402
2015-07-01,July 2015,London Area Airports,HEATHROW,7294400,7291749,2651
2015-07-01,July 2015,Other UK Airports,HUMBERSIDE,21454,21310,144
2015-07-01,July 2015,Other UK Airports,INVERNESS,65861,65597,264
2015-07-01,July 2015,Other UK Airports,ISLAY,2770,2730,40
2015-07-01,July 2015,Non UK Reporting Airports,ISLE OF MAN,70494,70353,141
2015-07-01,July 2015,Other UK Airports,ISLES OF SCILLY (ST.MARYS),13185,13185,0
2015-07-01,July 2015,Non UK Reporting Airports,JERSEY,172033,169606,2427
2015-07-01,July 2015,Other UK Airports,KIRKWALL,16084,15137,947
2015-07-01,July 2015,Other UK Airports,LANDS END (ST JUST),7944,7903,41
2015-07-01,July 2015,Other UK Airports,LEEDS BRADFORD,435031,434446,585
2015-07-01,July 2015,Other UK Airports,LERWICK (TINGWALL),523,523,0
2015-07-01,July 2015,Other UK Airports,LIVERPOOL (JOHN LENNON),426945,426574,371
2015-07-01,July 2015,London Area Airports,LONDON CITY,406903,406903,0
2015-07-01,July 2015,London Area Airports,LUTON,1319866,1319848,18
2015-07-01,July 2015,Other UK Airports,LYDD,181,181,0
2015-07-01,July 2015,Other UK Airports,MANCHESTER,2557971,2554961,3010
2015-07-01,July 2015,Other UK Airports,NEWCASTLE,537435,537182,253
2015-07-01,July 2015,Other UK Airports,NEWQUAY,33581,33327,254
2015-07-01,July 2015,Other UK Airports,NORWICH,46346,46346,0
2015-07-01,July 2015,Other UK Airports,OXFORD (KIDLINGTON),0,0,0
2015-07-01,July 2015,Other UK Airports,PRESTWICK,87619,87614,5
2015-07-01,July 2015,Other UK Airports,SCATSTA,24230,24230,0
2015-07-01,July 2015,Other UK Airports,SHOREHAM,54,54,0
2015-07-01,July 2015,Other UK Airports,SOUTHAMPTON,185673,184304,1369
2015-07-01,July 2015,London Area Airports,SOUTHEND,93030,93030,0
2015-07-01,July 2015,London Area Airports,STANSTED,2189779,2188526,1253
2015-07-01,July 2015,Other UK Airports,STORNOWAY,11508,11312,196
2015-07-01,July 2015,Other UK Airports,SUMBURGH,25422,25277,145
2015-07-01,July 2015,Other UK Airports,TIREE,1420,1383,37
2015-07-01,July 2015,Other UK Airports,WICK JOHN O GROATS,2083,2064,19
2015-08-01,August 2015,Other UK Airports,ABERDEEN,319316,319316,0
2015-08-01,August 2015,Non UK Reporting Airports,ALDERNEY,7923,7923,0
2015-08-01,August 2015,Other UK Airports,BARRA,1410,1410,0
2015-08-01,August 2015,Other UK Airports,BELFAST CITY (GEORGE BEST),272355,272355,0
2015-08-01,August 2015,Other UK Airports,BELFAST INTERNATIONAL,466732,466607,125
2015-08-01,August 2015,Other UK Airports,BENBECULA,3071,3071,0
2015-08-01,August 2015,Other UK Airports,BIGGIN HILL,73,73,0
2015-08-01,August 2015,Other UK Airports,BIRMINGHAM,1138448,1137891,557
2015-08-01,August 2015,Other UK Airports,BLACKPOOL,3362,3362,0
2015-08-01,August 2015,Other UK Airports,BOURNEMOUTH,99915,99915,0
2015-08-01,August 2015,Other UK Airports,BRISTOL,776246,775994,252
2015-08-01,August 2015,Other UK Airports,CAMBRIDGE,689,689,0
2015-08-01,August 2015,Other UK Airports,CAMPBELTOWN,949,949,0
2015-08-01,August 2015,Other UK Airports,CARDIFF WALES,149086,149086,0
2015-08-01,August 2015,Other UK Airports,CITY OF DERRY (EGLINTON),25531,25531,0
2015-08-01,August 2015,Other UK Airports,COVENTRY,0,0,0
2015-08-01,August 2015,Other UK Airports,DONCASTER SHEFFIELD,102721,102593,128
2015-08-01,August 2015,Other UK Airports,DUNDEE,2265,2265,0
2015-08-01,August 2015,Other UK Airports,DURHAM TEES VALLEY,11958,11839,119
2015-08-01,August 2015,Other UK Airports,EAST MIDLANDS INTERNATIONAL,561213,560992,221
2015-08-01,August 2015,Other UK Airports,EDINBURGH,1157634,1157634,0
2015-08-01,August 2015,Other UK Airports,EXETER,95960,95960,0
2015-08-01,August 2015,London Area Airports,GATWICK,4529722,4529341,381
2015-08-01,August 2015,Other UK Airports,GLASGOW,879161,878119,1042
2015-08-01,August 2015,Other UK Airports,GLOUCESTERSHIRE,1104,1095,9
2015-08-01,August 2015,Non UK Reporting Airports,GUERNSEY,90276,87594,2682
2015-08-01,August 2015,London Area Airports,HEATHROW,7335456,7332843,2613
2015-08-01,August 2015,Other UK Airports,HUMBERSIDE,22140,21996,144
2015-08-01,August 2015,Other UK Airports,INVERNESS,63423,63315,108
2015-08-01,August 2015,Other UK Airports,ISLAY,3027,3002,25
2015-08-01,August 2015,Non UK Reporting Airports,ISLE OF MAN,72840,72718,122
2015-08-01,August 2015,Other UK Airports,ISLES OF SCILLY (ST.MARYS),13324,13324,0
2015-08-01,August 2015,Non UK Reporting Airports,JERSEY,180732,178708,2024
2015-08-01,August 2015,Other UK Airports,KIRKWALL,15118,14101,1017
2015-08-01,August 2015,Other UK Airports,LANDS END (ST JUST),8260,8213,47
2015-08-01,August 2015,Other UK Airports,LEEDS BRADFORD,451794,451603,191
2015-08-01,August 2015,Other UK Airports,LERWICK (TINGWALL),531,531,0
2015-08-01,August 2015,Other UK Airports,LIVERPOOL (JOHN LENNON),465738,465520,218
2015-08-01,August 2015,London Area Airports,LONDON CITY,354496,354496,0
2015-08-01,August 2015,London Area Airports,LUTON,1366896,1366856,40
2015-08-01,August 2015,Other UK Airports,LYDD,184,184,0
2015-08-01,August 2015,Other UK Airports,MANCHESTER,2690006,2686574,3432
2015-08-01,August 2015,Other UK Airports,NEWCASTLE,547760,547485,275
2015-08-01,August 2015,Other UK Airports,NEWQUAY,34154,33910,244
2015-08-01,August 2015,Other UK Airports,NORWICH,50495,50495,0
2015-08-01,August 2015,Other UK Airports,OXFORD (KIDLINGTON),0,0,0
2015-08-01,August 2015,Other UK Airports,PRESTWICK,75085,75077,8
2015-08-01,August 2015,Other UK Airports,SCATSTA,20644,20644,0
2015-08-01,August 2015,Other UK Airports,SHOREHAM,44,44,0
2015-08-01,August 2015,Other UK Airports,SOUTHAMPTON,188558,186816,1742
2015-08-01,August 2015,London Area Airports,SOUTHEND,94202,94188,14
2015-08-01,August 2015,London Area Airports,STANSTED,2231949,2231759,190
2015-08-01,August 2015,Other UK Airports,STORNOWAY,10832,10636,196
2015-08-01,August 2015,Other UK Airports,SUMBURGH,27840,27628,212
2015-08-01,August 2015,Other UK Airports,TIREE,1105,1091,14
2015-08-01,August 2015,Other UK Airports,WICK JOHN O GROATS,1783,1706,77
2015-09-01,September 2015,Other UK Airports,ABERDEEN,321566,321566,0
2015-09-01,September 2015,Non UK Reporting Airports,ALDERNEY,6089,6089,0
2015-09-01,September 2015,Other UK Airports,BARRA,1250,1250,0
2015-09-01,September 2015,Other UK Airports,BELFAST CITY (GEORGE BEST),243667,243667,0
2015-09-01,September 2015,Other UK Airports,BELFAST INTERNATIONAL,415580,415559,21
2015-09-01,September 2015,Other UK Airports,BENBECULA,3008,3008,0
2015-09-01,September 2015,Other UK Airports,BIGGIN HILL,0,0,0
2015-09-01,September 2015,Other UK Airports,BIRMINGHAM,1042637,1042607,30
2015-09-01,September 2015,Other UK Airports,BLACKPOOL,3492,3492,0
2015-09-01,September 2015,Other UK Airports,BOURNEMOUTH,87802,87653,149
2015-09-01,September 2015,Other UK Airports,BRISTOL,712931,712454,477
2015-09-01,September 2015,Other UK Airports,CAMBRIDGE,1102,1102,0
2015-09-01,September 2015,Other UK Airports,CAMPBELTOWN,902,902,0
2015-09-01,September 2015,Other UK Airports,CARDIFF WALES,150832,150130,702
2015-09-01,September 2015,Other UK Airports,CITY OF DERRY (EGLINTON),22137,22137,0
2015-09-01,September 2015,Other UK Airports,COVENTRY,0,0,0
2015-09-01,September 2015,Other UK Airports,DONCASTER SHEFFIELD,94001,94001,0
2015-09-01,September 2015,Other UK Airports,DUNDEE,2133,2133,0
2015-09-01,September 2015,Other UK Airports,DURHAM TEES VALLEY,12570,12570,0
2015-09-01,September 2015,Other UK Airports,EAST MIDLANDS INTERNATIONAL,505863,505642,221
2015-09-01,September 2015,Other UK Airports,EDINBURGH,1072603,1072603,0
2015-09-01,September 2015,Other UK Airports,EXETER,86765,86765,0
2015-09-01,September 2015,London Area Airports,GATWICK,4047639,4046581,1058
2015-09-01,September 2015,Other UK Airports,GLASGOW,895764,895355,409
2015-09-01,September 2015,Other UK Airports,GLOUCESTERSHIRE,1214,1214,0
2015-09-01,September 2015,Non UK Reporting Airports,GUERNSEY,83306,80529,2777
2015-09-01,September 2015,London Area Airports,HEATHROW,6768954,6766069,2885
2015-09-01,September 2015,Other UK Airports,HUMBERSIDE,21425,21375,50
2015-09-01,September 2015,Other UK Airports,INVERNESS,57251,57111,140
2015-09-01,September 2015,Other UK Airports,ISLAY,3141,3124,17
2015-09-01,September 2015,Non UK Reporting Airports,ISLE OF MAN,68243,68103,140
2015-09-01,September 2015,Other UK Airports,ISLES OF SCILLY (ST.MARYS),12554,12554,0
2015-09-01,September 2015,Non UK Reporting Airports,JERSEY,154868,152915,1953
2015-09-01,September 2015,Other UK Airports,KIRKWALL,14543,13702,841
2015-09-01,September 2015,Other UK Airports,LANDS END (ST JUST),7911,7863,48
2015-09-01,September 2015,Other UK Airports,LEEDS BRADFORD,395950,395699,251
2015-09-01,September 2015,Other UK Airports,LERWICK (TINGWALL),440,440,0
2015-09-01,September 2015,Other UK Airports,LIVERPOOL (JOHN LENNON),393921,393069,852
2015-09-01,September 2015,London Area Airports,LONDON CITY,401391,401391,0
2015-09-01,September 2015,London Area Airports,LUTON,1210112,1210105,7
2015-09-01,September 2015,Other UK Airports,LYDD,88,88,0
2015-09-01,September 2015,Other UK Airports,MANCHESTER,2430388,2427811,2577
2015-09-01,September 2015,Other UK Airports,NEWCASTLE,494878,494657,221
2015-09-01,September 2015,Other UK Airports,NEWQUAY,26146,25856,290
2015-09-01,September 2015,Other UK Airports,NORWICH,51620,51620,0
2015-09-01,September 2015,Other UK Airports,OXFORD (KIDLINGTON),0,0,0
2015-09-01,September 2015,Other UK Airports,PRESTWICK,73382,73123,259
2015-09-01,September 2015,Other UK Airports,SCATSTA,21754,21754,0
2015-09-01,September 2015,Other UK Airports,SHOREHAM,56,56,0
2015-09-01,September 2015,Other UK Airports,SOUTHAMPTON,167009,165454,1555
2015-09-01,September 2015,London Area Airports,SOUTHEND,86083,86083,0
2015-09-01,September 2015,London Area Airports,STANSTED,2041734,2041315,419
2015-09-01,September 2015,Other UK Airports,STORNOWAY,11542,11328,214
2015-09-01,September 2015,Other UK Airports,SUMBURGH,27516,27496,20
2015-09-01,September 2015,Other UK Airports,TIREE,953,919,34
2015-09-01,September 2015,Other UK Airports,WICK JOHN O GROATS,2140,2088,52
2015-10-01,October 2015,Other UK Airports,ABERDEEN,300884,300884,0
2015-10-01,October 2015,Non UK Reporting Airports,ALDERNEY,4838,4838,0
2015-10-01,October 2015,Other UK Airports,BARRA,801,801,0
2015-10-01,October 2015,Other UK Airports,BELFAST CITY (GEORGE BEST),238769,238769,0
2015-10-01,October 2015,Other UK Airports,BELFAST INTERNATIONAL,386428,386428,0
2015-10-01,October 2015,Other UK Airports,BENBECULA,2780,2780,0
2015-10-01,October 2015,Other UK Airports,BIRMINGHAM,920484,920335,149
2015-10-01,October 2015,Other UK Airports,BLACKPOOL,2841,2841,0
2015-10-01,October 2015,Other UK Airports,BOURNEMOUTH,79677,79677,0
2015-10-01,October 2015,Other UK Airports,BRISTOL,640720,640190,530
2015-10-01,October 2015,Other UK Airports,CAMBRIDGE,415,415,0
2015-10-01,October 2015,Other UK Airports,CAMPBELTOWN,766,766,0
2015-10-01,October 2015,Other UK Airports,CARDIFF WALES,148357,148212,145
2015-10-01,October 2015,Other UK Airports,CITY OF DERRY (EGLINTON),24401,24401,0
2015-10-01,October 2015,Other UK Airports,COVENTRY,0,0,0
2015-10-01,October 2015,Other UK Airports,DONCASTER SHEFFIELD,81866,81679,187
2015-10-01,October 2015,Other UK Airports,DUNDEE,2114,2114,0
2015-10-01,October 2015,Other UK Airports,DURHAM TEES VALLEY,12134,11996,138
2015-10-01,October 2015,Other UK Airports,EAST MIDLANDS INTERNATIONAL,437206,436903,303
2015-10-01,October 2015,Other UK Airports,EDINBURGH,1002460,1002142,318
2015-10-01,October 2015,Other UK Airports,EXETER,74513,74513,0
2015-10-01,October 2015,London Area Airports,GATWICK,3615567,3615167,400
2015-10-01,October 2015,Other UK Airports,GLASGOW,836088,835600,488
2015-10-01,October 2015,Other UK Airports,GLOUCESTERSHIRE,921,919,2
2015-10-01,October 2015,Non UK Reporting Airports,GUERNSEY,79046,75753,3293
2015-10-01,October 2015,London Area Airports,HEATHROW,6565723,6562401,3322
2015-10-01,October 2015,Other UK Airports,HUMBERSIDE,17868,17786,82
2015-10-01,October 2015,Other UK Airports,INVERNESS,57335,57198,137
2015-10-01,October 2015,Other UK Airports,ISLAY,2764,2729,35
2015-10-01,October 2015,Non UK Reporting Airports,ISLE OF MAN,67900,67817,83
2015-10-01,October 2015,Other UK Airports,ISLES OF SCILLY (ST.MARYS),7354,7354,0
2015-10-01,October 2015,Non UK Reporting Airports,JERSEY,137057,135505,1552
2015-10-01,October 2015,Other UK Airports,KIRKWALL,13757,12620,1137
2015-10-01,October 2015,Other UK Airports,LANDS END (ST JUST),0,0,0
2015-10-01,October 2015,Other UK Airports,LEEDS BRADFORD,328628,328222,406
2015-10-01,October 2015,Other UK Airports,LERWICK (TINGWALL),394,394,0
2015-10-01,October 2015,Other UK Airports,LIVERPOOL (JOHN LENNON),394189,393368,821
2015-10-01,October 2015,London Area Airports,LONDON CITY,408386,408386,0
2015-10-01,October 2015,London Area Airports,LUTON,1149908,1149757,151
2015-10-01,October 2015,Other UK Airports,LYDD,39,39,0
2015-10-01,October 2015,Other UK Airports,MANCHESTER,2087677,2084468,3209
2015-10-01,October 2015,Other UK Airports,NEWCASTLE,413957,413752,205
2015-10-01,October 2015,Other UK Airports,NEWQUAY,19384,19180,204
2015-10-01,October 2015,Other UK Airports,NORWICH,43197,43197,0
2015-10-01,October 2015,Other UK Airports,PRESTWICK,63720,62955,765
2015-10-01,October 2015,Other UK Airports,SCATSTA,16436,16436,0
2015-10-01,October 2015,Other UK Airports,SHOREHAM,16,16,0
2015-10-01,October 2015,Other UK Airports,SOUTHAMPTON,150512,149266,1246
2015-10-01,October 2015,London Area Airports,SOUTHEND,81604,81604,0
2015-10-01,October 2015,London Area Airports,STANSTED,2041592,2041305,287
2015-10-01,October 2015,Other UK Airports,STORNOWAY,11187,11025,162
2015-10-01,October 2015,Other UK Airports,SUMBURGH,28873,28749,124
2015-10-01,October 2015,Other UK Airports,TIREE,880,866,14
2015-10-01,October 2015,Other UK Airports,WICK JOHN O GROATS,1827,1776,51
2015-11-01,November 2015,Other UK Airports,ABERDEEN,246916,246916,0
2015-11-01,November 2015,Non UK Reporting Airports,ALDERNEY,3793,3793,0
2015-11-01,November 2015,Other UK Airports,BARRA,609,609,0
2015-11-01,November 2015,Other UK Airports,BELFAST CITY (GEORGE BEST),200067,200067,0
2015-11-01,November 2015,Other UK Airports,BELFAST INTERNATIONAL,330096,330090,6
2015-11-01,November 2015,Other UK Airports,BENBECULA,2476,2476,0
2015-11-01,November 2015,Other UK Airports,BIGGIN HILL,0,0,0
2015-11-01,November 2015,Other UK Airports,BIRMINGHAM,692408,691205,1203
2015-11-01,November 2015,Other UK Airports,BLACKPOOL,2753,2753,0
2015-11-01,November 2015,Other UK Airports,BOURNEMOUTH,31415,31415,0
2015-11-01,November 2015,Other UK Airports,BRISTOL,412322,411885,437
2015-11-01,November 2015,Other UK Airports,CAMBRIDGE,206,206,0
2015-11-01,November 2015,Other UK Airports,CAMPBELTOWN,560,398,162
2015-11-01,November 2015,Other UK Airports,CARDIFF WALES,65020,65020,0
2015-11-01,November 2015,Other UK Airports,CITY OF DERRY (EGLINTON),25150,25150,0
2015-11-01,November 2015,Other UK Airports,COVENTRY,0,0,0
2015-11-01,November 2015,Other UK Airports,DONCASTER SHEFFIELD,54886,54880,6
2015-11-01,November 2015,Other UK Airports,DUNDEE,1816,1816,0
2015-11-01,November 2015,Other UK Airports,DURHAM TEES VALLEY,11288,11259,29
2015-11-01,November 2015,Other UK Airports,EAST MIDLANDS INTERNATIONAL,220694,220694,0
2015-11-01,November 2015,Other UK Airports,EDINBURGH,793529,793365,164
2015-11-01,November 2015,Other UK Airports,EXETER,46427,46427,0
2015-11-01,November 2015,London Area Airports,GATWICK,2631379,2631045,334
2015-11-01,November 2015,Other UK Airports,GLASGOW,617725,617298,427
2015-11-01,November 2015,Other UK Airports,GLOUCESTERSHIRE,731,731,0
2015-11-01,November 2015,Non UK Reporting Airports,GUERNSEY,69577,66137,3440
2015-11-01,November 2015,London Area Airports,HEATHROW,5585165,5582089,3076
2015-11-01,November 2015,Other UK Airports,HUMBERSIDE,15204,15155,49
2015-11-01,November 2015,Other UK Airports,INVERNESS,48314,48196,118
2015-11-01,November 2015,Other UK Airports,ISLAY,1979,1927,52
2015-11-01,November 2015,Non UK Reporting Airports,ISLE OF MAN,63512,63453,59
2015-11-01,November 2015,Other UK Airports,ISLES OF SCILLY (ST.MARYS),2722,2722,0
2015-11-01,November 2015,Non UK Reporting Airports,JERSEY,103346,101498,1848
2015-11-01,November 2015,Other UK Airports,KIRKWALL,11903,11009,894
2015-11-01,November 2015,Other UK Airports,LANDS END (ST JUST),2104,2085,19
2015-11-01,November 2015,Other UK Airports,LEEDS BRADFORD,163198,163180,18
2015-11-01,November 2015,Other UK Airports,LERWICK (TINGWALL),159,159,0
2015-11-01,November 2015,Other UK Airports,LIVERPOOL (JOHN LENNON),311046,310315,731
2015-11-01,November 2015,London Area Airports,LONDON CITY,354620,354620,0
2015-11-01,November 2015,London Area Airports,LUTON,844944,844913,31
2015-11-01,November 2015,Other UK Airports,LYDD,80,80,0
2015-11-01,November 2015,Other UK Airports,MANCHESTER,1475892,1473511,2381
2015-11-01,November 2015,Other UK Airports,NEWCASTLE,267835,267609,226
2015-11-01,November 2015,Other UK Airports,NEWQUAY,13465,13465,0
2015-11-01,November 2015,Other UK Airports,NORWICH,29828,29828,0
2015-11-01,November 2015,Other UK Airports,OXFORD (KIDLINGTON),0,0,0
2015-11-01,November 2015,Other UK Airports,PRESTWICK,21219,21210,9
2015-11-01,November 2015,Other UK Airports,SCATSTA,14682,14682,0
2015-11-01,November 2015,Other UK Airports,SHOREHAM,41,41,0
2015-11-01,November 2015,Other UK Airports,SOUTHAMPTON,119171,119171,0
2015-11-01,November 2015,London Area Airports,SOUTHEND,51547,51547,0
2015-11-01,November 2015,London Area Airports,STANSTED,1696166,1695793,373
2015-11-01,November 2015,Other UK Airports,STORNOWAY,10337,10137,200
2015-11-01,November 2015,Other UK Airports,SUMBURGH,21874,21674,200
2015-11-01,November 2015,Other UK Airports,TIREE,877,837,40
2015-11-01,November 2015,Other UK Airports,WICK JOHN O GROATS,1791,1791,0
2015-12-01,December 2015,Other UK Airports,ABERDEEN,240984,240984,0
2015-12-01,December 2015,Non UK Reporting Airports,ALDERNEY,3969,3969,0
2015-12-01,December 2015,Other UK Airports,BARRA,728,728,0
2015-12-01,December 2015,Other UK Airports,BELFAST CITY (GEORGE BEST),192865,192865,0
2015-12-01,December 2015,Other UK Airports,BELFAST INTERNATIONAL,315181,315095,86
2015-12-01,December 2015,Other UK Airports,BENBECULA,2383,2383,0
2015-12-01,December 2015,Other UK Airports,BIRMINGHAM,683225,682741,484
2015-12-01,December 2015,Other UK Airports,BLACKPOOL,2764,2764,0
2015-12-01,December 2015,Other UK Airports,BOURNEMOUTH,31421,31421,0
2015-12-01,December 2015,Other UK Airports,BRISTOL,412796,412556,240
2015-12-01,December 2015,Other UK Airports,CAMBRIDGE,224,224,0
2015-12-01,December 2015,Other UK Airports,CAMPBELTOWN,444,393,51
2015-12-01,December 2015,Other UK Airports,CARDIFF WALES,64060,64060,0
2015-12-01,December 2015,Other UK Airports,CITY OF DERRY (EGLINTON),21323,21323,0
2015-12-01,December 2015,Other UK Airports,COVENTRY,0,0,0
2015-12-01,December 2015,Other UK Airports,DONCASTER SHEFFIELD,52475,52475,0
2015-12-01,December 2015,Other UK Airports,DUNDEE,1771,1771,0
2015-12-01,December 2015,Other UK Airports,DURHAM TEES VALLEY,11524,11485,39
2015-12-01,December 2015,Other UK Airports,EAST MIDLANDS INTERNATIONAL,202965,202747,218
2015-12-01,December 2015,Other UK Airports,EDINBURGH,753805,753805,0
2015-12-01,December 2015,Other UK Airports,EXETER,46297,46297,0
2015-12-01,December 2015,London Area Airports,GATWICK,2703428,2702615,813
2015-12-01,December 2015,Other UK Airports,GLASGOW,569048,568775,273
2015-12-01,December 2015,Other UK Airports,GLOUCESTERSHIRE,700,700,0
2015-12-01,December 2015,Non UK Reporting Airports,GUERNSEY,68319,64895,3424
2015-12-01,December 2015,London Area Airports,HEATHROW,5903678,5900859,2819
2015-12-01,December 2015,Other UK Airports,HUMBERSIDE,16217,16187,30
2015-12-01,December 2015,Other UK Airports,INVERNESS,45237,45021,216
2015-12-01,December 2015,Other UK Airports,ISLAY,1499,1458,41
2015-12-01,December 2015,Non UK Reporting Airports,ISLE OF MAN,63215,63180,35
2015-12-01,December 2015,Other UK Airports,ISLES OF SCILLY (ST.MARYS),3408,3408,0
2015-12-01,December 2015,Non UK Reporting Airports,JERSEY,104742,103093,1649
2015-12-01,December 2015,Other UK Airports,KIRKWALL,11471,10631,840
2015-12-01,December 2015,Other UK Airports,LANDS END (ST JUST),2842,2815,27
2015-12-01,December 2015,Other UK Airports,LEEDS BRADFORD,159651,159615,36
2015-12-01,December 2015,Other UK Airports,LERWICK (TINGWALL),165,165,0
2015-12-01,December 2015,Other UK Airports,LIVERPOOL (JOHN LENNON),307256,306874,382
2015-12-01,December 2015,London Area Airports,LONDON CITY,321606,321606,0
2015-12-01,December 2015,London Area Airports,LUTON,864569,864563,6
2015-12-01,December 2015,Other UK Airports,LYDD,82,82,0
2015-12-01,December 2015,Other UK Airports,MANCHESTER,1509743,1506666,3077
2015-12-01,December 2015,Other UK Airports,NEWCASTLE,255391,255245,146
2015-12-01,December 2015,Other UK Airports,NEWQUAY,12942,12942,0
2015-12-01,December 2015,Other UK Airports,NORWICH,30811,30811,0
2015-12-01,December 2015,Other UK Airports,PRESTWICK,20028,19837,191
2015-12-01,December 2015,Other UK Airports,SCATSTA,11706,11706,0
2015-12-01,December 2015,Other UK Airports,SHOREHAM,44,44,0
2015-12-01,December 2015,Other UK Airports,SOUTHAMPTON,118115,118111,4
2015-12-01,December 2015,London Area Airports,SOUTHEND,59004,59004,0
2015-12-01,December 2015,London Area Airports,STANSTED,1706971,1706472,499
2015-12-01,December 2015,Other UK Airports,STORNOWAY,9554,9392,162
2015-12-01,December 2015,Other UK Airports,SUMBURGH,21299,20650,649
2015-12-01,December 2015,Other UK Airports,TIREE,691,655,36
2015-12-01,December 2015,Other UK Airports,WICK JOHN O GROATS,1710,1648,62
2016-01-01,January 2016,Other UK Airports,ABERDEEN,205445,205432,13
2016-01-01,January 2016,Non UK Reporting Airports,ALDERNEY,3306,3306,0
2016-01-01,January 2016,Other UK Airports,BARRA,583,579,4
2016-01-01,January 2016,Other UK Airports,BELFAST CITY (GEORGE BEST),161666,161666,0
2016-01-01,January 2016,Other UK Airports,BELFAST INTERNATIONAL,284821,284750,71
2016-01-01,January 2016,Other UK Airports,BENBECULA,2038,2038,0
2016-01-01,January 2016,Other UK Airports,BIGGIN HILL,0,0,0
2016-01-01,January 2016,Other UK Airports,BIRMINGHAM,667733,667680,53
2016-01-01,January 2016,Other UK Airports,BLACKPOOL,2113,2113,0
2016-01-01,January 2016,Other UK Airports,BOURNEMOUTH,28884,28884,0
2016-01-01,January 2016,Other UK Airports,BRISTOL,408792,408454,338
2016-01-01,January 2016,Other UK Airports,CAMBRIDGE,263,263,0
2016-01-01,January 2016,Other UK Airports,CAMPBELTOWN,450,442,8
2016-01-01,January 2016,Other UK Airports,CARDIFF WALES,59337,59337,0
2016-01-01,January 2016,Other UK Airports,CITY OF DERRY (EGLINTON),20625,20625,0
2016-01-01,January 2016,Other UK Airports,COVENTRY,0,0,0
2016-01-01,January 2016,Other UK Airports,DONCASTER SHEFFIELD,57192,57042,150
2016-01-01,January 2016,Other UK Airports,DUNDEE,1532,1517,15
2016-01-01,January 2016,Other UK Airports,DURHAM TEES VALLEY,9968,9949,19
2016-01-01,January 2016,Other UK Airports,EAST MIDLANDS INTERNATIONAL,191267,190834,433
2016-01-01,January 2016,Other UK Airports,EDINBURGH,699441,699441,0
2016-01-01,January 2016,Other UK Airports,EXETER,42527,42435,92
2016-01-01,January 2016,London Area Airports,GATWICK,2494501,2494494,7
2016-01-01,January 2016,Other UK Airports,GLASGOW,550162,549946,216
2016-01-01,January 2016,Other UK Airports,GLOUCESTERSHIRE,657,657,0
2016-01-01,January 2016,Non UK Reporting Airports,GUERNSEY,54809,52161,2648
2016-01-01,January 2016,London Area Airports,HEATHROW,5508955,5506617,2338
2016-01-01,January 2016,Other UK Airports,HUMBERSIDE,14641,14460,181
2016-01-01,January 2016,Other UK Airports,INVERNESS,41343,41174,169
2016-01-01,January 2016,Other UK Airports,ISLAY,1356,1341,15
2016-01-01,January 2016,Non UK Reporting Airports,ISLE OF MAN,51957,51909,48
2016-01-01,January 2016,Other UK Airports,ISLES OF SCILLY (ST.MARYS),3018,3018,0
2016-01-01,January 2016,Non UK Reporting Airports,JERSEY,84658,83139,1519
2016-01-01,January 2016,Other UK Airports,KIRKWALL,10116,9386,730
2016-01-01,January 2016,Other UK Airports,LANDS END (ST JUST),2462,2456,6
2016-01-01,January 2016,Other UK Airports,LEEDS BRADFORD,150211,150188,23
2016-01-01,January 2016,Other UK Airports,LERWICK (TINGWALL),133,133,0
2016-01-01,January 2016,Other UK Airports,LIVERPOOL (JOHN LENNON),301792,301590,202
2016-01-01,January 2016,London Area Airports,LONDON CITY,297157,297157,0
2016-01-01,January 2016,London Area Airports,LUTON,819245,819232,13
2016-01-01,January 2016,Other UK Airports,LYDD,8,8,0
2016-01-01,January 2016,Other UK Airports,MANCHESTER,1417889,1414994,2895
2016-01-01,January 2016,Other UK Airports,NEWCASTLE,231499,231428,71
2016-01-01,January 2016,Other UK Airports,NEWQUAY,12142,12142,0
2016-01-01,January 2016,Other UK Airports,NORWICH,27773,27773,0
2016-01-01,January 2016,Other UK Airports,OXFORD (KIDLINGTON),4,4,0
2016-01-01,January 2016,Other UK Airports,PRESTWICK,19640,19627,13
2016-01-01,January 2016,Other UK Airports,SCATSTA,13409,13409,0
2016-01-01,January 2016,Other UK Airports,SHOREHAM,62,62,0
2016-01-01,January 2016,Other UK Airports,SOUTHAMPTON,108247,108246,1
2016-01-01,January 2016,London Area Airports,SOUTHEND,55056,55000,56
2016-01-01,January 2016,London Area Airports,STANSTED,1662816,1662106,710
2016-01-01,January 2016,Other UK Airports,STORNOWAY,7907,7785,122
2016-01-01,January 2016,Other UK Airports,SUMBURGH,14306,13716,590
2016-01-01,January 2016,Other UK Airports,TIREE,585,544,41
2016-01-01,January 2016,Other UK Airports,WICK JOHN O GROATS,1508,1457,51
2016-02-01,February 2016,Other UK Airports,ABERDEEN,210915,210915,0
2016-02-01,February 2016,Non UK Reporting Airports,ALDERNEY,3390,3390,0
2016-02-01,February 2016,Other UK Airports,BARRA,783,783,0
2016-02-01,February 2016,Other UK Airports,BELFAST CITY (GEORGE BEST),189049,189049,0
2016-02-01,February 2016,Other UK Airports,BELFAST INTERNATIONAL,328332,328260,72
2016-02-01,February 2016,Other UK Airports,BENBECULA,2498,2470,28
2016-02-01,February 2016,Other UK Airports,BIGGIN HILL,0,0,0
2016-02-01,February 2016,Other UK Airports,BIRMINGHAM,724187,724066,121
2016-02-01,February 2016,Other UK Airports,BLACKPOOL,2525,2525,0
2016-02-01,February 2016,Other UK Airports,BOURNEMOUTH,28408,27815,593
2016-02-01,February 2016,Other UK Airports,BRISTOL,437850,437478,372
2016-02-01,February 2016,Other UK Airports,CAMBRIDGE,328,328,0
2016-02-01,February 2016,Other UK Airports,CAMPBELTOWN,509,466,43
2016-02-01,February 2016,Other UK Airports,CARDIFF WALES,74882,74624,258
2016-02-01,February 2016,Other UK Airports,CITY OF DERRY (EGLINTON),24607,24607,0
2016-02-01,February 2016,Other UK Airports,COVENTRY,0,0,0
2016-02-01,February 2016,Other UK Airports,DONCASTER SHEFFIELD,55339,55277,62
2016-02-01,February 2016,Other UK Airports,DUNDEE,1637,1637,0
2016-02-01,February 2016,Other UK Airports,DURHAM TEES VALLEY,10891,10795,96
2016-02-01,February 2016,Other UK Airports,EAST MIDLANDS INTERNATIONAL,204347,204347,0
2016-02-01,February 2016,Other UK Airports,EDINBURGH,769483,769334,149
2016-02-01,February 2016,Other UK Airports,EXETER,45692,45692,0
2016-02-01,February 2016,London Area Airports,GATWICK,2691848,2691632,216
2016-02-01,February 2016,Other UK Airports,GLASGOW,582628,582573,55
2016-02-01,February 2016,Other UK Airports,GLOUCESTERSHIRE,745,745,0
2016-02-01,February 2016,Non UK Reporting Airports,GUERNSEY,60728,57643,3085
2016-02-01,February 2016,London Area Airports,HEATHROW,5181756,5179340,2416
2016-02-01,February 2016,Other UK Airports,HUMBERSIDE,14557,14500,57
2016-02-01,February 2016,Other UK Airports,INVERNESS,45754,45601,153
2016-02-01,February 2016,Other UK Airports,ISLAY,1651,1609,42
2016-02-01,February 2016,Non UK Reporting Airports,ISLE OF MAN,60175,60146,29
2016-02-01,February 2016,Other UK Airports,ISLES OF SCILLY (ST.MARYS),3699,3699,0
2016-02-01,February 2016,Non UK Reporting Airports,JERSEY,99036,97251,1785
2016-02-01,February 2016,Other UK Airports,KIRKWALL,11353,10517,836
2016-02-01,February 2016,Other UK Airports,LANDS END (ST JUST),3027,3012,15
2016-02-01,February 2016,Other UK Airports,LEEDS BRADFORD,170603,170585,18
2016-02-01,February 2016,Other UK Airports,LERWICK (TINGWALL),144,144,0
2016-02-01,February 2016,Other UK Airports,LIVERPOOL (JOHN LENNON),331651,331430,221
2016-02-01,February 2016,London Area Airports,LONDON CITY,343729,343729,0
2016-02-01,February 2016,London Area Airports,LUTON,877568,877566,2
2016-02-01,February 2016,Other UK Airports,LYDD,54,54,0
2016-02-01,February 2016,Other UK Airports,MANCHESTER,1494055,1492291,1764
2016-02-01,February 2016,Other UK Airports,NEWCASTLE,254359,254222,137
2016-02-01,February 2016,Other UK Airports,NEWQUAY,14108,14108,0
2016-02-01,February 2016,Other UK Airports,NORWICH,27303,27303,0
2016-02-01,February 2016,Other UK Airports,OXFORD (KIDLINGTON),1,1,0
2016-02-01,February 2016,Other UK Airports,PRESTWICK,18123,17943,180
2016-02-01,February 2016,Other UK Airports,SCATSTA,13442,13442,0
2016-02-01,February 2016,Other UK Airports,SHOREHAM,46,46,0
2016-02-01,February 2016,Other UK Airports,SOUTHAMPTON,121815,121741,74
2016-02-01,February 2016,London Area Airports,SOUTHEND,62416,62416,0
2016-02-01,February 2016,London Area Airports,STANSTED,1685621,1685619,2
2016-02-01,February 2016,Other UK Airports,STORNOWAY,9136,8953,183
2016-02-01,February 2016,Other UK Airports,SUMBURGH,14365,14302,63
2016-02-01,February 2016,Other UK Airports,TIREE,806,743,63
2016-02-01,February 2016,Other UK Airports,WICK JOHN O GROATS,1772,1712,60
2016-03-01,March 2016,Other UK Airports,ABERDEEN,236318,236318,0
2016-03-01,March 2016,Non UK Reporting Airports,ALDERNEY,4377,4377,0
2016-03-01,March 2016,Other UK Airports,BARRA,1030,1030,0
2016-03-01,March 2016,Other UK Airports,BELFAST CITY (GEORGE BEST),209386,209386,0
2016-03-01,March 2016,Other UK Airports,BELFAST INTERNATIONAL,370884,370884,0
2016-03-01,March 2016,Other UK Airports,BENBECULA,2561,2561,0
2016-03-01,March 2016,Other UK Airports,BIGGIN HILL,0,0,0
2016-03-01,March 2016,Other UK Airports,BIRMINGHAM,831174,830441,733
2016-03-01,March 2016,Other UK Airports,BLACKPOOL,2781,2781,0
2016-03-01,March 2016,Other UK Airports,BOURNEMOUTH,37191,37191,0
2016-03-01,March 2016,Other UK Airports,BRISTOL,511908,511153,755
2016-03-01,March 2016,Other UK Airports,CAMBRIDGE,0,0,0
2016-03-01,March 2016,Other UK Airports,CAMPBELTOWN,739,739,0
2016-03-01,March 2016,Other UK Airports,CARDIFF WALES,79085,78229,856
2016-03-01,March 2016,Other UK Airports,CITY OF DERRY (EGLINTON),25590,25590,0
2016-03-01,March 2016,Other UK Airports,COVENTRY,0,0,0
2016-03-01,March 2016,Other UK Airports,DONCASTER SHEFFIELD,76115,76115,0
2016-03-01,March 2016,Other UK Airports,DUNDEE,1623,1623,0
2016-03-01,March 2016,Other UK Airports,DURHAM TEES VALLEY,11957,11933,24
2016-03-01,March 2016,Other UK Airports,EAST MIDLANDS INTERNATIONAL,281902,281902,0
2016-03-01,March 2016,Other UK Airports,EDINBURGH,927127,927127,0
2016-03-01,March 2016,Other UK Airports,EXETER,54347,54347,0
2016-03-01,March 2016,London Area Airports,GATWICK,3129350,3128831,519
2016-03-01,March 2016,Other UK Airports,GLASGOW,660129,659487,642
2016-03-01,March 2016,Other UK Airports,GLOUCESTERSHIRE,868,868,0
2016-03-01,March 2016,Non UK Reporting Airports,GUERNSEY,70707,67255,3452
2016-03-01,March 2016,London Area Airports,HEATHROW,6102492,6100214,2278
2016-03-01,March 2016,Other UK Airports,HUMBERSIDE,16125,16095,30
2016-03-01,March 2016,Other UK Airports,INVERNESS,52603,52501,102
2016-03-01,March 2016,Other UK Airports,ISLAY,2116,2094,22
2016-03-01,March 2016,Non UK Reporting Airports,ISLE OF MAN,67031,66985,46
2016-03-01,March 2016,Other UK Airports,ISLES OF SCILLY (ST.MARYS),5670,5670,0
2016-03-01,March 2016,Non UK Reporting Airports,JERSEY,119041,117196,1845
2016-03-01,March 2016,Other UK Airports,KIRKWALL,13040,12054,986
2016-03-01,March 2016,Other UK Airports,LANDS END (ST JUST),4276,4260,16
2016-03-01,March 2016,Other UK Airports,LEEDS BRADFORD,221141,221067,74
2016-03-01,March 2016,Other UK Airports,LERWICK (TINGWALL),318,318,0
2016-03-01,March 2016,Other UK Airports,LIVERPOOL (JOHN LENNON),377393,377380,13
2016-03-01,March 2016,London Area Airports,LONDON CITY,374989,374911,78
2016-03-01,March 2016,London Area Airports,LUTON,1045137,1044561,576
2016-03-01,March 2016,Other UK Airports,LYDD,52,52,0
2016-03-01,March 2016,Other UK Airports,MANCHESTER,1747106,1742556,4550
2016-03-01,March 2016,Other UK Airports,NEWCASTLE,299249,298856,393
2016-03-01,March 2016,Other UK Airports,NEWQUAY,18591,18564,27
2016-03-01,March 2016,Other UK Airports,NORWICH,33565,33565,0
2016-03-01,March 2016,Other UK Airports,OXFORD (KIDLINGTON),8,8,0
2016-03-01,March 2016,Other UK Airports,PRESTWICK,38984,38601,383
2016-03-01,March 2016,Other UK Airports,SCATSTA,14525,14525,0
2016-03-01,March 2016,Other UK Airports,SHOREHAM,57,57,0
2016-03-01,March 2016,Other UK Airports,SOUTHAMPTON,146413,146413,0
2016-03-01,March 2016,London Area Airports,SOUTHEND,69170,69088,82
2016-03-01,March 2016,London Area Airports,STANSTED,1892233,1892102,131
2016-03-01,March 2016,Other UK Airports,STORNOWAY,10117,9931,186
2016-03-01,March 2016,Other UK Airports,SUMBURGH,17448,17002,446
2016-03-01,March 2016,Other UK Airports,TIREE,822,793,29
2016-03-01,March 2016,Other UK Airports,WICK JOHN O GROATS,1917,1898,19
2016-04-01,April 2016,Other UK Airports,ABERDEEN,234486,234486,0
2016-04-01,April 2016,Non UK Reporting Airports,ALDERNEY,4830,4830,0
2016-04-01,April 2016,Other UK Airports,BARRA,1167,1167,0
2016-04-01,April 2016,Other UK Airports,BELFAST CITY (GEORGE BEST),217080,217080,0
2016-04-01,April 2016,Other UK Airports,BELFAST INTERNATIONAL,395461,395461,0
2016-04-01,April 2016,Other UK Airports,BENBECULA,2418,2418,0
2016-04-01,April 2016,Other UK Airports,BIGGIN HILL,104,104,0
2016-04-01,April 2016,Other UK Airports,BIRMINGHAM,873965,873965,0
2016-04-01,April 2016,Other UK Airports,BLACKPOOL,2950,2950,0
2016-04-01,April 2016,Other UK Airports,BOURNEMOUTH,56224,56224,0
2016-04-01,April 2016,Other UK Airports,BRISTOL,600657,600071,586
2016-04-01,April 2016,Other UK Airports,CAMBRIDGE,0,0,0
2016-04-01,April 2016,Other UK Airports,CAMPBELTOWN,608,604,4
2016-04-01,April 2016,Other UK Airports,CARDIFF WALES,80562,80350,212
2016-04-01,April 2016,Other UK Airports,CITY OF DERRY (EGLINTON),22407,22407,0
2016-04-01,April 2016,Other UK Airports,DONCASTER SHEFFIELD,93921,93921,0
2016-04-01,April 2016,Other UK Airports,DUNDEE,1733,1733,0
2016-04-01,April 2016,Other UK Airports,DURHAM TEES VALLEY,10845,10845,0
2016-04-01,April 2016,Other UK Airports,EAST MIDLANDS INTERNATIONAL,381198,380846,352
2016-04-01,April 2016,Other UK Airports,EDINBURGH,1008329,1008329,0
2016-04-01,April 2016,Other UK Airports,EXETER,61885,61885,0
2016-04-01,April 2016,London Area Airports,GATWICK,3278300,3278192,108
2016-04-01,April 2016,Other UK Airports,GLASGOW,721349,721219,130
2016-04-01,April 2016,Other UK Airports,GLOUCESTERSHIRE,1036,1036,0
2016-04-01,April 2016,Non UK Reporting Airports,GUERNSEY,72805,70140,2665
2016-04-01,April 2016,London Area Airports,HEATHROW,6049356,6046944,2412
2016-04-01,April 2016,Other UK Airports,HUMBERSIDE,15008,14995,13
2016-04-01,April 2016,Other UK Airports,INVERNESS,60631,60631,0
2016-04-01,April 2016,Other UK Airports,ISLAY,2446,2411,35
2016-04-01,April 2016,Non UK Reporting Airports,ISLE OF MAN,63879,63817,62
2016-04-01,April 2016,Other UK Airports,ISLES OF SCILLY (ST.MARYS),9874,9874,0
2016-04-01,April 2016,Non UK Reporting Airports,JERSEY,129855,127776,2079
2016-04-01,April 2016,Other UK Airports,KIRKWALL,12851,12003,848
2016-04-01,April 2016,Other UK Airports,LANDS END (ST JUST),6809,6770,39
2016-04-01,April 2016,Other UK Airports,LEEDS BRADFORD,276967,276944,23
2016-04-01,April 2016,Other UK Airports,LERWICK (TINGWALL),374,374,0
2016-04-01,April 2016,Other UK Airports,LIVERPOOL (JOHN LENNON),409869,409869,0
2016-04-01,April 2016,London Area Airports,LONDON CITY,367421,367421,0
2016-04-01,April 2016,London Area Airports,LUTON,1154395,1154360,35
2016-04-01,April 2016,Other UK Airports,LYDD,0,0,0
2016-04-01,April 2016,Other UK Airports,MANCHESTER,0,0,0
2016-04-01,April 2016,Other UK Airports,NEWCASTLE,342573,342442,131
2016-04-01,April 2016,Other UK Airports,NEWQUAY,30553,30422,131
2016-04-01,April 2016,Other UK Airports,NORWICH,36649,36649,0
2016-04-01,April 2016,Other UK Airports,PRESTWICK,67633,67623,10
2016-04-01,April 2016,Other UK Airports,SCATSTA,12047,12047,0
2016-04-01,April 2016,Other UK Airports,SHOREHAM,0,0,0
2016-04-01,April 2016,Other UK Airports,SOUTHAMPTON,145385,145382,3
2016-04-01,April 2016,London Area Airports,SOUTHEND,75873,75873,0
2016-04-01,April 2016,London Area Airports,STANSTED,1961837,1961837,0
2016-04-01,April 2016,Other UK Airports,STORNOWAY,9991,9850,141
2016-04-01,April 2016,Other UK Airports,SUMBURGH,17921,17906,15
2016-04-01,April 2016,Other UK Airports,TIREE,971,927,44
2016-04-01,April 2016,Other UK Airports,WICK JOHN O GROATS,1735,1735,0
2016-05-01,May 2016,Other UK Airports,ABERDEEN,247478,247478,0
2016-05-01,May 2016,Non UK Reporting Airports,ALDERNEY,4764,4764,0
2016-05-01,May 2016,Other UK Airports,BARRA,1277,1277,0
2016-05-01,May 2016,Other UK Airports,BELFAST CITY (GEORGE BEST),242996,242996,0
2016-05-01,May 2016,Other UK Airports,BELFAST INTERNATIONAL,440526,440526,0
2016-05-01,May 2016,Other UK Airports,BENBECULA,2771,2771,0
2016-05-01,May 2016,Other UK Airports,BIGGIN HILL,69,69,0
2016-05-01,May 2016,Other UK Airports,BIRMINGHAM,1007564,1006644,920
2016-05-01,May 2016,Other UK Airports,BLACKPOOL,3215,3215,0
2016-05-01,May 2016,Other UK Airports,BOURNEMOUTH,71045,70994,51
2016-05-01,May 2016,Other UK Airports,BRISTOL,705820,705461,359
2016-05-01,May 2016,Other UK Airports,CAMBRIDGE,0,0,0
2016-05-01,May 2016,Other UK Airports,CAMPBELTOWN,906,906,0
2016-05-01,May 2016,Other UK Airports,CARDIFF WALES,134473,133981,492
2016-05-01,May 2016,Other UK Airports,CITY OF DERRY (EGLINTON),23513,23513,0
2016-05-01,May 2016,Other UK Airports,DONCASTER SHEFFIELD,121303,121230,73
2016-05-01,May 2016,Other UK Airports,DUNDEE,2486,2486,0
2016-05-01,May 2016,Other UK Airports,DURHAM TEES VALLEY,11821,11718,103
2016-05-01,May 2016,Other UK Airports,EAST MIDLANDS INTERNATIONAL,484572,484273,299
2016-05-01,May 2016,Other UK Airports,EDINBURGH,1109212,1108955,257
2016-05-01,May 2016,Other UK Airports,EXETER,80819,80819,0
2016-05-01,May 2016,London Area Airports,GATWICK,3832146,3832121,25
2016-05-01,May 2016,Other UK Airports,GLASGOW,809030,808833,197
2016-05-01,May 2016,Other UK Airports,GLOUCESTERSHIRE,1081,1081,0
2016-05-01,May 2016,Non UK Reporting Airports,GUERNSEY,76141,73538,2603
2016-05-01,May 2016,London Area Airports,HEATHROW,6296571,6292660,3911
2016-05-01,May 2016,Other UK Airports,HUMBERSIDE,17672,17672,0
2016-05-01,May 2016,Other UK Airports,INVERNESS,70891,70746,145
2016-05-01,May 2016,Other UK Airports,ISLAY,3051,3015,36
2016-05-01,May 2016,Non UK Reporting Airports,ISLE OF MAN,67152,67081,71
2016-05-01,May 2016,Other UK Airports,ISLES OF SCILLY (ST.MARYS),10171,10171,0
2016-05-01,May 2016,Non UK Reporting Airports,JERSEY,146484,144448,2036
2016-05-01,May 2016,Other UK Airports,KIRKWALL,15433,14486,947
2016-05-01,May 2016,Other UK Airports,LANDS END (ST JUST),6130,6071,59
2016-05-01,May 2016,Other UK Airports,LEEDS BRADFORD,348098,348043,55
2016-05-01,May 2016,Other UK Airports,LERWICK (TINGWALL),576,576,0
2016-05-01,May 2016,Other UK Airports,LIVERPOOL (JOHN LENNON),440356,440106,250
2016-05-01,May 2016,London Area Airports,LONDON CITY,381619,381619,0
2016-05-01,May 2016,London Area Airports,LUTON,1336339,1336339,0
2016-05-01,May 2016,Other UK Airports,LYDD,0,0,0
2016-05-01,May 2016,Other UK Airports,MANCHESTER,2245675,2243096,2579
2016-05-01,May 2016,Other UK Airports,NEWCASTLE,446791,446629,162
2016-05-01,May 2016,Other UK Airports,NEWQUAY,37983,37828,155
2016-05-01,May 2016,Other UK Airports,NORWICH,48657,48657,0
2016-05-01,May 2016,Other UK Airports,OXFORD (KIDLINGTON),0,0,0
2016-05-01,May 2016,Other UK Airports,PRESTWICK,74542,74422,120
2016-05-01,May 2016,Other UK Airports,SCATSTA,12519,12519,0
2016-05-01,May 2016,Other UK Airports,SHOREHAM,0,0,0
2016-05-01,May 2016,Other UK Airports,SOUTHAMPTON,153629,153629,0
2016-05-01,May 2016,London Area Airports,SOUTHEND,77952,77952,0
2016-05-01,May 2016,London Area Airports,STANSTED,2144491,2144491,0
2016-05-01,May 2016,Other UK Airports,STORNOWAY,10572,10432,140
2016-05-01,May 2016,Other UK Airports,SUMBURGH,23290,23257,33
2016-05-01,May 2016,Other UK Airports,TIREE,1130,1105,25
2016-05-01,May 2016,Other UK Airports,WICK JOHN O GROATS,1886,1886,0
2016-06-01,June 2016,Other UK Airports,ABERDEEN,261215,261215,0
2016-06-01,June 2016,Non UK Reporting Airports,ALDERNEY,4805,4805,0
2016-06-01,June 2016,Other UK Airports,BARRA,1280,1280,0
2016-06-01,June 2016,Other UK Airports,BELFAST CITY (GEORGE BEST),253844,253844,0
2016-06-01,June 2016,Other UK Airports,BELFAST INTERNATIONAL,493631,493631,0
2016-06-01,June 2016,Other UK Airports,BENBECULA,3096,3096,0
2016-06-01,June 2016,Other UK Airports,BIGGIN HILL,41,41,0
2016-06-01,June 2016,Other UK Airports,BIRMINGHAM,1119431,1118023,1408
2016-06-01,June 2016,Other UK Airports,BLACKPOOL,3786,3786,0
2016-06-01,June 2016,Other UK Airports,BOURNEMOUTH,81201,80383,818
2016-06-01,June 2016,Other UK Airports,BRISTOL,774168,773640,528
2016-06-01,June 2016,Other UK Airports,CAMBRIDGE,0,0,0
2016-06-01,June 2016,Other UK Airports,CAMPBELTOWN,865,823,42
2016-06-01,June 2016,Other UK Airports,CARDIFF WALES,156228,155954,274
2016-06-01,June 2016,Other UK Airports,CITY OF DERRY (EGLINTON),24898,24898,0
2016-06-01,June 2016,Other UK Airports,DONCASTER SHEFFIELD,137255,137250,5
2016-06-01,June 2016,Other UK Airports,DUNDEE,4646,4646,0
2016-06-01,June 2016,Other UK Airports,DURHAM TEES VALLEY,12110,11983,127
2016-06-01,June 2016,Other UK Airports,EAST MIDLANDS INTERNATIONAL,553437,552598,839
2016-06-01,June 2016,Other UK Airports,EDINBURGH,1171715,1171715,0
2016-06-01,June 2016,Other UK Airports,EXETER,91062,91062,0
2016-06-01,June 2016,London Area Airports,GATWICK,4151946,4150946,1000
2016-06-01,June 2016,Other UK Airports,GLASGOW,927466,927466,0
2016-06-01,June 2016,Other UK Airports,GLOUCESTERSHIRE,1429,1429,0
2016-06-01,June 2016,Non UK Reporting Airports,GUERNSEY,76942,74458,2484
2016-06-01,June 2016,London Area Airports,HEATHROW,6611080,6607388,3692
2016-06-01,June 2016,Other UK Airports,HUMBERSIDE,19657,19657,0
2016-06-01,June 2016,Other UK Airports,INVERNESS,75862,75670,192
2016-06-01,June 2016,Other UK Airports,ISLAY,2704,2646,58
2016-06-01,June 2016,Non UK Reporting Airports,ISLE OF MAN,79935,79873,62
2016-06-01,June 2016,Other UK Airports,ISLES OF SCILLY (ST.MARYS),9771,9771,0
2016-06-01,June 2016,Non UK Reporting Airports,JERSEY,154199,152314,1885
2016-06-01,June 2016,Other UK Airports,KIRKWALL,16106,15175,931
2016-06-01,June 2016,Other UK Airports,LANDS END (ST JUST),7796,7692,104
2016-06-01,June 2016,Other UK Airports,LEEDS BRADFORD,402470,402421,49
2016-06-01,June 2016,Other UK Airports,LERWICK (TINGWALL),669,669,0
2016-06-01,June 2016,Other UK Airports,LIVERPOOL (JOHN LENNON),436624,436443,181
2016-06-01,June 2016,London Area Airports,LONDON CITY,416488,416488,0
2016-06-01,June 2016,London Area Airports,LUTON,1414347,1413225,1122
2016-06-01,June 2016,Other UK Airports,LYDD,0,0,0
2016-06-01,June 2016,Other UK Airports,MANCHESTER,2531110,2528997,2113
2016-06-01,June 2016,Other UK Airports,NEWCASTLE,524931,524556,375
2016-06-01,June 2016,Other UK Airports,NEWQUAY,42559,42347,212
2016-06-01,June 2016,Other UK Airports,NORWICH,52633,52633,0
2016-06-01,June 2016,Other UK Airports,OXFORD (KIDLINGTON),48,48,0
2016-06-01,June 2016,Other UK Airports,PRESTWICK,81528,81509,19
2016-06-01,June 2016,Other UK Airports,SCATSTA,14393,14393,0
2016-06-01,June 2016,Other UK Airports,SHOREHAM,0,0,0
2016-06-01,June 2016,Other UK Airports,SOUTHAMPTON,181773,181773,0
2016-06-01,June 2016,London Area Airports,SOUTHEND,82746,82746,0
2016-06-01,June 2016,London Area Airports,STANSTED,2189854,2189854,0
2016-06-01,June 2016,Other UK Airports,STORNOWAY,11430,11188,242
2016-06-01,June 2016,Other UK Airports,SUMBURGH,24475,24414,61
2016-06-01,June 2016,Other UK Airports,TIREE,1108,1063,45
2016-06-01,June 2016,Other UK Airports,WICK JOHN O GROATS,1729,1729,0
2016-07-01,July 2016,Other UK Airports,ABERDEEN,290513,290513,0
2016-07-01,July 2016,Non UK Reporting Airports,ALDERNEY,6444,6444,0
2016-07-01,July 2016,Other UK Airports,BARRA,1299,1299,0
2016-07-01,July 2016,Other UK Airports,BELFAST CITY (GEORGE BEST),269179,269179,0
2016-07-01,July 2016,Other UK Airports,BELFAST INTERNATIONAL,532661,532661,0
2016-07-01,July 2016,Other UK Airports,BENBECULA,2990,2990,0
2016-07-01,July 2016,Other UK Airports,BIGGIN HILL,38,38,0
2016-07-01,July 2016,Other UK Airports,BIRMINGHAM,1222584,1222161,423
2016-07-01,July 2016,Other UK Airports,BLACKPOOL,3155,3155,0
2016-07-01,July 2016,Other UK Airports,BOURNEMOUTH,80463,80293,170
2016-07-01,July 2016,Other UK Airports,BRISTOL,833071,832511,560
2016-07-01,July 2016,Other UK Airports,CAMBRIDGE,0,0,0
2016-07-01,July 2016,Other UK Airports,CAMPBELTOWN,768,768,0
2016-07-01,July 2016,Other UK Airports,CARDIFF WALES,163843,163843,0
2016-07-01,July 2016,Other UK Airports,CITY OF DERRY (EGLINTON),28840,28840,0
2016-07-01,July 2016,Other UK Airports,DONCASTER SHEFFIELD,149856,149856,0
2016-07-01,July 2016,Other UK Airports,DUNDEE,5014,5014,0
2016-07-01,July 2016,Other UK Airports,DURHAM TEES VALLEY,11779,11709,70
2016-07-01,July 2016,Other UK Airports,EAST MIDLANDS INTERNATIONAL,570941,570744,197
2016-07-01,July 2016,Other UK Airports,EDINBURGH,1329562,1329562,0
2016-07-01,July 2016,Other UK Airports,EXETER,97318,97170,148
2016-07-01,July 2016,London Area Airports,GATWICK,4621498,4620907,591
2016-07-01,July 2016,Other UK Airports,GLASGOW,1020983,1020470,513
2016-07-01,July 2016,Other UK Airports,GLOUCESTERSHIRE,1217,1199,18
2016-07-01,July 2016,Non UK Reporting Airports,GUERNSEY,85636,82886,2750
2016-07-01,July 2016,London Area Airports,HEATHROW,7445994,7443107,2887
2016-07-01,July 2016,Other UK Airports,HUMBERSIDE,19119,19083,36
2016-07-01,July 2016,Other UK Airports,INVERNESS,82886,82885,1
2016-07-01,July 2016,Other UK Airports,ISLAY,2800,2782,18
2016-07-01,July 2016,Non UK Reporting Airports,ISLE OF MAN,67309,67124,185
2016-07-01,July 2016,Other UK Airports,ISLES OF SCILLY (ST.MARYS),12659,12659,0
2016-07-01,July 2016,Non UK Reporting Airports,JERSEY,180750,178592,2158
2016-07-01,July 2016,Other UK Airports,KIRKWALL,15625,14671,954
2016-07-01,July 2016,Other UK Airports,LANDS END (ST JUST),7389,7317,72
2016-07-01,July 2016,Other UK Airports,LEEDS BRADFORD,442470,442412,58
2016-07-01,July 2016,Other UK Airports,LERWICK (TINGWALL),446,446,0
2016-07-01,July 2016,Other UK Airports,LIVERPOOL (JOHN LENNON),478322,478164,158
2016-07-01,July 2016,London Area Airports,LONDON CITY,423348,423348,0
2016-07-01,July 2016,London Area Airports,LUTON,1544114,1544106,8
2016-07-01,July 2016,Other UK Airports,LYDD,0,0,0
2016-07-01,July 2016,Other UK Airports,MANCHESTER,2821307,2818829,2478
2016-07-01,July 2016,Other UK Airports,NEWCASTLE,568094,567859,235
2016-07-01,July 2016,Other UK Airports,NEWQUAY,50288,50126,162
2016-07-01,July 2016,Other UK Airports,NORWICH,55002,55002,0
2016-07-01,July 2016,Other UK Airports,PRESTWICK,98392,98038,354
2016-07-01,July 2016,Other UK Airports,SCATSTA,12201,12201,0
2016-07-01,July 2016,Other UK Airports,SHOREHAM,0,0,0
2016-07-01,July 2016,Other UK Airports,SOUTHAMPTON,206717,206691,26
2016-07-01,July 2016,London Area Airports,SOUTHEND,89504,89504,0
2016-07-01,July 2016,London Area Airports,STANSTED,2336529,2335762,767
2016-07-01,July 2016,Other UK Airports,STORNOWAY,11261,11136,125
2016-07-01,July 2016,Other UK Airports,SUMBURGH,25622,25551,71
2016-07-01,July 2016,Other UK Airports,TIREE,1405,1392,13
2016-07-01,July 2016,Other UK Airports,WICK JOHN O GROATS,1722,1722,0
2016-08-01,August 2016,Other UK Airports,ABERDEEN,279752,279752,0
2016-08-01,August 2016,Non UK Reporting Airports,ALDERNEY,7648,7648,0
2016-08-01,August 2016,Other UK Airports,BARRA,1334,1334,0
2016-08-01,August 2016,Other UK Airports,BELFAST CITY (GEORGE BEST),278217,278217,0
2016-08-01,August 2016,Other UK Airports,BELFAST INTERNATIONAL,533940,533940,0
2016-08-01,August 2016,Other UK Airports,BENBECULA,3077,3077,0
2016-08-01,August 2016,Other UK Airports,BIGGIN HILL,82,82,0
2016-08-01,August 2016,Other UK Airports,BIRMINGHAM,1287524,1287152,372
2016-08-01,August 2016,Other UK Airports,BLACKPOOL,3626,3626,0
2016-08-01,August 2016,Other UK Airports,BOURNEMOUTH,83784,83784,0
2016-08-01,August 2016,Other UK Airports,BRISTOL,856728,856140,588
2016-08-01,August 2016,Other UK Airports,CAMBRIDGE,0,0,0
2016-08-01,August 2016,Other UK Airports,CAMPBELTOWN,905,905,0
2016-08-01,August 2016,Other UK Airports,CARDIFF WALES,169365,169365,0
2016-08-01,August 2016,Other UK Airports,CITY OF DERRY (EGLINTON),28803,28803,0
2016-08-01,August 2016,Other UK Airports,DONCASTER SHEFFIELD,153736,153736,0
2016-08-01,August 2016,Other UK Airports,DUNDEE,5195,5195,0
2016-08-01,August 2016,Other UK Airports,DURHAM TEES VALLEY,11304,11220,84
2016-08-01,August 2016,Other UK Airports,EAST MIDLANDS INTERNATIONAL,596117,595792,325
2016-08-01,August 2016,Other UK Airports,EDINBURGH,1293777,1293584,193
2016-08-01,August 2016,Other UK Airports,EXETER,101290,101290,0
2016-08-01,August 2016,London Area Airports,GATWICK,4789067,4789067,0
2016-08-01,August 2016,Other UK Airports,GLASGOW,943746,943237,509
2016-08-01,August 2016,Other UK Airports,GLOUCESTERSHIRE,1317,1307,10
2016-08-01,August 2016,Non UK Reporting Airports,GUERNSEY,90179,87212,2967
2016-08-01,August 2016,London Area Airports,HEATHROW,7343916,7338852,5064
2016-08-01,August 2016,Other UK Airports,HUMBERSIDE,19631,19624,7
2016-08-01,August 2016,Other UK Airports,INVERNESS,81668,81668,0
2016-08-01,August 2016,Other UK Airports,ISLAY,2805,2767,38
2016-08-01,August 2016,Non UK Reporting Airports,ISLE OF MAN,71291,71192,99
2016-08-01,August 2016,Other UK Airports,ISLES OF SCILLY (ST.MARYS),13909,13909,0
2016-08-01,August 2016,Non UK Reporting Airports,JERSEY,185612,183285,2327
2016-08-01,August 2016,Other UK Airports,KIRKWALL,15327,14513,814
2016-08-01,August 2016,Other UK Airports,LANDS END (ST JUST),8385,8327,58
2016-08-01,August 2016,Other UK Airports,LEEDS BRADFORD,455485,455453,32
2016-08-01,August 2016,Other UK Airports,LERWICK (TINGWALL),493,493,0
2016-08-01,August 2016,Other UK Airports,LIVERPOOL (JOHN LENNON),497426,497424,2
2016-08-01,August 2016,London Area Airports,LONDON CITY,405045,405045,0
2016-08-01,August 2016,London Area Airports,LUTON,1597640,1596909,731
2016-08-01,August 2016,Other UK Airports,LYDD,155,155,0
2016-08-01,August 2016,Other UK Airports,MANCHESTER,2936417,2933415,3002
2016-08-01,August 2016,Other UK Airports,NEWCASTLE,576177,575687,490
2016-08-01,August 2016,Other UK Airports,NEWQUAY,48005,47837,168
2016-08-01,August 2016,Other UK Airports,NORWICH,55191,55191,0
2016-08-01,August 2016,Other UK Airports,PRESTWICK,77954,77745,209
2016-08-01,August 2016,Other UK Airports,SCATSTA,13727,13727,0
2016-08-01,August 2016,Other UK Airports,SHOREHAM,0,0,0
2016-08-01,August 2016,Other UK Airports,SOUTHAMPTON,218792,218792,0
2016-08-01,August 2016,London Area Airports,SOUTHEND,90480,90480,0
2016-08-01,August 2016,London Area Airports,STANSTED,2494709,2494709,0
2016-08-01,August 2016,Other UK Airports,STORNOWAY,11902,11739,163
2016-08-01,August 2016,Other UK Airports,SUMBURGH,25181,25103,78
2016-08-01,August 2016,Other UK Airports,TIREE,1225,1186,39
2016-08-01,August 2016,Other UK Airports,WICK JOHN O GROATS,1568,1568,0
2016-09-01,September 2016,Other UK Airports,ABERDEEN,270027,270027,0
2016-09-01,September 2016,Non UK Reporting Airports,ALDERNEY,5870,5870,0
2016-09-01,September 2016,Other UK Airports,BARRA,1271,1271,0
2016-09-01,September 2016,Other UK Airports,BELFAST CITY (GEORGE BEST),244550,244550,0
2016-09-01,September 2016,Other UK Airports,BELFAST INTERNATIONAL,488356,488356,0
2016-09-01,September 2016,Other UK Airports,BENBECULA,2889,2889,0
2016-09-01,September 2016,Other UK Airports,BIGGIN HILL,148,148,0
2016-09-01,September 2016,Other UK Airports,BIRMINGHAM,1208581,1208286,295
2016-09-01,September 2016,Other UK Airports,BLACKPOOL,3448,3448,0
2016-09-01,September 2016,Other UK Airports,BOURNEMOUTH,72106,71976,130
2016-09-01,September 2016,Other UK Airports,BRISTOL,784705,784073,632
2016-09-01,September 2016,Other UK Airports,CAMBRIDGE,0,0,0
2016-09-01,September 2016,Other UK Airports,CAMPBELTOWN,839,839,0
2016-09-01,September 2016,Other UK Airports,CARDIFF WALES,154721,154721,0
2016-09-01,September 2016,Other UK Airports,CITY OF DERRY (EGLINTON),25504,25504,0
2016-09-01,September 2016,Other UK Airports,DONCASTER SHEFFIELD,135812,135812,0
2016-09-01,September 2016,Other UK Airports,DUNDEE,4995,4995,0
2016-09-01,September 2016,Other UK Airports,DURHAM TEES VALLEY,11837,11690,147
2016-09-01,September 2016,Other UK Airports,EAST MIDLANDS INTERNATIONAL,538775,538775,0
2016-09-01,September 2016,Other UK Airports,EDINBURGH,1189853,1189853,0
2016-09-01,September 2016,Other UK Airports,EXETER,89742,89742,0
2016-09-01,September 2016,London Area Airports,GATWICK,4327794,4326467,1327
2016-09-01,September 2016,Other UK Airports,GLASGOW,933957,933698,259
2016-09-01,September 2016,Other UK Airports,GLOUCESTERSHIRE,1288,1282,6
2016-09-01,September 2016,Non UK Reporting Airports,GUERNSEY,82699,79858,2841
2016-09-01,September 2016,London Area Airports,HEATHROW,6797770,6792603,5167
2016-09-01,September 2016,Other UK Airports,HUMBERSIDE,20641,20641,0
2016-09-01,September 2016,Other UK Airports,INVERNESS,76539,76529,10
2016-09-01,September 2016,Other UK Airports,ISLAY,2912,2885,27
2016-09-01,September 2016,Non UK Reporting Airports,ISLE OF MAN,66452,66366,86
2016-09-01,September 2016,Other UK Airports,ISLES OF SCILLY (ST.MARYS),11340,11340,0
2016-09-01,September 2016,Non UK Reporting Airports,JERSEY,162151,160166,1985
2016-09-01,September 2016,Other UK Airports,KIRKWALL,14392,13516,876
2016-09-01,September 2016,Other UK Airports,LANDS END (ST JUST),6977,6898,79
2016-09-01,September 2016,Other UK Airports,LEEDS BRADFORD,410217,409998,219
2016-09-01,September 2016,Other UK Airports,LERWICK (TINGWALL),436,436,0
2016-09-01,September 2016,Other UK Airports,LIVERPOOL (JOHN LENNON),430871,430768,103
2016-09-01,September 2016,London Area Airports,LONDON CITY,409026,409026,0
2016-09-01,September 2016,London Area Airports,LUTON,1420648,1420435,213
2016-09-01,September 2016,Other UK Airports,LYDD,88,88,0
2016-09-01,September 2016,Other UK Airports,MANCHESTER,2672335,2670483,1852
2016-09-01,September 2016,Other UK Airports,NEWCASTLE,528660,528357,303
2016-09-01,September 2016,Other UK Airports,NEWQUAY,41243,41042,201
2016-09-01,September 2016,Other UK Airports,NORWICH,54605,54605,0
2016-09-01,September 2016,Other UK Airports,PRESTWICK,75715,75695,20
2016-09-01,September 2016,Other UK Airports,SCATSTA,13749,13749,0
2016-09-01,September 2016,Other UK Airports,SHOREHAM,0,0,0
2016-09-01,September 2016,Other UK Airports,SOUTHAMPTON,192251,192251,0
2016-09-01,September 2016,London Area Airports,SOUTHEND,81775,81775,0
2016-09-01,September 2016,London Area Airports,STANSTED,2184426,2184426,0
2016-09-01,September 2016,Other UK Airports,STORNOWAY,11945,11734,211
2016-09-01,September 2016,Other UK Airports,SUMBURGH,24450,24450,0
2016-09-01,September 2016,Other UK Airports,TIREE,1059,1039,20
2016-09-01,September 2016,Other UK Airports,WICK JOHN O GROATS,1649,1649,0
2016-10-01,October 2016,Other UK Airports,ABERDEEN,269266,269266,0
2016-10-01,October 2016,Non UK Reporting Airports,ALDERNEY,4884,4884,0
2016-10-01,October 2016,Other UK Airports,BARRA,1173,1173,0
2016-10-01,October 2016,Other UK Airports,BELFAST CITY (GEORGE BEST),226071,226071,0
2016-10-01,October 2016,Other UK Airports,BELFAST INTERNATIONAL,445986,445986,0
2016-10-01,October 2016,Other UK Airports,BENBECULA,3068,3068,0
2016-10-01,October 2016,Other UK Airports,BIGGIN HILL,15,15,0
2016-10-01,October 2016,Other UK Airports,BIRMINGHAM,1075392,1074337,1055
2016-10-01,October 2016,Other UK Airports,BLACKPOOL,3291,3291,0
2016-10-01,October 2016,Other UK Airports,BOURNEMOUTH,68915,68915,0
2016-10-01,October 2016,Other UK Airports,BRISTOL,716834,716151,683
2016-10-01,October 2016,Other UK Airports,CAMBRIDGE,0,0,0
2016-10-01,October 2016,Other UK Airports,CAMPBELTOWN,795,795,0
2016-10-01,October 2016,Other UK Airports,CARDIFF WALES,129419,129059,360
2016-10-01,October 2016,Other UK Airports,CITY OF DERRY (EGLINTON),23993,23993,0
2016-10-01,October 2016,Other UK Airports,DONCASTER SHEFFIELD,117155,117155,0
2016-10-01,October 2016,Other UK Airports,DUNDEE,4601,4601,0
2016-10-01,October 2016,Other UK Airports,DURHAM TEES VALLEY,10476,10423,53
2016-10-01,October 2016,Other UK Airports,EAST MIDLANDS INTERNATIONAL,462650,462650,0
2016-10-01,October 2016,Other UK Airports,EDINBURGH,1128158,1128158,0
2016-10-01,October 2016,Other UK Airports,EXETER,77911,77911,0
2016-10-01,October 2016,London Area Airports,GATWICK,3870485,3870376,109
2016-10-01,October 2016,Other UK Airports,GLASGOW,884149,883942,207
2016-10-01,October 2016,Other UK Airports,GLOUCESTERSHIRE,1021,1019,2
2016-10-01,October 2016,Non UK Reporting Airports,GUERNSEY,74873,71964,2909
2016-10-01,October 2016,London Area Airports,HEATHROW,6485102,6480439,4663
2016-10-01,October 2016,Other UK Airports,HUMBERSIDE,16707,16702,5
2016-10-01,October 2016,Other UK Airports,INVERNESS,77726,77726,0
2016-10-01,October 2016,Other UK Airports,ISLAY,2775,2747,28
2016-10-01,October 2016,Non UK Reporting Airports,ISLE OF MAN,67685,67600,85
2016-10-01,October 2016,Other UK Airports,ISLES OF SCILLY (ST.MARYS),8199,8199,0
2016-10-01,October 2016,Non UK Reporting Airports,JERSEY,142647,140939,1708
2016-10-01,October 2016,Other UK Airports,KIRKWALL,14456,13471,985
2016-10-01,October 2016,Other UK Airports,LANDS END (ST JUST),5822,5817,5
2016-10-01,October 2016,Other UK Airports,LEEDS BRADFORD,339906,339855,51
2016-10-01,October 2016,Other UK Airports,LERWICK (TINGWALL),473,473,0
2016-10-01,October 2016,Other UK Airports,LIVERPOOL (JOHN LENNON),419968,419968,0
2016-10-01,October 2016,London Area Airports,LONDON CITY,392232,392232,0
2016-10-01,October 2016,London Area Airports,LUTON,1382010,1381533,477
2016-10-01,October 2016,Other UK Airports,LYDD,66,66,0
2016-10-01,October 2016,Other UK Airports,MANCHESTER,2333706,2330284,3422
2016-10-01,October 2016,Other UK Airports,NEWCASTLE,439289,439199,90
2016-10-01,October 2016,Other UK Airports,NEWQUAY,34305,34118,187
2016-10-01,October 2016,Other UK Airports,NORWICH,45698,45698,0
2016-10-01,October 2016,Other UK Airports,OXFORD (KIDLINGTON),322,322,0
2016-10-01,October 2016,Other UK Airports,PRESTWICK,69308,69060,248
2016-10-01,October 2016,Other UK Airports,SCATSTA,13460,13460,0
2016-10-01,October 2016,Other UK Airports,SHOREHAM,0,0,0
2016-10-01,October 2016,Other UK Airports,SOUTHAMPTON,174013,174013,0
2016-10-01,October 2016,London Area Airports,SOUTHEND,82419,82419,0
2016-10-01,October 2016,London Area Airports,STANSTED,2170884,2170884,0
2016-10-01,October 2016,Other UK Airports,STORNOWAY,12052,11844,208
2016-10-01,October 2016,Other UK Airports,SUMBURGH,23750,23750,0
2016-10-01,October 2016,Other UK Airports,TIREE,843,826,17
2016-10-01,October 2016,Other UK Airports,WICK JOHN O GROATS,1600,1600,0
2016-11-01,November 2016,Other UK Airports,ABERDEEN,222714,222714,0
2016-11-01,November 2016,Non UK Reporting Airports,ALDERNEY,3465,3465,0
2016-11-01,November 2016,Other UK Airports,BARRA,764,756,8
2016-11-01,November 2016,Other UK Airports,BELFAST CITY (GEORGE BEST),192271,192271,0
2016-11-01,November 2016,Other UK Airports,BELFAST INTERNATIONAL,411441,411437,4
2016-11-01,November 2016,Other UK Airports,BENBECULA,2541,2541,0
2016-11-01,November 2016,Other UK Airports,BIGGIN HILL,85,85,0
2016-11-01,November 2016,Other UK Airports,BIRMINGHAM,779669,779306,363
2016-11-01,November 2016,Other UK Airports,BLACKPOOL,2887,2887,0
2016-11-01,November 2016,Other UK Airports,BOURNEMOUTH,27903,27903,0
2016-11-01,November 2016,Other UK Airports,BRISTOL,472660,471978,682
2016-11-01,November 2016,Other UK Airports,CAMBRIDGE,0,0,0
2016-11-01,November 2016,Other UK Airports,CAMPBELTOWN,659,655,4
2016-11-01,November 2016,Other UK Airports,CARDIFF WALES,72504,72011,493
2016-11-01,November 2016,Other UK Airports,CITY OF DERRY (EGLINTON),21106,21106,0
2016-11-01,November 2016,Other UK Airports,DONCASTER SHEFFIELD,76426,76401,25
2016-11-01,November 2016,Other UK Airports,DUNDEE,2448,2448,0
2016-11-01,November 2016,Other UK Airports,DURHAM TEES VALLEY,9517,9413,104
2016-11-01,November 2016,Other UK Airports,EAST MIDLANDS INTERNATIONAL,185225,185225,0
2016-11-01,November 2016,Other UK Airports,EDINBURGH,859574,859574,0
2016-11-01,November 2016,Other UK Airports,EXETER,52365,52365,0
2016-11-01,November 2016,London Area Airports,GATWICK,2824466,2824224,242
2016-11-01,November 2016,Other UK Airports,GLASGOW,666148,666148,0
2016-11-01,November 2016,Other UK Airports,GLOUCESTERSHIRE,904,904,0
2016-11-01,November 2016,Non UK Reporting Airports,GUERNSEY,65243,62255,2988
2016-11-01,November 2016,London Area Airports,HEATHROW,5722485,5720478,2007
2016-11-01,November 2016,Other UK Airports,HUMBERSIDE,13940,13935,5
2016-11-01,November 2016,Other UK Airports,INVERNESS,58846,58846,0
2016-11-01,November 2016,Other UK Airports,ISLAY,2123,2097,26
2016-11-01,November 2016,Non UK Reporting Airports,ISLE OF MAN,62253,62179,74
2016-11-01,November 2016,Other UK Airports,ISLES OF SCILLY (ST.MARYS),3428,3428,0
2016-11-01,November 2016,Non UK Reporting Airports,JERSEY,104961,103180,1781
2016-11-01,November 2016,Other UK Airports,KIRKWALL,12222,11497,725
2016-11-01,November 2016,Other UK Airports,LANDS END (ST JUST),2890,2843,47
2016-11-01,November 2016,Other UK Airports,LEEDS BRADFORD,196673,196616,57
2016-11-01,November 2016,Other UK Airports,LERWICK (TINGWALL),224,224,0
2016-11-01,November 2016,Other UK Airports,LIVERPOOL (JOHN LENNON),315215,315174,41
2016-11-01,November 2016,London Area Airports,LONDON CITY,404154,404154,0
2016-11-01,November 2016,London Area Airports,LUTON,963628,963628,0
2016-11-01,November 2016,Other UK Airports,LYDD,25,25,0
2016-11-01,November 2016,Other UK Airports,MANCHESTER,1704620,1699265,5355
2016-11-01,November 2016,Other UK Airports,NEWCASTLE,293411,293305,106
2016-11-01,November 2016,Other UK Airports,NEWQUAY,20746,20736,10
2016-11-01,November 2016,Other UK Airports,NORWICH,35497,35497,0
2016-11-01,November 2016,Other UK Airports,PRESTWICK,26337,26327,10
2016-11-01,November 2016,Other UK Airports,SCATSTA,14479,14479,0
2016-11-01,November 2016,Other UK Airports,SHOREHAM,0,0,0
2016-11-01,November 2016,Other UK Airports,SOUTHAMPTON,150592,150582,10
2016-11-01,November 2016,London Area Airports,SOUTHEND,50816,50816,0
2016-11-01,November 2016,London Area Airports,STANSTED,1739644,1739644,0
2016-11-01,November 2016,Other UK Airports,STORNOWAY,10609,10338,271
2016-11-01,November 2016,Other UK Airports,SUMBURGH,19679,19679,0
2016-11-01,November 2016,Other UK Airports,TIREE,804,785,19
2016-11-01,November 2016,Other UK Airports,WICK JOHN O GROATS,1569,1564,5
2016-12-01,December 2016,Other UK Airports,ABERDEEN,227228,227228,0
2016-12-01,December 2016,Non UK Reporting Airports,ALDERNEY,3812,3812,0
2016-12-01,December 2016,Other UK Airports,BARRA,859,859,0
2016-12-01,December 2016,Other UK Airports,BELFAST CITY (GEORGE BEST),180830,180830,0
2016-12-01,December 2016,Other UK Airports,BELFAST INTERNATIONAL,421507,421507,0
2016-12-01,December 2016,Other UK Airports,BENBECULA,2520,2520,0
2016-12-01,December 2016,Other UK Airports,BIGGIN HILL,45,45,0
2016-12-01,December 2016,Other UK Airports,BIRMINGHAM,847530,847338,192
2016-12-01,December 2016,Other UK Airports,BLACKPOOL,2492,2492,0
2016-12-01,December 2016,Other UK Airports,BOURNEMOUTH,31857,31857,0
2016-12-01,December 2016,Other UK Airports,BRISTOL,507587,507037,550
2016-12-01,December 2016,Other UK Airports,CAMBRIDGE,0,0,0
2016-12-01,December 2016,Other UK Airports,CAMPBELTOWN,530,530,0
2016-12-01,December 2016,Other UK Airports,CARDIFF WALES,73064,72799,265
2016-12-01,December 2016,Other UK Airports,CITY OF DERRY (EGLINTON),20785,20785,0
2016-12-01,December 2016,Other UK Airports,DONCASTER SHEFFIELD,81797,81797,0
2016-12-01,December 2016,Other UK Airports,DUNDEE,1737,1737,0
2016-12-01,December 2016,Other UK Airports,DURHAM TEES VALLEY,9864,9809,55
2016-12-01,December 2016,Other UK Airports,EAST MIDLANDS INTERNATIONAL,203387,203387,0
2016-12-01,December 2016,Other UK Airports,EDINBURGH,862194,862194,0
2016-12-01,December 2016,Other UK Airports,EXETER,52414,52414,0
2016-12-01,December 2016,London Area Airports,GATWICK,3108227,3107631,596
2016-12-01,December 2016,Other UK Airports,GLASGOW,627446,627076,370
2016-12-01,December 2016,Other UK Airports,GLOUCESTERSHIRE,802,802,0
2016-12-01,December 2016,Non UK Reporting Airports,GUERNSEY,63356,60347,3009
2016-12-01,December 2016,London Area Airports,HEATHROW,6165653,6163221,2432
2016-12-01,December 2016,Other UK Airports,HUMBERSIDE,13952,13915,37
2016-12-01,December 2016,Other UK Airports,INVERNESS,58268,58268,0
2016-12-01,December 2016,Other UK Airports,ISLAY,1600,1579,21
2016-12-01,December 2016,Non UK Reporting Airports,ISLE OF MAN,66532,66489,43
2016-12-01,December 2016,Other UK Airports,ISLES OF SCILLY (ST.MARYS),3330,3330,0
2016-12-01,December 2016,Non UK Reporting Airports,JERSEY,105311,103690,1621
2016-12-01,December 2016,Other UK Airports,KIRKWALL,12108,11438,670
2016-12-01,December 2016,Other UK Airports,LANDS END (ST JUST),2841,2829,12
2016-12-01,December 2016,Other UK Airports,LEEDS BRADFORD,197876,197876,0
2016-12-01,December 2016,Other UK Airports,LERWICK (TINGWALL),152,152,0
2016-12-01,December 2016,Other UK Airports,LIVERPOOL (JOHN LENNON),339452,338680,772
2016-12-01,December 2016,London Area Airports,LONDON CITY,323605,323605,0
2016-12-01,December 2016,London Area Airports,LUTON,1090548,1090388,160
2016-12-01,December 2016,Other UK Airports,LYDD,61,61,0
2016-12-01,December 2016,Other UK Airports,MANCHESTER,1810174,1804517,5657
2016-12-01,December 2016,Other UK Airports,NEWCASTLE,302873,302418,455
2016-12-01,December 2016,Other UK Airports,NEWQUAY,20977,20977,0
2016-12-01,December 2016,Other UK Airports,NORWICH,33434,33434,0
2016-12-01,December 2016,Other UK Airports,PRESTWICK,25076,25071,5
2016-12-01,December 2016,Other UK Airports,SCATSTA,14149,14149,0
2016-12-01,December 2016,Other UK Airports,SHOREHAM,0,0,0
2016-12-01,December 2016,Other UK Airports,SOUTHAMPTON,147425,147425,0
2016-12-01,December 2016,London Area Airports,SOUTHEND,56342,56342,0
2016-12-01,December 2016,London Area Airports,STANSTED,1852721,1852655,66
2016-12-01,December 2016,Other UK Airports,STORNOWAY,9598,9408,190
2016-12-01,December 2016,Other UK Airports,SUMBURGH,19920,19920,0
2016-12-01,December 2016,Other UK Airports,TIREE,864,807,57
2016-12-01,December 2016,Other UK Airports,WICK JOHN O GROATS,1503,1501,2
2017-01-01,January 2017,Other UK Airports,ABERDEEN,203983,203983,0
2017-01-01,January 2017,Non UK Reporting Airports,ALDERNEY,2974,2974,0
2017-01-01,January 2017,Other UK Airports,BARRA,807,807,0
2017-01-01,January 2017,Other UK Airports,BELFAST CITY (GEORGE BEST),158993,158993,0
2017-01-01,January 2017,Other UK Airports,BELFAST INTERNATIONAL,379352,379352,0
2017-01-01,January 2017,Other UK Airports,BENBECULA,2058,2058,0
2017-01-01,January 2017,Other UK Airports,BIGGIN HILL,69,69,0
2017-01-01,January 2017,Other UK Airports,BIRMINGHAM,776646,776379,267
2017-01-01,January 2017,Other UK Airports,BLACKPOOL,2235,2235,0
2017-01-01,January 2017,Other UK Airports,BOURNEMOUTH,33006,33006,0
2017-01-01,January 2017,Other UK Airports,BRISTOL,473900,473443,457
2017-01-01,January 2017,Other UK Airports,CAMBRIDGE,0,0,0
2017-01-01,January 2017,Other UK Airports,CAMPBELTOWN,560,554,6
2017-01-01,January 2017,Other UK Airports,CARDIFF WALES,65590,65590,0
2017-01-01,January 2017,Other UK Airports,CITY OF DERRY (EGLINTON),19692,19692,0
2017-01-01,January 2017,Other UK Airports,DONCASTER SHEFFIELD,79683,79683,0
2017-01-01,January 2017,Other UK Airports,DUNDEE,1360,1360,0
2017-01-01,January 2017,Other UK Airports,DURHAM TEES VALLEY,9083,9041,42
2017-01-01,January 2017,Other UK Airports,EAST MIDLANDS INTERNATIONAL,219000,219000,0
2017-01-01,January 2017,Other UK Airports,EDINBURGH,781072,781072,0
2017-01-01,January 2017,Other UK Airports,EXETER,45531,45531,0
2017-01-01,January 2017,London Area Airports,GATWICK,2797942,2797888,54
2017-01-01,January 2017,Other UK Airports,GLASGOW,597422,597301,121
2017-01-01,January 2017,Other UK Airports,GLOUCESTERSHIRE,643,643,0
2017-01-01,January 2017,Non UK Reporting Airports,GUERNSEY,50458,48016,2442
2017-01-01,January 2017,London Area Airports,HEATHROW,5742157,5739190,2967
2017-01-01,January 2017,Other UK Airports,HUMBERSIDE,13216,13120,96
2017-01-01,January 2017,Other UK Airports,INVERNESS,50110,50110,0
2017-01-01,January 2017,Other UK Airports,ISLAY,1523,1498,25
2017-01-01,January 2017,Non UK Reporting Airports,ISLE OF MAN,54046,54001,45
2017-01-01,January 2017,Other UK Airports,ISLES OF SCILLY (ST.MARYS),2678,2678,0
2017-01-01,January 2017,Non UK Reporting Airports,JERSEY,86617,85083,1534
2017-01-01,January 2017,Other UK Airports,KIRKWALL,9820,9248,572
2017-01-01,January 2017,Other UK Airports,LANDS END (ST JUST),2262,2243,19
2017-01-01,January 2017,Other UK Airports,LEEDS BRADFORD,175255,175223,32
2017-01-01,January 2017,Other UK Airports,LERWICK (TINGWALL),123,123,0
2017-01-01,January 2017,Other UK Airports,LIVERPOOL (JOHN LENNON),317262,317121,141
2017-01-01,January 2017,London Area Airports,LONDON CITY,302508,302508,0
2017-01-01,January 2017,London Area Airports,LUTON,996269,996269,0
2017-01-01,January 2017,Other UK Airports,LYDD,4,4,0
2017-01-01,January 2017,Other UK Airports,MANCHESTER,1671020,1664792,6228
2017-01-01,January 2017,Other UK Airports,NEWCASTLE,278297,278082,215
2017-01-01,January 2017,Other UK Airports,NEWQUAY,17439,17439,0
2017-01-01,January 2017,Other UK Airports,NORWICH,29785,29785,0
2017-01-01,January 2017,Other UK Airports,OXFORD (KIDLINGTON),90,90,0
2017-01-01,January 2017,Other UK Airports,PRESTWICK,24512,24498,14
2017-01-01,January 2017,Other UK Airports,SCATSTA,11664,11664,0
2017-01-01,January 2017,Other UK Airports,SHOREHAM,0,0,0
2017-01-01,January 2017,Other UK Airports,SOUTHAMPTON,125181,125181,0
2017-01-01,January 2017,London Area Airports,SOUTHEND,52571,52571,0
2017-01-01,January 2017,London Area Airports,STANSTED,1746450,1746450,0
2017-01-01,January 2017,Other UK Airports,STORNOWAY,8220,8044,176
2017-01-01,January 2017,Other UK Airports,SUMBURGH,13245,13245,0
2017-01-01,January 2017,Other UK Airports,TIREE,702,677,25
2017-01-01,January 2017,Other UK Airports,WICK JOHN O GROATS,1328,1316,12
2017-02-01,February 2017,Other UK Airports,ABERDEEN,208485,208324,161
2017-02-01,February 2017,Non UK Reporting Airports,ALDERNEY,2793,2793,0
2017-02-01,February 2017,Other UK Airports,BARRA,1090,1090,0
2017-02-01,February 2017,Other UK Airports,BELFAST CITY (GEORGE BEST),173253,173253,0
2017-02-01,February 2017,Other UK Airports,BELFAST INTERNATIONAL,401496,401496,0
2017-02-01,February 2017,Other UK Airports,BENBECULA,2322,2322,0
2017-02-01,February 2017,Other UK Airports,BIGGIN HILL,55,55,0
2017-02-01,February 2017,Other UK Airports,BIRMINGHAM,809239,807925,1314
2017-02-01,February 2017,Other UK Airports,BLACKPOOL,2386,2386,0
2017-02-01,February 2017,Other UK Airports,BOURNEMOUTH,33564,33564,0
2017-02-01,February 2017,Other UK Airports,BRISTOL,490003,489591,412
2017-02-01,February 2017,Other UK Airports,CAMBRIDGE,0,0,0
2017-02-01,February 2017,Other UK Airports,CAMPBELTOWN,500,494,6
2017-02-01,February 2017,Other UK Airports,CARDIFF WALES,71299,71273,26
2017-02-01,February 2017,Other UK Airports,CITY OF DERRY (EGLINTON),20961,20961,0
2017-02-01,February 2017,Other UK Airports,DONCASTER SHEFFIELD,73288,73288,0
2017-02-01,February 2017,Other UK Airports,DUNDEE,1414,1414,0
2017-02-01,February 2017,Other UK Airports,DURHAM TEES VALLEY,9020,8970,50
2017-02-01,February 2017,Other UK Airports,EAST MIDLANDS INTERNATIONAL,233041,232863,178
2017-02-01,February 2017,Other UK Airports,EDINBURGH,810527,810527,0
2017-02-01,February 2017,Other UK Airports,EXETER,50954,50954,0
2017-02-01,February 2017,London Area Airports,GATWICK,2959925,2959505,420
2017-02-01,February 2017,Other UK Airports,GLASGOW,603641,603472,169
2017-02-01,February 2017,Other UK Airports,GLOUCESTERSHIRE,601,601,0
2017-02-01,February 2017,Non UK Reporting Airports,GUERNSEY,51658,49184,2474
2017-02-01,February 2017,London Area Airports,HEATHROW,5268516,5266321,2195
2017-02-01,February 2017,Other UK Airports,HUMBERSIDE,12903,12903,0
2017-02-01,February 2017,Other UK Airports,INVERNESS,54963,54963,0
2017-02-01,February 2017,Other UK Airports,ISLAY,1734,1715,19
2017-02-01,February 2017,Non UK Reporting Airports,ISLE OF MAN,59448,59432,16
2017-02-01,February 2017,Other UK Airports,ISLES OF SCILLY (ST.MARYS),3142,3142,0
2017-02-01,February 2017,Non UK Reporting Airports,JERSEY,91998,90355,1643
2017-02-01,February 2017,Other UK Airports,KIRKWALL,11232,10470,762
2017-02-01,February 2017,Other UK Airports,LANDS END (ST JUST),2605,2592,13
2017-02-01,February 2017,Other UK Airports,LEEDS BRADFORD,202785,202747,38
2017-02-01,February 2017,Other UK Airports,LERWICK (TINGWALL),192,192,0
2017-02-01,February 2017,Other UK Airports,LIVERPOOL (JOHN LENNON),322299,321213,1086
2017-02-01,February 2017,London Area Airports,LONDON CITY,339953,339953,0
2017-02-01,February 2017,London Area Airports,LUTON,1060656,1060468,188
2017-02-01,February 2017,Other UK Airports,LYDD,29,29,0
2017-02-01,February 2017,Other UK Airports,MANCHESTER,1666942,1661972,4970
2017-02-01,February 2017,Other UK Airports,NEWCASTLE,285518,285425,93
2017-02-01,February 2017,Other UK Airports,NEWQUAY,18516,18516,0
2017-02-01,February 2017,Other UK Airports,NORWICH,29932,29932,0
2017-02-01,February 2017,Other UK Airports,OXFORD (KIDLINGTON),0,0,0
2017-02-01,February 2017,Other UK Airports,PRESTWICK,23768,23758,10
2017-02-01,February 2017,Other UK Airports,SCATSTA,12568,12568,0
2017-02-01,February 2017,Other UK Airports,SHOREHAM,0,0,0
2017-02-01,February 2017,Other UK Airports,SOUTHAMPTON,140023,140023,0
2017-02-01,February 2017,London Area Airports,SOUTHEND,60656,60656,0
2017-02-01,February 2017,London Area Airports,STANSTED,1652242,1652107,135
2017-02-01,February 2017,Other UK Airports,STORNOWAY,9105,8901,204
2017-02-01,February 2017,Other UK Airports,SUMBURGH,14271,14271,0
2017-02-01,February 2017,Other UK Airports,TIREE,688,668,20
2017-02-01,February 2017,Other UK Airports,WICK JOHN O GROATS,1339,1339,0
2017-03-01,March 2017,Other UK Airports,ABERDEEN,243674,243658,16
2017-03-01,March 2017,Non UK Reporting Airports,ALDERNEY,3667,3667,0
2017-03-01,March 2017,Other UK Airports,BARRA,1215,1215,0
2017-03-01,March 2017,Other UK Airports,BELFAST CITY (GEORGE BEST),196402,196402,0
2017-03-01,March 2017,Other UK Airports,BELFAST INTERNATIONAL,447334,447334,0
2017-03-01,March 2017,Other UK Airports,BENBECULA,2574,2574,0
2017-03-01,March 2017,Other UK Airports,BIGGIN HILL,22,22,0
2017-03-01,March 2017,Other UK Airports,BIRMINGHAM,904814,903946,868
2017-03-01,March 2017,Other UK Airports,BLACKPOOL,1792,1792,0
2017-03-01,March 2017,Other UK Airports,BOURNEMOUTH,41611,41611,0
2017-03-01,March 2017,Other UK Airports,BRISTOL,572949,572344,605
2017-03-01,March 2017,Other UK Airports,CAMPBELTOWN,586,564,22
2017-03-01,March 2017,Other UK Airports,CARDIFF WALES,86897,86897,0
2017-03-01,March 2017,Other UK Airports,CITY OF DERRY (EGLINTON),19800,19800,0
2017-03-01,March 2017,Other UK Airports,DONCASTER SHEFFIELD,82701,82692,9
2017-03-01,March 2017,Other UK Airports,DUNDEE,1789,1789,0
2017-03-01,March 2017,Other UK Airports,DURHAM TEES VALLEY,10209,10176,33
2017-03-01,March 2017,Other UK Airports,EAST MIDLANDS INTERNATIONAL,277955,277955,0
2017-03-01,March 2017,Other UK Airports,EDINBURGH,963840,963840,0
2017-03-01,March 2017,Other UK Airports,EXETER,61476,61172,304
2017-03-01,March 2017,London Area Airports,GATWICK,3390836,3390278,558
2017-03-01,March 2017,Other UK Airports,GLASGOW,706047,705919,128
2017-03-01,March 2017,Other UK Airports,GLOUCESTERSHIRE,184,184,0
2017-03-01,March 2017,Non UK Reporting Airports,GUERNSEY,60042,57210,2832
2017-03-01,March 2017,London Area Airports,HEATHROW,6157292,6155823,1469
2017-03-01,March 2017,Other UK Airports,HUMBERSIDE,15009,15009,0
2017-03-01,March 2017,Other UK Airports,INVERNESS,64564,64381,183
2017-03-01,March 2017,Other UK Airports,ISLAY,2583,2563,20
2017-03-01,March 2017,Non UK Reporting Airports,ISLE OF MAN,65168,65137,31
2017-03-01,March 2017,Other UK Airports,ISLES OF SCILLY (ST.MARYS),4506,4506,0
2017-03-01,March 2017,Non UK Reporting Airports,JERSEY,113762,112186,1576
2017-03-01,March 2017,Other UK Airports,KIRKWALL,13503,12549,954
2017-03-01,March 2017,Other UK Airports,LANDS END (ST JUST),3355,3302,53
2017-03-01,March 2017,Other UK Airports,LEEDS BRADFORD,247694,247681,13
2017-03-01,March 2017,Other UK Airports,LERWICK (TINGWALL),260,260,0
2017-03-01,March 2017,Other UK Airports,LIVERPOOL (JOHN LENNON),362180,362137,43
2017-03-01,March 2017,London Area Airports,LONDON CITY,403302,403302,0
2017-03-01,March 2017,London Area Airports,LUTON,1221776,1221776,0
2017-03-01,March 2017,Other UK Airports,LYDD,46,46,0
2017-03-01,March 2017,Other UK Airports,MANCHESTER,1920641,1915496,5145
2017-03-01,March 2017,Other UK Airports,NEWCASTLE,331874,331614,260
2017-03-01,March 2017,Other UK Airports,NEWQUAY,24405,24342,63
2017-03-01,March 2017,Other UK Airports,NORWICH,36672,36672,0
2017-03-01,March 2017,Other UK Airports,OXFORD (KIDLINGTON),0,0,0
2017-03-01,March 2017,Other UK Airports,PRESTWICK,33341,33329,12
2017-03-01,March 2017,Other UK Airports,SCATSTA,15856,15856,0
2017-03-01,March 2017,Other UK Airports,SHOREHAM,0,0,0
2017-03-01,March 2017,Other UK Airports,SOUTHAMPTON,157499,157435,64
2017-03-01,March 2017,London Area Airports,SOUTHEND,66701,66701,0
2017-03-01,March 2017,London Area Airports,STANSTED,1882235,1881924,311
2017-03-01,March 2017,Other UK Airports,STORNOWAY,10458,10266,192
2017-03-01,March 2017,Other UK Airports,SUMBURGH,15899,15899,0
2017-03-01,March 2017,Other UK Airports,TIREE,899,861,38
2017-03-01,March 2017,Other UK Airports,WICK JOHN O GROATS,1653,1653,0
2017-04-01,April 2017,Other UK Airports,ABERDEEN,248554,248392,162
2017-04-01,April 2017,Non UK Reporting Airports,ALDERNEY,4629,4629,0
2017-04-01,April 2017,Other UK Airports,BARRA,1338,1338,0
2017-04-01,April 2017,Other UK Airports,BELFAST CITY (GEORGE BEST),217699,217699,0
2017-04-01,April 2017,Other UK Airports,BELFAST INTERNATIONAL,499007,499007,0
2017-04-01,April 2017,Other UK Airports,BENBECULA,2812,2788,24
2017-04-01,April 2017,Other UK Airports,BIGGIN HILL,9,9,0
2017-04-01,April 2017,Other UK Airports,BIRMINGHAM,1063571,1063293,278
2017-04-01,April 2017,Other UK Airports,BLACKPOOL,1504,1504,0
2017-04-01,April 2017,Other UK Airports,BOURNEMOUTH,63469,63469,0
2017-04-01,April 2017,Other UK Airports,BRISTOL,673997,673440,557
2017-04-01,April 2017,Other UK Airports,CAMPBELTOWN,657,657,0
2017-04-01,April 2017,Other UK Airports,CARDIFF WALES,95780,95780,0
2017-04-01,April 2017,Other UK Airports,CITY OF DERRY (EGLINTON),10568,10568,0
2017-04-01,April 2017,Other UK Airports,DONCASTER SHEFFIELD,103062,103062,0
2017-04-01,April 2017,Other UK Airports,DUNDEE,1921,1921,0
2017-04-01,April 2017,Other UK Airports,DURHAM TEES VALLEY,10069,9971,98
2017-04-01,April 2017,Other UK Airports,EAST MIDLANDS INTERNATIONAL,404227,404227,0
2017-04-01,April 2017,Other UK Airports,EDINBURGH,1140823,1140823,0
2017-04-01,April 2017,Other UK Airports,EXETER,75665,75665,0
2017-04-01,April 2017,London Area Airports,GATWICK,3795636,3795583,53
2017-04-01,April 2017,Other UK Airports,GLASGOW,785992,785719,273
2017-04-01,April 2017,Other UK Airports,GLOUCESTERSHIRE,0,0,0
2017-04-01,April 2017,Non UK Reporting Airports,GUERNSEY,71125,68498,2627
2017-04-01,April 2017,London Area Airports,HEATHROW,6732994,6731652,1342
2017-04-01,April 2017,Other UK Airports,HUMBERSIDE,15310,15300,10
2017-04-01,April 2017,Other UK Airports,INVERNESS,76965,76892,73
2017-04-01,April 2017,Other UK Airports,ISLAY,2695,2676,19
2017-04-01,April 2017,Non UK Reporting Airports,ISLE OF MAN,63338,63303,35
2017-04-01,April 2017,Other UK Airports,ISLES OF SCILLY (ST.MARYS),10755,10755,0
2017-04-01,April 2017,Non UK Reporting Airports,JERSEY,143292,141122,2170
2017-04-01,April 2017,Other UK Airports,KIRKWALL,14042,12846,1196
2017-04-01,April 2017,Other UK Airports,LANDS END (ST JUST),7208,6951,257
2017-04-01,April 2017,Other UK Airports,LEEDS BRADFORD,331000,330975,25
2017-04-01,April 2017,Other UK Airports,LERWICK (TINGWALL),250,250,0
2017-04-01,April 2017,Other UK Airports,LIVERPOOL (JOHN LENNON),438601,438082,519
2017-04-01,April 2017,London Area Airports,LONDON CITY,359802,359802,0
2017-04-01,April 2017,London Area Airports,LUTON,1358471,1358471,0
2017-04-01,April 2017,Other UK Airports,LYDD,67,67,0
2017-04-01,April 2017,Other UK Airports,MANCHESTER,2247266,2242804,4462
2017-04-01,April 2017,Other UK Airports,NEWCASTLE,404141,404024,117
2017-04-01,April 2017,Other UK Airports,NEWQUAY,41795,41551,244
2017-04-01,April 2017,Other UK Airports,NORWICH,36838,36838,0
2017-04-01,April 2017,Other UK Airports,PRESTWICK,72435,72430,5
2017-04-01,April 2017,Other UK Airports,SCATSTA,13622,13622,0
2017-04-01,April 2017,Other UK Airports,SOUTHAMPTON,166198,166084,114
2017-04-01,April 2017,London Area Airports,SOUTHEND,87666,87666,0
2017-04-01,April 2017,London Area Airports,STANSTED,2187964,2187508,456
2017-04-01,April 2017,Other UK Airports,STORNOWAY,10590,10462,128
2017-04-01,April 2017,Other UK Airports,SUMBURGH,17056,17056,0
2017-04-01,April 2017,Other UK Airports,TIREE,1070,1050,20
2017-04-01,April 2017,Other UK Airports,WICK JOHN O GROATS,1334,1324,10
2017-05-01,May 2017,Other UK Airports,ABERDEEN,270283,270283,0
2017-05-01,May 2017,Non UK Reporting Airports,ALDERNEY,4903,4903,0
2017-05-01,May 2017,Other UK Airports,BARRA,1507,1507,0
2017-05-01,May 2017,Other UK Airports,BELFAST CITY (GEORGE BEST),221829,221829,0
2017-05-01,May 2017,Other UK Airports,BELFAST INTERNATIONAL,523527,523527,0
2017-05-01,May 2017,Other UK Airports,BENBECULA,2819,2819,0
2017-05-01,May 2017,Other UK Airports,BIGGIN HILL,60,60,0
2017-05-01,May 2017,Other UK Airports,BIRMINGHAM,1202880,1202451,429
2017-05-01,May 2017,Other UK Airports,BLACKPOOL,1489,1489,0
2017-05-01,May 2017,Other UK Airports,BOURNEMOUTH,74263,74145,118
2017-05-01,May 2017,Other UK Airports,BRISTOL,776528,775882,646
2017-05-01,May 2017,Other UK Airports,CAMPBELTOWN,984,984,0
2017-05-01,May 2017,Other UK Airports,CARDIFF WALES,147369,147200,169
2017-05-01,May 2017,Other UK Airports,CITY OF DERRY (EGLINTON),13852,13852,0
2017-05-01,May 2017,Other UK Airports,DONCASTER SHEFFIELD,126162,126162,0
2017-05-01,May 2017,Other UK Airports,DUNDEE,2201,2201,0
2017-05-01,May 2017,Other UK Airports,DURHAM TEES VALLEY,11005,10922,83
2017-05-01,May 2017,Other UK Airports,EAST MIDLANDS INTERNATIONAL,502503,502503,0
2017-05-01,May 2017,Other UK Airports,EDINBURGH,1229704,1229704,0
2017-05-01,May 2017,Other UK Airports,EXETER,86731,86731,0
2017-05-01,May 2017,London Area Airports,GATWICK,4089293,4089151,142
2017-05-01,May 2017,Other UK Airports,GLASGOW,910843,910104,739
2017-05-01,May 2017,Other UK Airports,GLOUCESTERSHIRE,0,0,0
2017-05-01,May 2017,Non UK Reporting Airports,GUERNSEY,75712,72766,2946
2017-05-01,May 2017,London Area Airports,HEATHROW,6477900,6475765,2135
2017-05-01,May 2017,Other UK Airports,HUMBERSIDE,17608,17541,67
2017-05-01,May 2017,Other UK Airports,INVERNESS,81522,81490,32
2017-05-01,May 2017,Other UK Airports,ISLAY,3574,3552,22
2017-05-01,May 2017,Non UK Reporting Airports,ISLE OF MAN,67791,67768,23
2017-05-01,May 2017,Other UK Airports,ISLES OF SCILLY (ST.MARYS),9824,9824,0
2017-05-01,May 2017,Non UK Reporting Airports,JERSEY,151084,149082,2002
2017-05-01,May 2017,Other UK Airports,KIRKWALL,17107,15877,1230
2017-05-01,May 2017,Other UK Airports,LANDS END (ST JUST),5972,5936,36
2017-05-01,May 2017,Other UK Airports,LEEDS BRADFORD,398154,398105,49
2017-05-01,May 2017,Other UK Airports,LERWICK (TINGWALL),564,564,0
2017-05-01,May 2017,Other UK Airports,LIVERPOOL (JOHN LENNON),447703,447578,125
2017-05-01,May 2017,London Area Airports,LONDON CITY,384855,384855,0
2017-05-01,May 2017,London Area Airports,LUTON,1464646,1464646,0
2017-05-01,May 2017,Other UK Airports,LYDD,108,108,0
2017-05-01,May 2017,Other UK Airports,MANCHESTER,2512442,2506838,5604
2017-05-01,May 2017,Other UK Airports,NEWCASTLE,504878,504634,244
2017-05-01,May 2017,Other UK Airports,NEWQUAY,46617,46368,249
2017-05-01,May 2017,Other UK Airports,NORWICH,51985,51985,0
2017-05-01,May 2017,Other UK Airports,PRESTWICK,74411,74403,8
2017-05-01,May 2017,Other UK Airports,SCATSTA,15447,15447,0
2017-05-01,May 2017,Other UK Airports,SOUTHAMPTON,176331,176331,0
2017-05-01,May 2017,London Area Airports,SOUTHEND,100239,100239,0
2017-05-01,May 2017,London Area Airports,STANSTED,2306315,2306315,0
2017-05-01,May 2017,Other UK Airports,STORNOWAY,11283,11125,158
2017-05-01,May 2017,Other UK Airports,SUMBURGH,19026,19015,11
2017-05-01,May 2017,Other UK Airports,TIREE,1047,985,62
2017-05-01,May 2017,Other UK Airports,WICK JOHN O GROATS,1667,1667,0
2017-06-01,June 2017,Other UK Airports,ABERDEEN,286764,286764,0
2017-06-01,June 2017,Non UK Reporting Airports,ALDERNEY,5070,5070,0
2017-06-01,June 2017,Other UK Airports,BARRA,1536,1536,0
2017-06-01,June 2017,Other UK Airports,BELFAST CITY (GEORGE BEST),239438,239438,0
2017-06-01,June 2017,Other UK Airports,BELFAST INTERNATIONAL,565424,565424,0
2017-06-01,June 2017,Other UK Airports,BENBECULA,2867,2867,0
2017-06-01,June 2017,Other UK Airports,BIGGIN HILL,30,30,0
2017-06-01,June 2017,Other UK Airports,BIRMINGHAM,1302204,1301755,449
2017-06-01,June 2017,Other UK Airports,BLACKPOOL,2076,2076,0
2017-06-01,June 2017,Other UK Airports,BOURNEMOUTH,76168,76168,0
2017-06-01,June 2017,Other UK Airports,BRISTOL,852315,851706,609
2017-06-01,June 2017,Other UK Airports,CAMPBELTOWN,983,976,7
2017-06-01,June 2017,Other UK Airports,CARDIFF WALES,184969,184969,0
2017-06-01,June 2017,Other UK Airports,CITY OF DERRY (EGLINTON),14343,14343,0
2017-06-01,June 2017,Other UK Airports,DONCASTER SHEFFIELD,140527,140527,0
2017-06-01,June 2017,Other UK Airports,DUNDEE,2017,2017,0
2017-06-01,June 2017,Other UK Airports,DURHAM TEES VALLEY,11552,11474,78
2017-06-01,June 2017,Other UK Airports,EAST MIDLANDS INTERNATIONAL,559027,558830,197
2017-06-01,June 2017,Other UK Airports,EDINBURGH,1302433,1302433,0
2017-06-01,June 2017,Other UK Airports,EXETER,92180,92180,0
2017-06-01,June 2017,London Area Airports,GATWICK,4401807,4401626,181
2017-06-01,June 2017,Other UK Airports,GLASGOW,999979,999979,0
2017-06-01,June 2017,Other UK Airports,GLOUCESTERSHIRE,60,60,0
2017-06-01,June 2017,Non UK Reporting Airports,GUERNSEY,78294,75329,2965
2017-06-01,June 2017,London Area Airports,HEATHROW,6760362,6758170,2192
2017-06-01,June 2017,Other UK Airports,HUMBERSIDE,17895,17895,0
2017-06-01,June 2017,Other UK Airports,INVERNESS,86406,86393,13
2017-06-01,June 2017,Other UK Airports,ISLAY,3591,3564,27
2017-06-01,June 2017,Non UK Reporting Airports,ISLE OF MAN,84221,84207,14
2017-06-01,June 2017,Other UK Airports,ISLES OF SCILLY (ST.MARYS),10852,10852,0
2017-06-01,June 2017,Non UK Reporting Airports,JERSEY,158727,156714,2013
2017-06-01,June 2017,Other UK Airports,KIRKWALL,17538,16177,1361
2017-06-01,June 2017,Other UK Airports,LANDS END (ST JUST),5946,5908,38
2017-06-01,June 2017,Other UK Airports,LEEDS BRADFORD,458239,458093,146
2017-06-01,June 2017,Other UK Airports,LERWICK (TINGWALL),488,488,0
2017-06-01,June 2017,Other UK Airports,LIVERPOOL (JOHN LENNON),451301,451275,26
2017-06-01,June 2017,London Area Airports,LONDON CITY,410183,410183,0
2017-06-01,June 2017,London Area Airports,LUTON,1522106,1522106,0
2017-06-01,June 2017,Other UK Airports,LYDD,80,80,0
2017-06-01,June 2017,Other UK Airports,MANCHESTER,2759979,2755129,4850
2017-06-01,June 2017,Other UK Airports,NEWCASTLE,581808,581609,199
2017-06-01,June 2017,Other UK Airports,NEWQUAY,51823,51692,131
2017-06-01,June 2017,Other UK Airports,NORWICH,55774,55774,0
2017-06-01,June 2017,Other UK Airports,OXFORD (KIDLINGTON),0,0,0
2017-06-01,June 2017,Other UK Airports,PRESTWICK,78056,78051,5
2017-06-01,June 2017,Other UK Airports,SCATSTA,14932,14932,0
2017-06-01,June 2017,Other UK Airports,SOUTHAMPTON,198455,198455,0
2017-06-01,June 2017,London Area Airports,SOUTHEND,107573,107573,0
2017-06-01,June 2017,London Area Airports,STANSTED,2363544,2363544,0
2017-06-01,June 2017,Other UK Airports,STORNOWAY,11704,11527,177
2017-06-01,June 2017,Other UK Airports,SUMBURGH,20210,20208,2
2017-06-01,June 2017,Other UK Airports,TIREE,1093,1056,37
2017-06-01,June 2017,Other UK Airports,WICK JOHN O GROATS,1673,1673,0
2017-07-01,July 2017,Other UK Airports,ABERDEEN,296974,296943,31
2017-07-01,July 2017,Non UK Reporting Airports,ALDERNEY,5951,5951,0
2017-07-01,July 2017,Other UK Airports,BARRA,1595,1595,0
2017-07-01,July 2017,Other UK Airports,BELFAST CITY (GEORGE BEST),257035,257035,0
2017-07-01,July 2017,Other UK Airports,BELFAST INTERNATIONAL,609433,609433,0
2017-07-01,July 2017,Other UK Airports,BENBECULA,3381,3381,0
2017-07-01,July 2017,Other UK Airports,BIGGIN HILL,132,132,0
2017-07-01,July 2017,Other UK Airports,BIRMINGHAM,1436756,1435875,881
2017-07-01,July 2017,Other UK Airports,BLACKPOOL,1723,1723,0
2017-07-01,July 2017,Other UK Airports,BOURNEMOUTH,81376,81199,177
2017-07-01,July 2017,Other UK Airports,BRISTOL,875208,874472,736
2017-07-01,July 2017,Other UK Airports,CAMPBELTOWN,852,852,0
2017-07-01,July 2017,Other UK Airports,CARDIFF WALES,172002,171605,397
2017-07-01,July 2017,Other UK Airports,CITY OF DERRY (EGLINTON),16880,16880,0
2017-07-01,July 2017,Other UK Airports,DONCASTER SHEFFIELD,153444,153444,0
2017-07-01,July 2017,Other UK Airports,DUNDEE,1652,1652,0
2017-07-01,July 2017,Other UK Airports,DURHAM TEES VALLEY,11046,10947,99
2017-07-01,July 2017,Other UK Airports,EAST MIDLANDS INTERNATIONAL,588060,587883,177
2017-07-01,July 2017,Other UK Airports,EDINBURGH,1411651,1411440,211
2017-07-01,July 2017,Other UK Airports,EXETER,97438,97438,0
2017-07-01,July 2017,London Area Airports,GATWICK,4751035,4751035,0
2017-07-01,July 2017,Other UK Airports,GLASGOW,1082273,1082047,226
2017-07-01,July 2017,Other UK Airports,GLOUCESTERSHIRE,0,0,0
2017-07-01,July 2017,Non UK Reporting Airports,GUERNSEY,85313,82259,3054
2017-07-01,July 2017,London Area Airports,HEATHROW,7534992,7532136,2856
2017-07-01,July 2017,Other UK Airports,HUMBERSIDE,18257,18248,9
2017-07-01,July 2017,Other UK Airports,INVERNESS,91975,91896,79
2017-07-01,July 2017,Other UK Airports,ISLAY,3247,3224,23
2017-07-01,July 2017,Non UK Reporting Airports,ISLE OF MAN,69345,69302,43
2017-07-01,July 2017,Other UK Airports,ISLES OF SCILLY (ST.MARYS),11284,11284,0
2017-07-01,July 2017,Non UK Reporting Airports,JERSEY,177440,175175,2265
2017-07-01,July 2017,Other UK Airports,KIRKWALL,17901,16598,1303
2017-07-01,July 2017,Other UK Airports,LANDS END (ST JUST),6361,6311,50
2017-07-01,July 2017,Other UK Airports,LEEDS BRADFORD,503330,503195,135
2017-07-01,July 2017,Other UK Airports,LERWICK (TINGWALL),593,593,0
2017-07-01,July 2017,Other UK Airports,LIVERPOOL (JOHN LENNON),492696,492160,536
2017-07-01,July 2017,London Area Airports,LONDON CITY,409488,409488,0
2017-07-01,July 2017,London Area Airports,LUTON,1641751,1641348,403
2017-07-01,July 2017,Other UK Airports,LYDD,136,136,0
2017-07-01,July 2017,Other UK Airports,MANCHESTER,3033003,3029332,3671
2017-07-01,July 2017,Other UK Airports,NEWCASTLE,612869,612681,188
2017-07-01,July 2017,Other UK Airports,NEWQUAY,61935,61783,152
2017-07-01,July 2017,Other UK Airports,NORWICH,58051,58051,0
2017-07-01,July 2017,Other UK Airports,PRESTWICK,94145,94136,9
2017-07-01,July 2017,Other UK Airports,SCATSTA,14688,14688,0
2017-07-01,July 2017,Other UK Airports,SOUTHAMPTON,218755,218720,35
2017-07-01,July 2017,London Area Airports,SOUTHEND,120249,119901,348
2017-07-01,July 2017,London Area Airports,STANSTED,2583111,2582181,930
2017-07-01,July 2017,Other UK Airports,STORNOWAY,11882,11696,186
2017-07-01,July 2017,Other UK Airports,SUMBURGH,27049,27047,2
2017-07-01,July 2017,Other UK Airports,TIREE,1737,1710,27
2017-07-01,July 2017,Other UK Airports,WICK JOHN O GROATS,1562,1562,0
2017-08-01,August 2017,Other UK Airports,ABERDEEN,289102,289102,0
2017-08-01,August 2017,Non UK Reporting Airports,ALDERNEY,7646,7646,0
2017-08-01,August 2017,Other UK Airports,BARRA,1649,1649,0
2017-08-01,August 2017,Other UK Airports,BELFAST CITY (GEORGE BEST),264928,264928,0
2017-08-01,August 2017,Other UK Airports,BELFAST INTERNATIONAL,592045,592045,0
2017-08-01,August 2017,Other UK Airports,BENBECULA,3126,3126,0
2017-08-01,August 2017,Other UK Airports,BIGGIN HILL,355,355,0
2017-08-01,August 2017,Other UK Airports,BIRMINGHAM,1496213,1495578,635
2017-08-01,August 2017,Other UK Airports,BLACKPOOL,1754,1754,0
2017-08-01,August 2017,Other UK Airports,BOURNEMOUTH,85866,85866,0
2017-08-01,August 2017,Other UK Airports,BRISTOL,905188,905050,138
2017-08-01,August 2017,Other UK Airports,CAMPBELTOWN,1001,1001,0
2017-08-01,August 2017,Other UK Airports,CARDIFF WALES,182179,182179,0
2017-08-01,August 2017,Other UK Airports,CITY OF DERRY (EGLINTON),16155,16155,0
2017-08-01,August 2017,Other UK Airports,DONCASTER SHEFFIELD,165539,165539,0
2017-08-01,August 2017,Other UK Airports,DUNDEE,1816,1816,0
2017-08-01,August 2017,Other UK Airports,DURHAM TEES VALLEY,11375,11338,37
2017-08-01,August 2017,Other UK Airports,EAST MIDLANDS INTERNATIONAL,613008,612609,399
2017-08-01,August 2017,Other UK Airports,EDINBURGH,1401604,1401457,147
2017-08-01,August 2017,Other UK Airports,EXETER,101673,101487,186
2017-08-01,August 2017,London Area Airports,GATWICK,4908937,4908937,0
2017-08-01,August 2017,Other UK Airports,GLASGOW,1008868,1008868,0
2017-08-01,August 2017,Other UK Airports,GLOUCESTERSHIRE,0,0,0
2017-08-01,August 2017,Non UK Reporting Airports,GUERNSEY,87786,84390,3396
2017-08-01,August 2017,London Area Airports,HEATHROW,7482399,7480285,2114
2017-08-01,August 2017,Other UK Airports,HUMBERSIDE,19352,19304,48
2017-08-01,August 2017,Other UK Airports,INVERNESS,89557,89508,49
2017-08-01,August 2017,Other UK Airports,ISLAY,3657,3635,22
2017-08-01,August 2017,Non UK Reporting Airports,ISLE OF MAN,71336,71304,32
2017-08-01,August 2017,Other UK Airports,ISLES OF SCILLY (ST.MARYS),14259,14259,0
2017-08-01,August 2017,Non UK Reporting Airports,JERSEY,183860,181561,2299
2017-08-01,August 2017,Other UK Airports,KIRKWALL,17153,15729,1424
2017-08-01,August 2017,Other UK Airports,LANDS END (ST JUST),8413,8380,33
2017-08-01,August 2017,Other UK Airports,LEEDS BRADFORD,524803,524595,208
2017-08-01,August 2017,Other UK Airports,LERWICK (TINGWALL),667,667,0
2017-08-01,August 2017,Other UK Airports,LIVERPOOL (JOHN LENNON),511239,510311,928
2017-08-01,August 2017,London Area Airports,LONDON CITY,396122,396122,0
2017-08-01,August 2017,London Area Airports,LUTON,1705512,1705378,134
2017-08-01,August 2017,Other UK Airports,LYDD,202,202,0
2017-08-01,August 2017,Other UK Airports,MANCHESTER,3169167,3165031,4136
2017-08-01,August 2017,Other UK Airports,NEWCASTLE,618084,617670,414
2017-08-01,August 2017,Other UK Airports,NEWQUAY,62364,62196,168
2017-08-01,August 2017,Other UK Airports,NORWICH,56767,56767,0
2017-08-01,August 2017,Other UK Airports,PRESTWICK,88727,88722,5
2017-08-01,August 2017,Other UK Airports,SCATSTA,14743,14743,0
2017-08-01,August 2017,Other UK Airports,SOUTHAMPTON,224822,224822,0
2017-08-01,August 2017,London Area Airports,SOUTHEND,128851,128546,305
2017-08-01,August 2017,London Area Airports,STANSTED,2743780,2743780,0
2017-08-01,August 2017,Other UK Airports,STORNOWAY,12109,11944,165
2017-08-01,August 2017,Other UK Airports,SUMBURGH,33983,33973,10
2017-08-01,August 2017,Other UK Airports,TIREE,1540,1525,15
2017-08-01,August 2017,Other UK Airports,WICK JOHN O GROATS,1621,1621,0
2017-09-01,September 2017,Other UK Airports,ABERDEEN,280601,280601,0
2017-09-01,September 2017,Non UK Reporting Airports,ALDERNEY,5828,5828,0
2017-09-01,September 2017,Other UK Airports,BARRA,1409,1409,0
2017-09-01,September 2017,Other UK Airports,BELFAST CITY (GEORGE BEST),227671,227671,0
2017-09-01,September 2017,Other UK Airports,BELFAST INTERNATIONAL,535076,535076,0
2017-09-01,September 2017,Other UK Airports,BENBECULA,3004,3004,0
2017-09-01,September 2017,Other UK Airports,BIGGIN HILL,249,249,0
2017-09-01,September 2017,Other UK Airports,BIRMINGHAM,1362559,1361024,1535
2017-09-01,September 2017,Other UK Airports,BLACKPOOL,2314,2314,0
2017-09-01,September 2017,Other UK Airports,BOURNEMOUTH,78067,78067,0
2017-09-01,September 2017,Other UK Airports,BRISTOL,842354,841865,489
2017-09-01,September 2017,Other UK Airports,CAMPBELTOWN,809,804,5
2017-09-01,September 2017,Other UK Airports,CARDIFF WALES,166463,166463,0
2017-09-01,September 2017,Other UK Airports,CITY OF DERRY (EGLINTON),14345,14345,0
2017-09-01,September 2017,Other UK Airports,DONCASTER SHEFFIELD,144425,144425,0
2017-09-01,September 2017,Other UK Airports,DUNDEE,1948,1948,0
2017-09-01,September 2017,Other UK Airports,DURHAM TEES VALLEY,10466,10361,105
2017-09-01,September 2017,Other UK Airports,EAST MIDLANDS INTERNATIONAL,553958,553673,285
2017-09-01,September 2017,Other UK Airports,EDINBURGH,1285344,1284992,352
2017-09-01,September 2017,Other UK Airports,EXETER,90247,90247,0
2017-09-01,September 2017,London Area Airports,GATWICK,4464456,4463304,1152
2017-09-01,September 2017,Other UK Airports,GLASGOW,973696,972873,823
2017-09-01,September 2017,Other UK Airports,GLOUCESTERSHIRE,0,0,0
2017-09-01,September 2017,Non UK Reporting Airports,GUERNSEY,82021,79141,2880
2017-09-01,September 2017,London Area Airports,HEATHROW,6930203,6928540,1663
2017-09-01,September 2017,Other UK Airports,HUMBERSIDE,18470,18459,11
2017-09-01,September 2017,Other UK Airports,INVERNESS,83254,83235,19
2017-09-01,September 2017,Other UK Airports,ISLAY,3203,3177,26
2017-09-01,September 2017,Non UK Reporting Airports,ISLE OF MAN,67312,67310,2
2017-09-01,September 2017,Other UK Airports,ISLES OF SCILLY (ST.MARYS),11543,11543,0
2017-09-01,September 2017,Non UK Reporting Airports,JERSEY,163879,161575,2304
2017-09-01,September 2017,Other UK Airports,KIRKWALL,16299,15109,1190
2017-09-01,September 2017,Other UK Airports,LANDS END (ST JUST),7191,7180,11
2017-09-01,September 2017,Other UK Airports,LEEDS BRADFORD,463637,463069,568
2017-09-01,September 2017,Other UK Airports,LERWICK (TINGWALL),396,396,0
2017-09-01,September 2017,Other UK Airports,LIVERPOOL (JOHN LENNON),452370,451379,991
2017-09-01,September 2017,London Area Airports,LONDON CITY,396789,396789,0
2017-09-01,September 2017,London Area Airports,LUTON,1505780,1505780,0
2017-09-01,September 2017,Other UK Airports,LYDD,94,94,0
2017-09-01,September 2017,Other UK Airports,MANCHESTER,2870844,2867212,3632
2017-09-01,September 2017,Other UK Airports,NEWCASTLE,579847,579759,88
2017-09-01,September 2017,Other UK Airports,NEWQUAY,50301,50106,195
2017-09-01,September 2017,Other UK Airports,NORWICH,54702,54702,0
2017-09-01,September 2017,Other UK Airports,PRESTWICK,80997,80991,6
2017-09-01,September 2017,Other UK Airports,SCATSTA,12709,12709,0
2017-09-01,September 2017,Other UK Airports,SOUTHAMPTON,191947,191855,92
2017-09-01,September 2017,London Area Airports,SOUTHEND,109999,109999,0
2017-09-01,September 2017,London Area Airports,STANSTED,2459451,2459451,0
2017-09-01,September 2017,Other UK Airports,STORNOWAY,12468,12253,215
2017-09-01,September 2017,Other UK Airports,SUMBURGH,32428,32428,0
2017-09-01,September 2017,Other UK Airports,TIREE,1117,1067,50
2017-09-01,September 2017,Other UK Airports,WICK JOHN O GROATS,1418,1418,0
2017-10-01,October 2017,Other UK Airports,ABERDEEN,280466,280466,0
2017-10-01,October 2017,Non UK Reporting Airports,ALDERNEY,4399,4399,0
2017-10-01,October 2017,Other UK Airports,BARRA,1112,1112,0
2017-10-01,October 2017,Other UK Airports,BELFAST CITY (GEORGE BEST),224002,224002,0
2017-10-01,October 2017,Other UK Airports,BELFAST INTERNATIONAL,488114,488114,0
2017-10-01,October 2017,Other UK Airports,BENBECULA,2854,2854,0
2017-10-01,October 2017,Other UK Airports,BIGGIN HILL,144,144,0
2017-10-01,October 2017,Other UK Airports,BIRMINGHAM,1076359,1076275,84
2017-10-01,October 2017,Other UK Airports,BLACKPOOL,2148,2148,0
2017-10-01,October 2017,Other UK Airports,BOURNEMOUTH,69273,69098,175
2017-10-01,October 2017,Other UK Airports,BRISTOL,770274,769858,416
2017-10-01,October 2017,Other UK Airports,CAMPBELTOWN,771,771,0
2017-10-01,October 2017,Other UK Airports,CARDIFF WALES,134804,134349,455
2017-10-01,October 2017,Other UK Airports,CITY OF DERRY (EGLINTON),15107,15107,0
2017-10-01,October 2017,Other UK Airports,DONCASTER SHEFFIELD,121064,121064,0
2017-10-01,October 2017,Other UK Airports,DUNDEE,1784,1784,0
2017-10-01,October 2017,Other UK Airports,DURHAM TEES VALLEY,11518,11330,188
2017-10-01,October 2017,Other UK Airports,EAST MIDLANDS INTERNATIONAL,480931,480931,0
2017-10-01,October 2017,Other UK Airports,EDINBURGH,1224543,1224410,133
2017-10-01,October 2017,Other UK Airports,EXETER,85333,85333,0
2017-10-01,October 2017,London Area Airports,GATWICK,3936933,3936889,44
2017-10-01,October 2017,Other UK Airports,GLASGOW,928590,928023,567
2017-10-01,October 2017,Other UK Airports,GLOUCESTERSHIRE,0,0,0
2017-10-01,October 2017,Non UK Reporting Airports,GUERNSEY,73798,70970,2828
2017-10-01,October 2017,London Area Airports,HEATHROW,6665498,6663671,1827
2017-10-01,October 2017,Other UK Airports,HUMBERSIDE,16061,15926,135
2017-10-01,October 2017,Other UK Airports,INVERNESS,81225,81225,0
2017-10-01,October 2017,Other UK Airports,ISLAY,2845,2829,16
2017-10-01,October 2017,Non UK Reporting Airports,ISLE OF MAN,66791,66791,0
2017-10-01,October 2017,Other UK Airports,ISLES OF SCILLY (ST.MARYS),6904,6904,0
2017-10-01,October 2017,Non UK Reporting Airports,JERSEY,147785,145934,1851
2017-10-01,October 2017,Other UK Airports,KIRKWALL,15715,14575,1140
2017-10-01,October 2017,Other UK Airports,LANDS END (ST JUST),4750,4738,12
2017-10-01,October 2017,Other UK Airports,LEEDS BRADFORD,358565,358168,397
2017-10-01,October 2017,Other UK Airports,LERWICK (TINGWALL),313,313,0
2017-10-01,October 2017,Other UK Airports,LIVERPOOL (JOHN LENNON),440944,440944,0
2017-10-01,October 2017,London Area Airports,LONDON CITY,405286,405286,0
2017-10-01,October 2017,London Area Airports,LUTON,1422866,1422540,326
2017-10-01,October 2017,Other UK Airports,LYDD,70,70,0
2017-10-01,October 2017,Other UK Airports,MANCHESTER,2405646,2401992,3654
2017-10-01,October 2017,Other UK Airports,NEWCASTLE,498975,498854,121
2017-10-01,October 2017,Other UK Airports,NEWQUAY,40277,40103,174
2017-10-01,October 2017,Other UK Airports,NORWICH,50792,50792,0
2017-10-01,October 2017,Other UK Airports,OXFORD (KIDLINGTON),0,0,0
2017-10-01,October 2017,Other UK Airports,PRESTWICK,73648,73644,4
2017-10-01,October 2017,Other UK Airports,SCATSTA,14922,14922,0
2017-10-01,October 2017,Other UK Airports,SOUTHAMPTON,176421,176421,0
2017-10-01,October 2017,London Area Airports,SOUTHEND,103703,103703,0
2017-10-01,October 2017,London Area Airports,STANSTED,2325281,2325281,0
2017-10-01,October 2017,Other UK Airports,STORNOWAY,13001,12786,215
2017-10-01,October 2017,Other UK Airports,SUMBURGH,23953,23953,0
2017-10-01,October 2017,Other UK Airports,TIREE,1006,996,10
2017-10-01,October 2017,Other UK Airports,WICK JOHN O GROATS,1473,1470,3
2017-11-01,November 2017,Other UK Airports,ABERDEEN,246501,246501,0
2017-11-01,November 2017,Non UK Reporting Airports,ALDERNEY,3539,3539,0
2017-11-01,November 2017,Other UK Airports,BARRA,876,876,0
2017-11-01,November 2017,Other UK Airports,BELFAST CITY (GEORGE BEST),196033,196033,0
2017-11-01,November 2017,Other UK Airports,BELFAST INTERNATIONAL,402982,402982,0
2017-11-01,November 2017,Other UK Airports,BENBECULA,2922,2922,0
2017-11-01,November 2017,Other UK Airports,BIGGIN HILL,132,132,0
2017-11-01,November 2017,Other UK Airports,BIRMINGHAM,767910,767260,650
2017-11-01,November 2017,Other UK Airports,BLACKPOOL,1827,1827,0
2017-11-01,November 2017,Other UK Airports,BOURNEMOUTH,26127,26127,0
2017-11-01,November 2017,Other UK Airports,BRISTOL,489156,488572,584
2017-11-01,November 2017,Other UK Airports,CAMPBELTOWN,644,612,32
2017-11-01,November 2017,Other UK Airports,CARDIFF WALES,77830,77830,0
2017-11-01,November 2017,Other UK Airports,CITY OF DERRY (EGLINTON),16891,16891,0
2017-11-01,November 2017,Other UK Airports,DONCASTER SHEFFIELD,67123,67123,0
2017-11-01,November 2017,Other UK Airports,DUNDEE,1853,1853,0
2017-11-01,November 2017,Other UK Airports,DURHAM TEES VALLEY,13140,11841,1299
2017-11-01,November 2017,Other UK Airports,EAST MIDLANDS INTERNATIONAL,221850,221850,0
2017-11-01,November 2017,Other UK Airports,EDINBURGH,934873,934873,0
2017-11-01,November 2017,Other UK Airports,EXETER,58905,58905,0
2017-11-01,November 2017,London Area Airports,GATWICK,2889031,2889031,0
2017-11-01,November 2017,Other UK Airports,GLASGOW,682707,682707,0
2017-11-01,November 2017,Other UK Airports,GLOUCESTERSHIRE,0,0,0
2017-11-01,November 2017,Non UK Reporting Airports,GUERNSEY,64910,62132,2778
2017-11-01,November 2017,London Area Airports,HEATHROW,5922486,5920389,2097
2017-11-01,November 2017,Other UK Airports,HUMBERSIDE,13982,13941,41
2017-11-01,November 2017,Other UK Airports,INVERNESS,57106,57106,0
2017-11-01,November 2017,Other UK Airports,ISLAY,2436,2416,20
2017-11-01,November 2017,Non UK Reporting Airports,ISLE OF MAN,64844,64844,0
2017-11-01,November 2017,Other UK Airports,ISLES OF SCILLY (ST.MARYS),3290,3290,0
2017-11-01,November 2017,Non UK Reporting Airports,JERSEY,108137,106113,2024
2017-11-01,November 2017,Other UK Airports,KIRKWALL,14256,13329,927
2017-11-01,November 2017,Other UK Airports,LANDS END (ST JUST),2808,2802,6
2017-11-01,November 2017,Other UK Airports,LEEDS BRADFORD,212594,212228,366
2017-11-01,November 2017,Other UK Airports,LERWICK (TINGWALL),187,187,0
2017-11-01,November 2017,Other UK Airports,LIVERPOOL (JOHN LENNON),325235,325076,159
2017-11-01,November 2017,London Area Airports,LONDON CITY,397183,397183,0
2017-11-01,November 2017,London Area Airports,LUTON,1017815,1017815,0
2017-11-01,November 2017,Other UK Airports,LYDD,14,14,0
2017-11-01,November 2017,Other UK Airports,MANCHESTER,1733509,1730238,3271
2017-11-01,November 2017,Other UK Airports,NEWCASTLE,303594,303430,164
2017-11-01,November 2017,Other UK Airports,NEWQUAY,21583,21583,0
2017-11-01,November 2017,Other UK Airports,NORWICH,35189,35189,0
2017-11-01,November 2017,Other UK Airports,PRESTWICK,26401,25921,480
2017-11-01,November 2017,Other UK Airports,SCATSTA,15962,15962,0
2017-11-01,November 2017,Other UK Airports,SOUTHAMPTON,143587,143587,0
2017-11-01,November 2017,London Area Airports,SOUTHEND,70625,70625,0
2017-11-01,November 2017,London Area Airports,STANSTED,1822323,1822323,0
2017-11-01,November 2017,Other UK Airports,STORNOWAY,12502,12297,205
2017-11-01,November 2017,Other UK Airports,SUMBURGH,20387,20387,0
2017-11-01,November 2017,Other UK Airports,TIREE,842,810,32
2017-11-01,November 2017,Other UK Airports,WICK JOHN O GROATS,1452,1452,0
2017-12-01,December 2017,Other UK Airports,ABERDEEN,235255,235255,0
2017-12-01,December 2017,Non UK Reporting Airports,ALDERNEY,3361,3361,0
2017-12-01,December 2017,Other UK Airports,BARRA,779,779,0
2017-12-01,December 2017,Other UK Airports,BELFAST CITY (GEORGE BEST),182563,182563,0
2017-12-01,December 2017,Other UK Airports,BELFAST INTERNATIONAL,392945,392945,0
2017-12-01,December 2017,Other UK Airports,BENBECULA,2573,2543,30
2017-12-01,December 2017,Other UK Airports,BIGGIN HILL,61,61,0
2017-12-01,December 2017,Other UK Airports,BIRMINGHAM,791152,790419,733
2017-12-01,December 2017,Other UK Airports,BLACKPOOL,2143,2143,0
2017-12-01,December 2017,Other UK Airports,BOURNEMOUTH,31870,31657,213
2017-12-01,December 2017,Other UK Airports,BRISTOL,517378,517164,214
2017-12-01,December 2017,Other UK Airports,CAMPBELTOWN,459,457,2
2017-12-01,December 2017,Other UK Airports,CARDIFF WALES,80045,80045,0
2017-12-01,December 2017,Other UK Airports,CITY OF DERRY (EGLINTON),15387,15387,0
2017-12-01,December 2017,Other UK Airports,DONCASTER SHEFFIELD,78581,78581,0
2017-12-01,December 2017,Other UK Airports,DUNDEE,1572,1572,0
2017-12-01,December 2017,Other UK Airports,DURHAM TEES VALLEY,12428,11636,792
2017-12-01,December 2017,Other UK Airports,EAST MIDLANDS INTERNATIONAL,225221,225221,0
2017-12-01,December 2017,Other UK Airports,EDINBURGH,923929,923724,205
2017-12-01,December 2017,Other UK Airports,EXETER,62617,62617,0
2017-12-01,December 2017,London Area Airports,GATWICK,3171068,3170610,458
2017-12-01,December 2017,Other UK Airports,GLASGOW,617901,617833,68
2017-12-01,December 2017,Other UK Airports,GLOUCESTERSHIRE,0,0,0
2017-12-01,December 2017,Non UK Reporting Airports,GUERNSEY,62155,59320,2835
2017-12-01,December 2017,London Area Airports,HEATHROW,6338026,6335582,2444
2017-12-01,December 2017,Other UK Airports,HUMBERSIDE,12873,12844,29
2017-12-01,December 2017,Other UK Airports,INVERNESS,57287,57287,0
2017-12-01,December 2017,Other UK Airports,ISLAY,1556,1543,13
2017-12-01,December 2017,Non UK Reporting Airports,ISLE OF MAN,63975,63975,0
2017-12-01,December 2017,Other UK Airports,ISLES OF SCILLY (ST.MARYS),2815,2815,0
2017-12-01,December 2017,Non UK Reporting Airports,JERSEY,111182,109321,1861
2017-12-01,December 2017,Other UK Airports,KIRKWALL,12682,11977,705
2017-12-01,December 2017,Other UK Airports,LANDS END (ST JUST),2515,2491,24
2017-12-01,December 2017,Other UK Airports,LEEDS BRADFORD,200560,200421,139
2017-12-01,December 2017,Other UK Airports,LERWICK (TINGWALL),106,106,0
2017-12-01,December 2017,Other UK Airports,LIVERPOOL (JOHN LENNON),339327,339327,0
2017-12-01,December 2017,London Area Airports,LONDON CITY,324968,324968,0
2017-12-01,December 2017,London Area Airports,LUTON,1072628,1072628,0
2017-12-01,December 2017,Other UK Airports,LYDD,15,15,0
2017-12-01,December 2017,Other UK Airports,MANCHESTER,1835595,1832467,3128
2017-12-01,December 2017,Other UK Airports,NEWCASTLE,300389,300170,219
2017-12-01,December 2017,Other UK Airports,NEWQUAY,24245,24245,0
2017-12-01,December 2017,Other UK Airports,NORWICH,31666,31666,0
2017-12-01,December 2017,Other UK Airports,PRESTWICK,25868,25786,82
2017-12-01,December 2017,Other UK Airports,SCATSTA,13734,13734,0
2017-12-01,December 2017,Other UK Airports,SOUTHAMPTON,150691,150691,0
2017-12-01,December 2017,London Area Airports,SOUTHEND,83558,83558,0
2017-12-01,December 2017,London Area Airports,STANSTED,1831754,1831754,0
2017-12-01,December 2017,Other UK Airports,STORNOWAY,10826,10708,118
2017-12-01,December 2017,Other UK Airports,SUMBURGH,18911,18911,0
2017-12-01,December 2017,Other UK Airports,TIREE,747,732,15
2017-12-01,December 2017,Other UK Airports,WICK JOHN O GROATS,1177,1177,0
2018-01-01,January 2018,Other UK Airports,ABERDEEN,217889,217889,0
2018-01-01,January 2018,Non UK Reporting Airports,ALDERNEY,2840,2840,0
2018-01-01,January 2018,Other UK Airports,BARRA,854,854,0
2018-01-01,January 2018,Other UK Airports,BELFAST CITY (GEORGE BEST),163123,163106,17
2018-01-01,January 2018,Other UK Airports,BELFAST INTERNATIONAL,364465,364465,0
2018-01-01,January 2018,Other UK Airports,BENBECULA,2301,2301,0
2018-01-01,January 2018,Other UK Airports,BIGGIN HILL,48,48,0
2018-01-01,January 2018,Other UK Airports,BIRMINGHAM,746609,746382,227
2018-01-01,January 2018,Other UK Airports,BLACKPOOL,1781,1781,0
2018-01-01,January 2018,Other UK Airports,BOURNEMOUTH,31379,31379,0
2018-01-01,January 2018,Other UK Airports,BRISTOL,486483,486205,278
2018-01-01,January 2018,Other UK Airports,CAMPBELTOWN,540,538,2
2018-01-01,January 2018,Other UK Airports,CARDIFF WALES,70749,70297,452
2018-01-01,January 2018,Other UK Airports,CITY OF DERRY (EGLINTON),14595,14595,0
2018-01-01,January 2018,Other UK Airports,DONCASTER SHEFFIELD,71492,71492,0
2018-01-01,January 2018,Other UK Airports,DUNDEE,1436,1436,0
2018-01-01,January 2018,Other UK Airports,DURHAM TEES VALLEY,11843,10501,1342
2018-01-01,January 2018,Other UK Airports,EAST MIDLANDS INTERNATIONAL,212614,212614,0
2018-01-01,January 2018,Other UK Airports,EDINBURGH,836943,836943,0
2018-01-01,January 2018,Other UK Airports,EXETER,52007,52007,0
2018-01-01,January 2018,London Area Airports,GATWICK,2847495,2847495,0
2018-01-01,January 2018,Other UK Airports,GLASGOW,579990,579888,102
2018-01-01,January 2018,Other UK Airports,GLOUCESTERSHIRE,0,0,0
2018-01-01,January 2018,Non UK Reporting Airports,GUERNSEY,51470,48688,2782
2018-01-01,January 2018,London Area Airports,HEATHROW,5769134,5766092,3042
2018-01-01,January 2018,Other UK Airports,HUMBERSIDE,13028,13017,11
2018-01-01,January 2018,Other UK Airports,INVERNESS,47167,47167,0
2018-01-01,January 2018,Other UK Airports,ISLAY,1811,1799,12
2018-01-01,January 2018,Non UK Reporting Airports,ISLE OF MAN,54582,54582,0
2018-01-01,January 2018,Other UK Airports,ISLES OF SCILLY (ST.MARYS),2772,2772,0
2018-01-01,January 2018,Non UK Reporting Airports,JERSEY,88601,86968,1633
2018-01-01,January 2018,Other UK Airports,KIRKWALL,11341,10830,511
2018-01-01,January 2018,Other UK Airports,LANDS END (ST JUST),2505,2448,57
2018-01-01,January 2018,Other UK Airports,LEEDS BRADFORD,177490,177291,199
2018-01-01,January 2018,Other UK Airports,LERWICK (TINGWALL),113,113,0
2018-01-01,January 2018,Other UK Airports,LIVERPOOL (JOHN LENNON),323321,322065,1256
2018-01-01,January 2018,London Area Airports,LONDON CITY,320258,320258,0
2018-01-01,January 2018,London Area Airports,LUTON,1034068,1033841,227
2018-01-01,January 2018,Other UK Airports,LYDD,0,0,0
2018-01-01,January 2018,Other UK Airports,MANCHESTER,1667010,1664456,2554
2018-01-01,January 2018,Other UK Airports,NEWCASTLE,282100,281822,278
2018-01-01,January 2018,Other UK Airports,NEWQUAY,20231,20231,0
2018-01-01,January 2018,Other UK Airports,NORWICH,28422,28422,0
2018-01-01,January 2018,Other UK Airports,OXFORD (KIDLINGTON),0,0,0
2018-01-01,January 2018,Other UK Airports,PRESTWICK,24815,24630,185
2018-01-01,January 2018,Other UK Airports,SCATSTA,14573,14573,0
2018-01-01,January 2018,Other UK Airports,SOUTHAMPTON,129511,129511,0
2018-01-01,January 2018,London Area Airports,SOUTHEND,65710,65710,0
2018-01-01,January 2018,London Area Airports,STANSTED,1801579,1801579,0
2018-01-01,January 2018,Other UK Airports,STORNOWAY,9558,9391,167
2018-01-01,January 2018,Other UK Airports,SUMBURGH,16368,16358,10
2018-01-01,January 2018,Other UK Airports,TIREE,675,632,43
2018-01-01,January 2018,Other UK Airports,WICK JOHN O GROATS,1139,1139,0
2018-02-01,February 2018,Other UK Airports,ABERDEEN,214025,214025,0
2018-02-01,February 2018,Non UK Reporting Airports,ALDERNEY,2820,2820,0
2018-02-01,February 2018,Other UK Airports,BARRA,959,959,0
2018-02-01,February 2018,Other UK Airports,BELFAST CITY (GEORGE BEST),174220,174092,128
2018-02-01,February 2018,Other UK Airports,BELFAST INTERNATIONAL,382676,382676,0
2018-02-01,February 2018,Other UK Airports,BENBECULA,2279,2279,0
2018-02-01,February 2018,Other UK Airports,BIGGIN HILL,204,204,0
2018-02-01,February 2018,Other UK Airports,BIRMINGHAM,764901,764881,20
2018-02-01,February 2018,Other UK Airports,BLACKPOOL,1809,1809,0
2018-02-01,February 2018,Other UK Airports,BOURNEMOUTH,31771,31771,0
2018-02-01,February 2018,Other UK Airports,BRISTOL,517633,517201,432
2018-02-01,February 2018,Other UK Airports,CAMPBELTOWN,474,474,0
2018-02-01,February 2018,Other UK Airports,CARDIFF WALES,78020,78020,0
2018-02-01,February 2018,Other UK Airports,CITY OF DERRY (EGLINTON),14977,14977,0
2018-02-01,February 2018,Other UK Airports,DONCASTER SHEFFIELD,61392,61392,0
2018-02-01,February 2018,Other UK Airports,DUNDEE,1402,1402,0
2018-02-01,February 2018,Other UK Airports,DURHAM TEES VALLEY,10596,10459,137
2018-02-01,February 2018,Other UK Airports,EAST MIDLANDS INTERNATIONAL,216547,216547,0
2018-02-01,February 2018,Other UK Airports,EDINBURGH,844685,844547,138
2018-02-01,February 2018,Other UK Airports,EXETER,55385,55385,0
2018-02-01,February 2018,London Area Airports,GATWICK,2980212,2979872,340
2018-02-01,February 2018,Other UK Airports,GLASGOW,567221,566863,358
2018-02-01,February 2018,Other UK Airports,GLOUCESTERSHIRE,0,0,0
2018-02-01,February 2018,Non UK Reporting Airports,GUERNSEY,51628,49079,2549
2018-02-01,February 2018,London Area Airports,HEATHROW,5348199,5345972,2227
2018-02-01,February 2018,Other UK Airports,HUMBERSIDE,12295,12214,81
2018-02-01,February 2018,Other UK Airports,INVERNESS,51602,51602,0
2018-02-01,February 2018,Other UK Airports,ISLAY,1820,1795,25
2018-02-01,February 2018,Non UK Reporting Airports,ISLE OF MAN,58379,58379,0
2018-02-01,February 2018,Other UK Airports,ISLES OF SCILLY (ST.MARYS),3291,3291,0
2018-02-01,February 2018,Non UK Reporting Airports,JERSEY,97626,96668,958
2018-02-01,February 2018,Other UK Airports,KIRKWALL,11735,11012,723
2018-02-01,February 2018,Other UK Airports,LANDS END (ST JUST),2853,2797,56
2018-02-01,February 2018,Other UK Airports,LEEDS BRADFORD,198161,197935,226
2018-02-01,February 2018,Other UK Airports,LERWICK (TINGWALL),221,221,0
2018-02-01,February 2018,Other UK Airports,LIVERPOOL (JOHN LENNON),335362,335030,332
2018-02-01,February 2018,London Area Airports,LONDON CITY,329634,329634,0
2018-02-01,February 2018,London Area Airports,LUTON,1053462,1053101,361
2018-02-01,February 2018,Other UK Airports,LYDD,11,11,0
2018-02-01,February 2018,Other UK Airports,MANCHESTER,1680919,1678336,2583
2018-02-01,February 2018,Other UK Airports,NEWCASTLE,288274,288129,145
2018-02-01,February 2018,Other UK Airports,NEWQUAY,20549,20549,0
2018-02-01,February 2018,Other UK Airports,NORWICH,28243,28243,0
2018-02-01,February 2018,Other UK Airports,PRESTWICK,24868,24864,4
2018-02-01,February 2018,Other UK Airports,SCATSTA,13497,13497,0
2018-02-01,February 2018,Other UK Airports,SOUTHAMPTON,134506,134452,54
2018-02-01,February 2018,London Area Airports,SOUTHEND,79015,79015,0
2018-02-01,February 2018,London Area Airports,STANSTED,1731648,1731648,0
2018-02-01,February 2018,Other UK Airports,STORNOWAY,9903,9664,239
2018-02-01,February 2018,Other UK Airports,SUMBURGH,16482,16482,0
2018-02-01,February 2018,Other UK Airports,TIREE,714,674,40
2018-02-01,February 2018,Other UK Airports,WICK JOHN O GROATS,1226,1226,0
2018-03-01,March 2018,Other UK Airports,ABERDEEN,242486,242486,0
2018-03-01,March 2018,Non UK Reporting Airports,ALDERNEY,3687,3687,0
2018-03-01,March 2018,Other UK Airports,BARRA,1160,1160,0
2018-03-01,March 2018,Other UK Airports,BELFAST CITY (GEORGE BEST),194453,194238,215
2018-03-01,March 2018,Other UK Airports,BELFAST INTERNATIONAL,450204,450197,7
2018-03-01,March 2018,Other UK Airports,BENBECULA,2573,2573,0
2018-03-01,March 2018,Other UK Airports,BIGGIN HILL,65,65,0
2018-03-01,March 2018,Other UK Airports,BIRMINGHAM,879517,879381,136
2018-03-01,March 2018,Other UK Airports,BLACKPOOL,1666,1666,0
2018-03-01,March 2018,Other UK Airports,BOURNEMOUTH,40298,40298,0
2018-03-01,March 2018,Other UK Airports,BRISTOL,555522,555041,481
2018-03-01,March 2018,Other UK Airports,CAMPBELTOWN,693,693,0
2018-03-01,March 2018,Other UK Airports,CARDIFF WALES,96153,95976,177
2018-03-01,March 2018,Other UK Airports,CITY OF DERRY (EGLINTON),15884,15884,0
2018-03-01,March 2018,Other UK Airports,DONCASTER SHEFFIELD,81353,81303,50
2018-03-01,March 2018,Other UK Airports,DUNDEE,1615,1615,0
2018-03-01,March 2018,Other UK Airports,DURHAM TEES VALLEY,12076,11987,89
2018-03-01,March 2018,Other UK Airports,EAST MIDLANDS INTERNATIONAL,274683,274609,74
2018-03-01,March 2018,Other UK Airports,EDINBURGH,963363,963363,0
2018-03-01,March 2018,Other UK Airports,EXETER,57790,57769,21
2018-03-01,March 2018,London Area Airports,GATWICK,3476905,3476303,602
2018-03-01,March 2018,Other UK Airports,GLASGOW,665079,664586,493
2018-03-01,March 2018,Other UK Airports,GLOUCESTERSHIRE,0,0,0
2018-03-01,March 2018,Non UK Reporting Airports,GUERNSEY,61709,59270,2439
2018-03-01,March 2018,London Area Airports,HEATHROW,6451345,6449053,2292
2018-03-01,March 2018,Other UK Airports,HUMBERSIDE,13961,13874,87
2018-03-01,March 2018,Other UK Airports,INVERNESS,62564,62564,0
2018-03-01,March 2018,Other UK Airports,ISLAY,2504,2477,27
2018-03-01,March 2018,Non UK Reporting Airports,ISLE OF MAN,64866,64866,0
2018-03-01,March 2018,Other UK Airports,ISLES OF SCILLY (ST.MARYS),5386,5386,0
2018-03-01,March 2018,Non UK Reporting Airports,JERSEY,100600,100600,0
2018-03-01,March 2018,Other UK Airports,KIRKWALL,13897,12970,927
2018-03-01,March 2018,Other UK Airports,LANDS END (ST JUST),4128,4077,51
2018-03-01,March 2018,Other UK Airports,LEEDS BRADFORD,225584,225381,203
2018-03-01,March 2018,Other UK Airports,LERWICK (TINGWALL),224,224,0
2018-03-01,March 2018,Other UK Airports,LIVERPOOL (JOHN LENNON),387006,386582,424
2018-03-01,March 2018,London Area Airports,LONDON CITY,383265,383265,0
2018-03-01,March 2018,London Area Airports,LUTON,1225318,1225296,22
2018-03-01,March 2018,Other UK Airports,LYDD,10,10,0
2018-03-01,March 2018,Other UK Airports,MANCHESTER,1994767,1990357,4410
2018-03-01,March 2018,Other UK Airports,NEWCASTLE,342391,342113,278
2018-03-01,March 2018,Other UK Airports,NEWQUAY,24217,24207,10
2018-03-01,March 2018,Other UK Airports,NORWICH,34767,34767,0
2018-03-01,March 2018,Other UK Airports,PRESTWICK,38361,38356,5
2018-03-01,March 2018,Other UK Airports,SCATSTA,14139,14139,0
2018-03-01,March 2018,Other UK Airports,SOUTHAMPTON,147156,147156,0
2018-03-01,March 2018,London Area Airports,SOUTHEND,91723,91723,0
2018-03-01,March 2018,London Area Airports,STANSTED,1989109,1988754,355
2018-03-01,March 2018,Other UK Airports,STORNOWAY,10412,10192,220
2018-03-01,March 2018,Other UK Airports,SUMBURGH,19043,19043,0
2018-03-01,March 2018,Other UK Airports,TIREE,932,911,21
2018-03-01,March 2018,Other UK Airports,WICK JOHN O GROATS,1394,1375,19
2018-04-01,April 2018,Other UK Airports,ABERDEEN,254237,254237,0
2018-04-01,April 2018,Non UK Reporting Airports,ALDERNEY,4096,4096,0
2018-04-01,April 2018,Other UK Airports,BARRA,1402,1402,0
2018-04-01,April 2018,Other UK Airports,BELFAST CITY (GEORGE BEST),204267,203961,306
2018-04-01,April 2018,Other UK Airports,BELFAST INTERNATIONAL,498574,498574,0
2018-04-01,April 2018,Other UK Airports,BENBECULA,2721,2721,0
2018-04-01,April 2018,Other UK Airports,BIGGIN HILL,124,124,0
2018-04-01,April 2018,Other UK Airports,BIRMINGHAM,962715,962676,39
2018-04-01,April 2018,Other UK Airports,BLACKPOOL,2297,2297,0
2018-04-01,April 2018,Other UK Airports,BOURNEMOUTH,64431,64431,0
2018-04-01,April 2018,Other UK Airports,BRISTOL,703428,702940,488
2018-04-01,April 2018,Other UK Airports,CAMPBELTOWN,651,645,6
2018-04-01,April 2018,Other UK Airports,CARDIFF WALES,105117,104874,243
2018-04-01,April 2018,Other UK Airports,CITY OF DERRY (EGLINTON),14988,14988,0
2018-04-01,April 2018,Other UK Airports,DONCASTER SHEFFIELD,94263,94261,2
2018-04-01,April 2018,Other UK Airports,DUNDEE,1562,1562,0
2018-04-01,April 2018,Other UK Airports,DURHAM TEES VALLEY,11905,11811,94
2018-04-01,April 2018,Other UK Airports,EAST MIDLANDS INTERNATIONAL,405286,405286,0
2018-04-01,April 2018,Other UK Airports,EDINBURGH,1205233,1205233,0
2018-04-01,April 2018,Other UK Airports,EXETER,74967,74967,0
2018-04-01,April 2018,London Area Airports,GATWICK,3742717,3742456,261
2018-04-01,April 2018,Other UK Airports,GLASGOW,798259,798259,0
2018-04-01,April 2018,Non UK Reporting Airports,GUERNSEY,66049,63653,2396
2018-04-01,April 2018,London Area Airports,HEATHROW,6537414,6535698,1716
2018-04-01,April 2018,Other UK Airports,HUMBERSIDE,13992,13938,54
2018-04-01,April 2018,Other UK Airports,INVERNESS,79455,79431,24
2018-04-01,April 2018,Other UK Airports,ISLAY,3023,3000,23
2018-04-01,April 2018,Non UK Reporting Airports,ISLE OF MAN,65462,65462,0
2018-04-01,April 2018,Other UK Airports,ISLES OF SCILLY (ST.MARYS),9098,9098,0
2018-04-01,April 2018,Non UK Reporting Airports,JERSEY,117734,117734,0
2018-04-01,April 2018,Other UK Airports,KIRKWALL,15096,14039,1057
2018-04-01,April 2018,Other UK Airports,LANDS END (ST JUST),5958,5957,1
2018-04-01,April 2018,Other UK Airports,LEEDS BRADFORD,300208,299961,247
2018-04-01,April 2018,Other UK Airports,LERWICK (TINGWALL),337,337,0
2018-04-01,April 2018,Other UK Airports,LIVERPOOL (JOHN LENNON),438296,438117,179
2018-04-01,April 2018,London Area Airports,LONDON CITY,385190,385190,0
2018-04-01,April 2018,London Area Airports,LUTON,1404430,1403688,742
2018-04-01,April 2018,Other UK Airports,LYDD,0,0,0
2018-04-01,April 2018,Other UK Airports,MANCHESTER,2202186,2198411,3775
2018-04-01,April 2018,Other UK Airports,NEWCASTLE,402096,401971,125
2018-04-01,April 2018,Other UK Airports,NEWQUAY,38445,38440,5
2018-04-01,April 2018,Other UK Airports,NORWICH,35774,35774,0
2018-04-01,April 2018,Other UK Airports,PRESTWICK,74901,74896,5
2018-04-01,April 2018,Other UK Airports,SCATSTA,16213,16213,0
2018-04-01,April 2018,Other UK Airports,SOUTHAMPTON,168899,168899,0
2018-04-01,April 2018,London Area Airports,SOUTHEND,113203,113203,0
2018-04-01,April 2018,London Area Airports,STANSTED,2363926,2363800,126
2018-04-01,April 2018,Other UK Airports,STORNOWAY,10409,10287,122
2018-04-01,April 2018,Other UK Airports,SUMBURGH,19154,19148,6
2018-04-01,April 2018,Other UK Airports,TIREE,1031,995,36
2018-04-01,April 2018,Other UK Airports,WICK JOHN O GROATS,1346,1346,0
2018-05-01,May 2018,Other UK Airports,ABERDEEN,276578,276578,0
2018-05-01,May 2018,Non UK Reporting Airports,ALDERNEY,4692,4692,0
2018-05-01,May 2018,Other UK Airports,BARRA,1569,1569,0
2018-05-01,May 2018,Other UK Airports,BELFAST CITY (GEORGE BEST),232133,231916,217
2018-05-01,May 2018,Other UK Airports,BELFAST INTERNATIONAL,557484,557484,0
2018-05-01,May 2018,Other UK Airports,BENBECULA,3219,3219,0
2018-05-01,May 2018,Other UK Airports,BIGGIN HILL,108,108,0
2018-05-01,May 2018,Other UK Airports,BIRMINGHAM,1132818,1132818,0
2018-05-01,May 2018,Other UK Airports,BLACKPOOL,1818,1818,0
2018-05-01,May 2018,Other UK Airports,BOURNEMOUTH,71567,71567,0
2018-05-01,May 2018,Other UK Airports,BRISTOL,834439,834054,385
2018-05-01,May 2018,Other UK Airports,CAMPBELTOWN,955,946,9
2018-05-01,May 2018,Other UK Airports,CARDIFF WALES,164966,164897,69
2018-05-01,May 2018,Other UK Airports,CITY OF DERRY (EGLINTON),15541,15541,0
2018-05-01,May 2018,Other UK Airports,DONCASTER SHEFFIELD,122235,122235,0
2018-05-01,May 2018,Other UK Airports,DUNDEE,2023,2023,0
2018-05-01,May 2018,Other UK Airports,DURHAM TEES VALLEY,12218,12121,97
2018-05-01,May 2018,Other UK Airports,EAST MIDLANDS INTERNATIONAL,517080,517080,0
2018-05-01,May 2018,Other UK Airports,EDINBURGH,1324075,1324005,70
2018-05-01,May 2018,Other UK Airports,EXETER,87578,87530,48
2018-05-01,May 2018,London Area Airports,GATWICK,4103134,4102697,437
2018-05-01,May 2018,Other UK Airports,GLASGOW,928240,928240,0
2018-05-01,May 2018,Non UK Reporting Airports,GUERNSEY,75785,72838,2947
2018-05-01,May 2018,London Area Airports,HEATHROW,6629804,6626923,2881
2018-05-01,May 2018,Other UK Airports,HUMBERSIDE,16722,16684,38
2018-05-01,May 2018,Other UK Airports,INVERNESS,86099,86025,74
2018-05-01,May 2018,Other UK Airports,ISLAY,3619,3587,32
2018-05-01,May 2018,Non UK Reporting Airports,ISLE OF MAN,74790,74790,0
2018-05-01,May 2018,Other UK Airports,ISLES OF SCILLY (ST.MARYS),10868,10868,0
2018-05-01,May 2018,Non UK Reporting Airports,JERSEY,159746,157810,1936
2018-05-01,May 2018,Other UK Airports,KIRKWALL,17916,16713,1203
2018-05-01,May 2018,Other UK Airports,LANDS END (ST JUST),6641,6641,0
2018-05-01,May 2018,Other UK Airports,LEEDS BRADFORD,389259,388966,293
2018-05-01,May 2018,Other UK Airports,LERWICK (TINGWALL),543,543,0
2018-05-01,May 2018,Other UK Airports,LIVERPOOL (JOHN LENNON),464438,464104,334
2018-05-01,May 2018,London Area Airports,LONDON CITY,424392,424392,0
2018-05-01,May 2018,London Area Airports,LUTON,1519110,1519110,0
2018-05-01,May 2018,Other UK Airports,LYDD,3,3,0
2018-05-01,May 2018,Other UK Airports,MANCHESTER,2495356,2490941,4415
2018-05-01,May 2018,Other UK Airports,NEWCASTLE,519095,518890,205
2018-05-01,May 2018,Other UK Airports,NEWQUAY,46469,46447,22
2018-05-01,May 2018,Other UK Airports,NORWICH,53568,53568,0
2018-05-01,May 2018,Other UK Airports,OXFORD (KIDLINGTON),100,100,0
2018-05-01,May 2018,Other UK Airports,PRESTWICK,79563,79553,10
2018-05-01,May 2018,Other UK Airports,SCATSTA,17169,17169,0
2018-05-01,May 2018,Other UK Airports,SOUTHAMPTON,182987,182987,0
2018-05-01,May 2018,London Area Airports,SOUTHEND,128592,128592,0
2018-05-01,May 2018,London Area Airports,STANSTED,2516480,2516480,0
2018-05-01,May 2018,Other UK Airports,STORNOWAY,12615,12421,194
2018-05-01,May 2018,Other UK Airports,SUMBURGH,21966,21966,0
2018-05-01,May 2018,Other UK Airports,TIREE,1304,1268,36
2018-05-01,May 2018,Other UK Airports,WICK JOHN O GROATS,1604,1604,0
2018-06-01,June 2018,Other UK Airports,ABERDEEN,276391,276391,0
2018-06-01,June 2018,Non UK Reporting Airports,ALDERNEY,5023,5023,0
2018-06-01,June 2018,Other UK Airports,BARRA,1516,1516,0
2018-06-01,June 2018,Other UK Airports,BELFAST CITY (GEORGE BEST),234347,234263,84
2018-06-01,June 2018,Other UK Airports,BELFAST INTERNATIONAL,608884,608884,0
2018-06-01,June 2018,Other UK Airports,BENBECULA,3312,3299,13
2018-06-01,June 2018,Other UK Airports,BIGGIN HILL,90,90,0
2018-06-01,June 2018,Other UK Airports,BIRMINGHAM,1239181,1239151,30
2018-06-01,June 2018,Other UK Airports,BLACKPOOL,1698,1698,0
2018-06-01,June 2018,Other UK Airports,BOURNEMOUTH,74870,74870,0
2018-06-01,June 2018,Other UK Airports,BRISTOL,907964,907578,386
2018-06-01,June 2018,Other UK Airports,CAMPBELTOWN,835,835,0
2018-06-01,June 2018,Other UK Airports,CARDIFF WALES,181531,181292,239
2018-06-01,June 2018,Other UK Airports,CITY OF DERRY (EGLINTON),15769,15769,0
2018-06-01,June 2018,Other UK Airports,DONCASTER SHEFFIELD,135465,135465,0
2018-06-01,June 2018,Other UK Airports,DUNDEE,1834,1834,0
2018-06-01,June 2018,Other UK Airports,DURHAM TEES VALLEY,13035,12921,114
2018-06-01,June 2018,Other UK Airports,EAST MIDLANDS INTERNATIONAL,560272,560272,0
2018-06-01,June 2018,Other UK Airports,EDINBURGH,1393083,1392839,244
2018-06-01,June 2018,Other UK Airports,EXETER,95651,95637,14
2018-06-01,June 2018,London Area Airports,GATWICK,4499857,4499025,832
2018-06-01,June 2018,Other UK Airports,GLASGOW,1008111,1007911,200
2018-06-01,June 2018,Other UK Airports,GLOUCESTERSHIRE,0,0,0
2018-06-01,June 2018,Non UK Reporting Airports,GUERNSEY,77887,75220,2667
2018-06-01,June 2018,London Area Airports,HEATHROW,7086917,7084576,2341
2018-06-01,June 2018,Other UK Airports,HUMBERSIDE,18372,18304,68
2018-06-01,June 2018,Other UK Airports,INVERNESS,87270,87008,262
2018-06-01,June 2018,Other UK Airports,ISLAY,3358,3331,27
2018-06-01,June 2018,Non UK Reporting Airports,ISLE OF MAN,87506,87506,0
2018-06-01,June 2018,Other UK Airports,ISLES OF SCILLY (ST.MARYS),11957,11957,0
2018-06-01,June 2018,Non UK Reporting Airports,JERSEY,169794,168445,1349
2018-06-01,June 2018,Other UK Airports,KIRKWALL,17796,16627,1169
2018-06-01,June 2018,Other UK Airports,LANDS END (ST JUST),7286,7262,24
2018-06-01,June 2018,Other UK Airports,LEEDS BRADFORD,463420,463393,27
2018-06-01,June 2018,Other UK Airports,LERWICK (TINGWALL),470,470,0
2018-06-01,June 2018,Other UK Airports,LIVERPOOL (JOHN LENNON),462856,462606,250
2018-06-01,June 2018,London Area Airports,LONDON CITY,443721,443721,0
2018-06-01,June 2018,London Area Airports,LUTON,1585660,1585355,305
2018-06-01,June 2018,Other UK Airports,LYDD,47,47,0
2018-06-01,June 2018,Other UK Airports,MANCHESTER,2853875,2848855,5020
2018-06-01,June 2018,Other UK Airports,NEWCASTLE,588374,588064,310
2018-06-01,June 2018,Other UK Airports,NEWQUAY,54652,54417,235
2018-06-01,June 2018,Other UK Airports,NORWICH,58572,58572,0
2018-06-01,June 2018,Other UK Airports,PRESTWICK,80083,79570,513
2018-06-01,June 2018,Other UK Airports,SCATSTA,16887,16887,0
2018-06-01,June 2018,Other UK Airports,SOUTHAMPTON,187633,187633,0
2018-06-01,June 2018,London Area Airports,SOUTHEND,144069,144069,0
2018-06-01,June 2018,London Area Airports,STANSTED,2635451,2635372,79
2018-06-01,June 2018,Other UK Airports,STORNOWAY,12346,12120,226
2018-06-01,June 2018,Other UK Airports,SUMBURGH,22371,22355,16
2018-06-01,June 2018,Other UK Airports,TIREE,1331,1305,26
2018-06-01,June 2018,Other UK Airports,WICK JOHN O GROATS,1606,1606,0
2018-07-01,July 2018,Other UK Airports,ABERDEEN,291385,291362,23
2018-07-01,July 2018,Non UK Reporting Airports,ALDERNEY,6012,6012,0
2018-07-01,July 2018,Other UK Airports,BARRA,1570,1570,0
2018-07-01,July 2018,Other UK Airports,BELFAST CITY (GEORGE BEST),250504,250504,0
2018-07-01,July 2018,Other UK Airports,BELFAST INTERNATIONAL,676383,676383,0
2018-07-01,July 2018,Other UK Airports,BENBECULA,3435,3435,0
2018-07-01,July 2018,Other UK Airports,BIGGIN HILL,230,230,0
2018-07-01,July 2018,Other UK Airports,BIRMINGHAM,1313887,1312986,901
2018-07-01,July 2018,Other UK Airports,BLACKPOOL,2469,2469,0
2018-07-01,July 2018,Other UK Airports,BOURNEMOUTH,74453,74453,0
2018-07-01,July 2018,Other UK Airports,BRISTOL,938776,938411,365
2018-07-01,July 2018,Other UK Airports,CAMPBELTOWN,932,916,16
2018-07-01,July 2018,Other UK Airports,CARDIFF WALES,192021,191944,77
2018-07-01,July 2018,Other UK Airports,CITY OF DERRY (EGLINTON),18288,18288,0
2018-07-01,July 2018,Other UK Airports,DONCASTER SHEFFIELD,139863,139863,0
2018-07-01,July 2018,Other UK Airports,DUNDEE,2118,2118,0
2018-07-01,July 2018,Other UK Airports,DURHAM TEES VALLEY,11701,11603,98
2018-07-01,July 2018,Other UK Airports,EAST MIDLANDS INTERNATIONAL,576208,576208,0
2018-07-01,July 2018,Other UK Airports,EDINBURGH,1499476,1499155,321
2018-07-01,July 2018,Other UK Airports,EXETER,97945,97945,0
2018-07-01,July 2018,London Area Airports,GATWICK,4797036,4795868,1168
2018-07-01,July 2018,Other UK Airports,GLASGOW,1066738,1066159,579
2018-07-01,July 2018,Non UK Reporting Airports,GUERNSEY,84416,81584,2832
2018-07-01,July 2018,London Area Airports,HEATHROW,7796030,7793509,2521
2018-07-01,July 2018,Other UK Airports,HUMBERSIDE,18078,18076,2
2018-07-01,July 2018,Other UK Airports,INVERNESS,98272,98032,240
2018-07-01,July 2018,Other UK Airports,ISLAY,3302,3277,25
2018-07-01,July 2018,Non UK Reporting Airports,ISLE OF MAN,73519,73519,0
2018-07-01,July 2018,Other UK Airports,ISLES OF SCILLY (ST.MARYS),13412,13412,0
2018-07-01,July 2018,Non UK Reporting Airports,JERSEY,185645,184205,1440
2018-07-01,July 2018,Other UK Airports,KIRKWALL,17781,16551,1230
2018-07-01,July 2018,Other UK Airports,LANDS END (ST JUST),8567,8531,36
2018-07-01,July 2018,Other UK Airports,LEEDS BRADFORD,501352,501352,0
2018-07-01,July 2018,Other UK Airports,LERWICK (TINGWALL),492,492,0
2018-07-01,July 2018,Other UK Airports,LIVERPOOL (JOHN LENNON),490901,490347,554
2018-07-01,July 2018,London Area Airports,LONDON CITY,473866,473866,0
2018-07-01,July 2018,London Area Airports,LUTON,1695575,1694726,849
2018-07-01,July 2018,Other UK Airports,LYDD,65,65,0
2018-07-01,July 2018,Other UK Airports,MANCHESTER,3047987,3044919,3068
2018-07-01,July 2018,Other UK Airports,NEWCASTLE,616656,616523,133
2018-07-01,July 2018,Other UK Airports,NEWQUAY,59188,59138,50
2018-07-01,July 2018,Other UK Airports,NORWICH,59009,59009,0
2018-07-01,July 2018,Other UK Airports,PRESTWICK,82551,82544,7
2018-07-01,July 2018,Other UK Airports,SCATSTA,16065,16065,0
2018-07-01,July 2018,Other UK Airports,SOUTHAMPTON,201243,201243,0
2018-07-01,July 2018,London Area Airports,SOUTHEND,167047,167047,0
2018-07-01,July 2018,London Area Airports,STANSTED,2770804,2770369,435
2018-07-01,July 2018,Other UK Airports,STORNOWAY,12566,12367,199
2018-07-01,July 2018,Other UK Airports,SUMBURGH,20840,20821,19
2018-07-01,July 2018,Other UK Airports,TIREE,1653,1611,42
2018-07-01,July 2018,Other UK Airports,WICK JOHN O GROATS,1475,1475,0
2018-08-01,August 2018,Other UK Airports,ABERDEEN,283635,283635,0
2018-08-01,August 2018,Non UK Reporting Airports,ALDERNEY,7314,7314,0
2018-08-01,August 2018,Other UK Airports,BARRA,1504,1504,0
2018-08-01,August 2018,Other UK Airports,BELFAST CITY (GEORGE BEST),255024,255024,0
2018-08-01,August 2018,Other UK Airports,BELFAST INTERNATIONAL,672018,672018,0
2018-08-01,August 2018,Other UK Airports,BENBECULA,3336,3336,0
2018-08-01,August 2018,Other UK Airports,BIGGIN HILL,312,312,0
2018-08-01,August 2018,Other UK Airports,BIRMINGHAM,1368524,1368293,231
2018-08-01,August 2018,Other UK Airports,BLACKPOOL,1209,1209,0
2018-08-01,August 2018,Other UK Airports,BOURNEMOUTH,80514,80514,0
2018-08-01,August 2018,Other UK Airports,BRISTOL,964610,964549,61
2018-08-01,August 2018,Other UK Airports,CAMPBELTOWN,930,916,14
2018-08-01,August 2018,Other UK Airports,CARDIFF WALES,202405,202405,0
2018-08-01,August 2018,Other UK Airports,CITY OF DERRY (EGLINTON),17665,17665,0
2018-08-01,August 2018,Other UK Airports,DONCASTER SHEFFIELD,147970,147970,0
2018-08-01,August 2018,Other UK Airports,DUNDEE,1937,1937,0
2018-08-01,August 2018,Other UK Airports,DURHAM TEES VALLEY,11157,11087,70
2018-08-01,August 2018,Other UK Airports,EAST MIDLANDS INTERNATIONAL,605226,605226,0
2018-08-01,August 2018,Other UK Airports,EDINBURGH,1471940,1471647,293
2018-08-01,August 2018,Other UK Airports,EXETER,104123,104123,0
2018-08-01,August 2018,London Area Airports,GATWICK,4927752,4927598,154
2018-08-01,August 2018,Other UK Airports,GLASGOW,1011785,1011540,245
2018-08-01,August 2018,Non UK Reporting Airports,GUERNSEY,86765,83703,3062
2018-08-01,August 2018,London Area Airports,HEATHROW,7644608,7642530,2078
2018-08-01,August 2018,Other UK Airports,HUMBERSIDE,18327,18256,71
2018-08-01,August 2018,Other UK Airports,INVERNESS,96049,95758,291
2018-08-01,August 2018,Other UK Airports,ISLAY,3371,3353,18
2018-08-01,August 2018,Non UK Reporting Airports,ISLE OF MAN,79154,79154,0
2018-08-01,August 2018,Other UK Airports,ISLES OF SCILLY (ST.MARYS),12455,12455,0
2018-08-01,August 2018,Non UK Reporting Airports,JERSEY,194124,191663,2461
2018-08-01,August 2018,Other UK Airports,KIRKWALL,18440,17050,1390
2018-08-01,August 2018,Other UK Airports,LANDS END (ST JUST),8427,8412,15
2018-08-01,August 2018,Other UK Airports,LEEDS BRADFORD,520169,520169,0
2018-08-01,August 2018,Other UK Airports,LERWICK (TINGWALL),586,586,0
2018-08-01,August 2018,Other UK Airports,LIVERPOOL (JOHN LENNON),529155,528801,354
2018-08-01,August 2018,London Area Airports,LONDON CITY,440336,440336,0
2018-08-01,August 2018,London Area Airports,LUTON,1759198,1759198,0
2018-08-01,August 2018,Other UK Airports,LYDD,60,60,0
2018-08-01,August 2018,Other UK Airports,MANCHESTER,3149437,3147004,2433
2018-08-01,August 2018,Other UK Airports,NEWCASTLE,619283,619215,68
2018-08-01,August 2018,Other UK Airports,NEWQUAY,59083,59042,41
2018-08-01,August 2018,Other UK Airports,NORWICH,60936,60936,0
2018-08-01,August 2018,Other UK Airports,PRESTWICK,80173,80170,3
2018-08-01,August 2018,Other UK Airports,SCATSTA,16460,16460,0
2018-08-01,August 2018,Other UK Airports,SOUTHAMPTON,203951,203951,0
2018-08-01,August 2018,London Area Airports,SOUTHEND,189651,189651,0
2018-08-01,August 2018,London Area Airports,STANSTED,2973551,2973551,0
2018-08-01,August 2018,Other UK Airports,STORNOWAY,13190,12990,200
2018-08-01,August 2018,Other UK Airports,SUMBURGH,19863,19836,27
2018-08-01,August 2018,Other UK Airports,TIREE,1405,1354,51
2018-08-01,August 2018,Other UK Airports,WICK JOHN O GROATS,1470,1470,0
2018-09-01,September 2018,Other UK Airports,ABERDEEN,268107,268107,0
2018-09-01,September 2018,Non UK Reporting Airports,ALDERNEY,5530,5530,0
2018-09-01,September 2018,Other UK Airports,BARRA,1297,1297,0
2018-09-01,September 2018,Other UK Airports,BELFAST CITY (GEORGE BEST),220240,220240,0
2018-09-01,September 2018,Other UK Airports,BELFAST INTERNATIONAL,598628,598628,0
2018-09-01,September 2018,Other UK Airports,BENBECULA,3263,3263,0
2018-09-01,September 2018,Other UK Airports,BIGGIN HILL,237,237,0
2018-09-01,September 2018,Other UK Airports,BIRMINGHAM,1255406,1254986,420
2018-09-01,September 2018,Other UK Airports,BLACKPOOL,640,640,0
2018-09-01,September 2018,Other UK Airports,BOURNEMOUTH,76101,76101,0
2018-09-01,September 2018,Other UK Airports,BRISTOL,889035,889035,0
2018-09-01,September 2018,Other UK Airports,CAMPBELTOWN,718,718,0
2018-09-01,September 2018,Other UK Airports,CARDIFF WALES,178584,178482,102
2018-09-01,September 2018,Other UK Airports,CITY OF DERRY (EGLINTON),12136,12136,0
2018-09-01,September 2018,Other UK Airports,DONCASTER SHEFFIELD,126673,126673,0
2018-09-01,September 2018,Other UK Airports,DUNDEE,2079,2079,0
2018-09-01,September 2018,Other UK Airports,DURHAM TEES VALLEY,12649,12536,113
2018-09-01,September 2018,Other UK Airports,EAST MIDLANDS INTERNATIONAL,551719,551719,0
2018-09-01,September 2018,Other UK Airports,EDINBURGH,1364613,1364391,222
2018-09-01,September 2018,Other UK Airports,EXETER,92913,92913,0
2018-09-01,September 2018,London Area Airports,GATWICK,4479151,4479151,0
2018-09-01,September 2018,Other UK Airports,GLASGOW,955964,955914,50
2018-09-01,September 2018,Non UK Reporting Airports,GUERNSEY,81059,78474,2585
2018-09-01,September 2018,London Area Airports,HEATHROW,6959068,6957753,1315
2018-09-01,September 2018,Other UK Airports,HUMBERSIDE,18700,18550,150
2018-09-01,September 2018,Other UK Airports,INVERNESS,85678,85537,141
2018-09-01,September 2018,Other UK Airports,ISLAY,3072,3051,21
2018-09-01,September 2018,Non UK Reporting Airports,ISLE OF MAN,70669,70669,0
2018-09-01,September 2018,Other UK Airports,ISLES OF SCILLY (ST.MARYS),9843,9843,0
2018-09-01,September 2018,Non UK Reporting Airports,JERSEY,171252,169171,2081
2018-09-01,September 2018,Other UK Airports,KIRKWALL,16740,15610,1130
2018-09-01,September 2018,Other UK Airports,LANDS END (ST JUST),6977,6898,79
2018-09-01,September 2018,Other UK Airports,LEEDS BRADFORD,464524,464524,0
2018-09-01,September 2018,Other UK Airports,LERWICK (TINGWALL),313,313,0
2018-09-01,September 2018,Other UK Airports,LIVERPOOL (JOHN LENNON),478443,477443,1000
2018-09-01,September 2018,London Area Airports,LONDON CITY,421131,421131,0
2018-09-01,September 2018,London Area Airports,LUTON,1565338,1565338,0
2018-09-01,September 2018,Other UK Airports,LYDD,38,38,0
2018-09-01,September 2018,Other UK Airports,MANCHESTER,2840678,2838836,1842
2018-09-01,September 2018,Other UK Airports,NEWCASTLE,579191,579067,124
2018-09-01,September 2018,Other UK Airports,NEWQUAY,45922,45908,14
2018-09-01,September 2018,Other UK Airports,NORWICH,57209,57209,0
2018-09-01,September 2018,Other UK Airports,PRESTWICK,79926,79920,6
2018-09-01,September 2018,Other UK Airports,SCATSTA,13559,13559,0
2018-09-01,September 2018,Other UK Airports,SOUTHAMPTON,180025,180025,0
2018-09-01,September 2018,London Area Airports,SOUTHEND,154108,154108,0
2018-09-01,September 2018,London Area Airports,STANSTED,2682249,2682249,0
2018-09-01,September 2018,Other UK Airports,STORNOWAY,11404,11203,201
2018-09-01,September 2018,Other UK Airports,SUMBURGH,18058,18058,0
2018-09-01,September 2018,Other UK Airports,TIREE,1092,1081,11
2018-09-01,September 2018,Other UK Airports,WICK JOHN O GROATS,1537,1537,0
2018-10-01,October 2018,Other UK Airports,ABERDEEN,280241,280241,0
2018-10-01,October 2018,Non UK Reporting Airports,ALDERNEY,4479,4479,0
2018-10-01,October 2018,Other UK Airports,BARRA,1106,1106,0
2018-10-01,October 2018,Other UK Airports,BELFAST CITY (GEORGE BEST),213972,213972,0
2018-10-01,October 2018,Other UK Airports,BELFAST INTERNATIONAL,550868,550868,0
2018-10-01,October 2018,Other UK Airports,BENBECULA,3417,3417,0
2018-10-01,October 2018,Other UK Airports,BIGGIN HILL,47,47,0
2018-10-01,October 2018,Other UK Airports,BIRMINGHAM,1143208,1143145,63
2018-10-01,October 2018,Other UK Airports,BLACKPOOL,1549,1549,0
2018-10-01,October 2018,Other UK Airports,BOURNEMOUTH,67637,67637,0
2018-10-01,October 2018,Other UK Airports,BRISTOL,801881,801881,0
2018-10-01,October 2018,Other UK Airports,CAMPBELTOWN,774,774,0
2018-10-01,October 2018,Other UK Airports,CARDIFF WALES,140535,140086,449
2018-10-01,October 2018,Other UK Airports,CITY OF DERRY (EGLINTON),12847,12847,0
2018-10-01,October 2018,Other UK Airports,DONCASTER SHEFFIELD,98310,98310,0
2018-10-01,October 2018,Other UK Airports,DUNDEE,1969,1969,0
2018-10-01,October 2018,Other UK Airports,DURHAM TEES VALLEY,12583,12468,115
2018-10-01,October 2018,Other UK Airports,EAST MIDLANDS INTERNATIONAL,490131,490131,0
2018-10-01,October 2018,Other UK Airports,EDINBURGH,1320023,1319409,614
2018-10-01,October 2018,Other UK Airports,EXETER,84351,84351,0
2018-10-01,October 2018,London Area Airports,GATWICK,4018498,4018170,328
2018-10-01,October 2018,Other UK Airports,GLASGOW,884621,884384,237
2018-10-01,October 2018,Non UK Reporting Airports,GUERNSEY,73017,70180,2837
2018-10-01,October 2018,London Area Airports,HEATHROW,6955788,6954019,1769
2018-10-01,October 2018,Other UK Airports,HUMBERSIDE,17905,17820,85
2018-10-01,October 2018,Other UK Airports,INVERNESS,83020,82862,158
2018-10-01,October 2018,Other UK Airports,ISLAY,2977,2966,11
2018-10-01,October 2018,Non UK Reporting Airports,ISLE OF MAN,72573,72573,0
2018-10-01,October 2018,Other UK Airports,ISLES OF SCILLY (ST.MARYS),6784,6784,0
2018-10-01,October 2018,Non UK Reporting Airports,JERSEY,150722,148734,1988
2018-10-01,October 2018,Other UK Airports,KIRKWALL,15856,14573,1283
2018-10-01,October 2018,Other UK Airports,LANDS END (ST JUST),5262,5262,0
2018-10-01,October 2018,Other UK Airports,LEEDS BRADFORD,380635,380635,0
2018-10-01,October 2018,Other UK Airports,LERWICK (TINGWALL),240,240,0
2018-10-01,October 2018,Other UK Airports,LIVERPOOL (JOHN LENNON),463067,463067,0
2018-10-01,October 2018,London Area Airports,LONDON CITY,438969,438969,0
2018-10-01,October 2018,London Area Airports,LUTON,1525959,1525959,0
2018-10-01,October 2018,Other UK Airports,LYDD,2,2,0
2018-10-01,October 2018,Other UK Airports,MANCHESTER,2547034,2544826,2208
2018-10-01,October 2018,Other UK Airports,NEWCASTLE,506857,506797,60
2018-10-01,October 2018,Other UK Airports,NEWQUAY,36055,36055,0
2018-10-01,October 2018,Other UK Airports,NORWICH,52401,52401,0
2018-10-01,October 2018,Other UK Airports,PRESTWICK,71520,71516,4
2018-10-01,October 2018,Other UK Airports,SCATSTA,14899,14899,0
2018-10-01,October 2018,Other UK Airports,SOUTHAMPTON,171037,171037,0
2018-10-01,October 2018,London Area Airports,SOUTHEND,145996,145996,0
2018-10-01,October 2018,London Area Airports,STANSTED,2529854,2529854,0
2018-10-01,October 2018,Other UK Airports,STORNOWAY,12509,12330,179
2018-10-01,October 2018,Other UK Airports,SUMBURGH,23670,23670,0
2018-10-01,October 2018,Other UK Airports,TIREE,1051,1039,12
2018-10-01,October 2018,Other UK Airports,WICK JOHN O GROATS,1442,1442,0
2018-11-01,November 2018,Other UK Airports,ABERDEEN,233702,233702,0
2018-11-01,November 2018,Non UK Reporting Airports,ALDERNEY,3360,3360,0
2018-11-01,November 2018,Other UK Airports,BARRA,925,925,0
2018-11-01,November 2018,Other UK Airports,BELFAST CITY (GEORGE BEST),189582,189582,0
2018-11-01,November 2018,Other UK Airports,BELFAST INTERNATIONAL,456313,456313,0
2018-11-01,November 2018,Other UK Airports,BENBECULA,2990,2990,0
2018-11-01,November 2018,Other UK Airports,BIGGIN HILL,60,60,0
2018-11-01,November 2018,Other UK Airports,BIRMINGHAM,824531,824409,122
2018-11-01,November 2018,Other UK Airports,BLACKPOOL,1475,1475,0
2018-11-01,November 2018,Other UK Airports,BOURNEMOUTH,27181,27181,0
2018-11-01,November 2018,Other UK Airports,BRISTOL,528968,528968,0
2018-11-01,November 2018,Other UK Airports,CAMPBELTOWN,613,613,0
2018-11-01,November 2018,Other UK Airports,CARDIFF WALES,85387,85268,119
2018-11-01,November 2018,Other UK Airports,CITY OF DERRY (EGLINTON),16914,16914,0
2018-11-01,November 2018,Other UK Airports,DONCASTER SHEFFIELD,68862,68862,0
2018-11-01,November 2018,Other UK Airports,DUNDEE,1692,1692,0
2018-11-01,November 2018,Other UK Airports,DURHAM TEES VALLEY,11552,11426,126
2018-11-01,November 2018,Other UK Airports,EAST MIDLANDS INTERNATIONAL,232645,232645,0
2018-11-01,November 2018,Other UK Airports,EDINBURGH,1044553,1044150,403
2018-11-01,November 2018,Other UK Airports,EXETER,64100,64100,0
2018-11-01,November 2018,London Area Airports,GATWICK,3054829,3054829,0
2018-11-01,November 2018,Other UK Airports,GLASGOW,617481,616716,765
2018-11-01,November 2018,Non UK Reporting Airports,GUERNSEY,65692,62674,3018
2018-11-01,November 2018,London Area Airports,HEATHROW,6114526,6113521,1005
2018-11-01,November 2018,Other UK Airports,HUMBERSIDE,15779,15771,8
2018-11-01,November 2018,Other UK Airports,INVERNESS,58526,58437,89
2018-11-01,November 2018,Other UK Airports,ISLAY,2199,2186,13
2018-11-01,November 2018,Non UK Reporting Airports,ISLE OF MAN,68203,68203,0
2018-11-01,November 2018,Other UK Airports,ISLES OF SCILLY (ST.MARYS),3278,3278,0
2018-11-01,November 2018,Non UK Reporting Airports,JERSEY,114598,112593,2005
2018-11-01,November 2018,Other UK Airports,KIRKWALL,13236,12571,665
2018-11-01,November 2018,Other UK Airports,LANDS END (ST JUST),2886,2880,6
2018-11-01,November 2018,Other UK Airports,LEEDS BRADFORD,220366,220358,8
2018-11-01,November 2018,Other UK Airports,LERWICK (TINGWALL),204,204,0
2018-11-01,November 2018,Other UK Airports,LIVERPOOL (JOHN LENNON),327732,327732,0
2018-11-01,November 2018,London Area Airports,LONDON CITY,410925,410925,0
2018-11-01,November 2018,London Area Airports,LUTON,1127219,1127006,213
2018-11-01,November 2018,Other UK Airports,LYDD,3,3,0
2018-11-01,November 2018,Other UK Airports,MANCHESTER,1855759,1853163,2596
2018-11-01,November 2018,Other UK Airports,NEWCASTLE,302955,302948,7
2018-11-01,November 2018,Other UK Airports,NEWQUAY,25936,25936,0
2018-11-01,November 2018,Other UK Airports,NORWICH,35191,35191,0
2018-11-01,November 2018,Other UK Airports,PRESTWICK,23254,23243,11
2018-11-01,November 2018,Other UK Airports,SCATSTA,12594,12594,0
2018-11-01,November 2018,Other UK Airports,SOUTHAMPTON,141028,141028,0
2018-11-01,November 2018,London Area Airports,SOUTHEND,92439,92439,0
2018-11-01,November 2018,London Area Airports,STANSTED,1981643,1981643,0
2018-11-01,November 2018,Other UK Airports,STORNOWAY,11142,10899,243
2018-11-01,November 2018,Other UK Airports,SUMBURGH,19368,19349,19
2018-11-01,November 2018,Other UK Airports,TIREE,817,804,13
2018-11-01,November 2018,Other UK Airports,WICK JOHN O GROATS,1392,1392,0
2018-12-01,December 2018,Other UK Airports,ABERDEEN,217342,217342,0
2018-12-01,December 2018,Non UK Reporting Airports,ALDERNEY,3490,3490,0
2018-12-01,December 2018,Other UK Airports,BARRA,844,844,0
2018-12-01,December 2018,Other UK Airports,BELFAST CITY (GEORGE BEST),179396,179396,0
2018-12-01,December 2018,Other UK Airports,BELFAST INTERNATIONAL,452463,452463,0
2018-12-01,December 2018,Other UK Airports,BENBECULA,2571,2571,0
2018-12-01,December 2018,Other UK Airports,BIGGIN HILL,149,149,0
2018-12-01,December 2018,Other UK Airports,BIRMINGHAM,825754,825534,220
2018-12-01,December 2018,Other UK Airports,BLACKPOOL,910,910,0
2018-12-01,December 2018,Other UK Airports,BOURNEMOUTH,34770,34770,0
2018-12-01,December 2018,Other UK Airports,BRISTOL,570790,570790,0
2018-12-01,December 2018,Other UK Airports,CAMPBELTOWN,417,404,13
2018-12-01,December 2018,Other UK Airports,CARDIFF WALES,85663,85663,0
2018-12-01,December 2018,Other UK Airports,CITY OF DERRY (EGLINTON),16239,16239,0
2018-12-01,December 2018,Other UK Airports,DONCASTER SHEFFIELD,74469,74469,0
2018-12-01,December 2018,Other UK Airports,DUNDEE,1518,1518,0
2018-12-01,December 2018,Other UK Airports,DURHAM TEES VALLEY,10765,10629,136
2018-12-01,December 2018,Other UK Airports,EAST MIDLANDS INTERNATIONAL,231420,231420,0
2018-12-01,December 2018,Other UK Airports,EDINBURGH,1026318,1026129,189
2018-12-01,December 2018,Other UK Airports,EXETER,64455,64455,0
2018-12-01,December 2018,London Area Airports,GATWICK,3158503,3157863,640
2018-12-01,December 2018,Other UK Airports,GLASGOW,572738,572056,682
2018-12-01,December 2018,Non UK Reporting Airports,GUERNSEY,62138,59173,2965
2018-12-01,December 2018,London Area Airports,HEATHROW,6496164,6495125,1039
2018-12-01,December 2018,Other UK Airports,HUMBERSIDE,15367,15324,43
2018-12-01,December 2018,Other UK Airports,INVERNESS,58658,58548,110
2018-12-01,December 2018,Other UK Airports,ISLAY,1719,1686,33
2018-12-01,December 2018,Non UK Reporting Airports,ISLE OF MAN,66953,66953,0
2018-12-01,December 2018,Other UK Airports,ISLES OF SCILLY (ST.MARYS),3051,3051,0
2018-12-01,December 2018,Non UK Reporting Airports,JERSEY,113733,111832,1901
2018-12-01,December 2018,Other UK Airports,KIRKWALL,11728,11137,591
2018-12-01,December 2018,Other UK Airports,LANDS END (ST JUST),2726,2697,29
2018-12-01,December 2018,Other UK Airports,LEEDS BRADFORD,197721,197721,0
2018-12-01,December 2018,Other UK Airports,LERWICK (TINGWALL),138,138,0
2018-12-01,December 2018,Other UK Airports,LIVERPOOL (JOHN LENNON),346418,346418,0
2018-12-01,December 2018,London Area Airports,LONDON CITY,348605,348605,0
2018-12-01,December 2018,London Area Airports,LUTON,1274297,1273934,363
2018-12-01,December 2018,Other UK Airports,LYDD,45,45,0
2018-12-01,December 2018,Other UK Airports,MANCHESTER,1957789,1954866,2923
2018-12-01,December 2018,Other UK Airports,NEWCASTLE,286823,286699,124
2018-12-01,December 2018,Other UK Airports,NEWQUAY,26141,26141,0
2018-12-01,December 2018,Other UK Airports,NORWICH,32486,32486,0
2018-12-01,December 2018,Other UK Airports,PRESTWICK,21700,21696,4
2018-12-01,December 2018,Other UK Airports,SCATSTA,8879,8879,0
2018-12-01,December 2018,Other UK Airports,SOUTHAMPTON,143038,143008,30
2018-12-01,December 2018,London Area Airports,SOUTHEND,108622,108622,0
2018-12-01,December 2018,London Area Airports,STANSTED,2019822,2019822,0
2018-12-01,December 2018,Other UK Airports,STORNOWAY,9646,9511,135
2018-12-01,December 2018,Other UK Airports,SUMBURGH,19010,19001,9
2018-12-01,December 2018,Other UK Airports,TIREE,620,611,9
2018-12-01,December 2018,Other UK Airports,WICK JOHN O GROATS,1144,1144,0
2019-01-01,January 2019,Other UK Airports,ABERDEEN,204435,204347,88
2019-01-01,January 2019,Non UK Reporting Airports,ALDERNEY,3239,3239,0
2019-01-01,January 2019,Other UK Airports,BARRA,765,765,0
2019-01-01,January 2019,Other UK Airports,BELFAST CITY (GEORGE BEST),162013,162013,0
2019-01-01,January 2019,Other UK Airports,BELFAST INTERNATIONAL,405935,405935,0
2019-01-01,January 2019,Other UK Airports,BENBECULA,2393,2393,0
2019-01-01,January 2019,Other UK Airports,BIGGIN HILL,291,291,0
2019-01-01,January 2019,Other UK Airports,BIRMINGHAM,781258,781207,51
2019-01-01,January 2019,Other UK Airports,BLACKPOOL,1297,1297,0
2019-01-01,January 2019,Other UK Airports,BOURNEMOUTH,35869,35869,0
2019-01-01,January 2019,Other UK Airports,BRISTOL,520854,520427,427
2019-01-01,January 2019,Other UK Airports,CAMPBELTOWN,523,505,18
2019-01-01,January 2019,Other UK Airports,CARDIFF WALES,73100,73100,0
2019-01-01,January 2019,Other UK Airports,CITY OF DERRY (EGLINTON),14536,14536,0
2019-01-01,January 2019,Other UK Airports,DONCASTER SHEFFIELD,69812,69812,0
2019-01-01,January 2019,Other UK Airports,DUNDEE,1438,1438,0
2019-01-01,January 2019,Other UK Airports,DURHAM TEES VALLEY,10124,9803,321
2019-01-01,January 2019,Other UK Airports,EAST MIDLANDS INTERNATIONAL,215025,215025,0
2019-01-01,January 2019,Other UK Airports,EDINBURGH,920098,919481,617
2019-01-01,January 2019,Other UK Airports,EXETER,54388,54388,0
2019-01-01,January 2019,London Area Airports,GATWICK,2953515,2953515,0
2019-01-01,January 2019,Other UK Airports,GLASGOW,526761,526014,747
2019-01-01,January 2019,Non UK Reporting Airports,GUERNSEY,52763,49497,3266
2019-01-01,January 2019,London Area Airports,HEATHROW,5928655,5927225,1430
2019-01-01,January 2019,Other UK Airports,HUMBERSIDE,13624,13411,213
2019-01-01,January 2019,Other UK Airports,INVERNESS,49018,48990,28
2019-01-01,January 2019,Other UK Airports,ISLAY,1619,1610,9
2019-01-01,January 2019,Non UK Reporting Airports,ISLE OF MAN,56832,56832,0
2019-01-01,January 2019,Other UK Airports,ISLES OF SCILLY (ST.MARYS),3169,3169,0
2019-01-01,January 2019,Non UK Reporting Airports,JERSEY,94809,93072,1737
2019-01-01,January 2019,Other UK Airports,KIRKWALL,10659,10026,633
2019-01-01,January 2019,Other UK Airports,LANDS END (ST JUST),2766,2766,0
2019-01-01,January 2019,Other UK Airports,LEEDS BRADFORD,180511,180326,185
2019-01-01,January 2019,Other UK Airports,LERWICK (TINGWALL),133,133,0
2019-01-01,January 2019,Other UK Airports,LIVERPOOL (JOHN LENNON),316432,316432,0
2019-01-01,January 2019,London Area Airports,LONDON CITY,341022,341022,0
2019-01-01,January 2019,London Area Airports,LUTON,1156359,1156359,0
2019-01-01,January 2019,Other UK Airports,LYDD,6,6,0
2019-01-01,January 2019,Other UK Airports,MANCHESTER,1784815,1782644,2171
2019-01-01,January 2019,Other UK Airports,NEWCASTLE,274384,273316,1068
2019-01-01,January 2019,Other UK Airports,NEWQUAY,23416,23416,0
2019-01-01,January 2019,Other UK Airports,NORWICH,28116,28116,0
2019-01-01,January 2019,Other UK Airports,PRESTWICK,22353,22060,293
2019-01-01,January 2019,Other UK Airports,SCATSTA,9780,9780,0
2019-01-01,January 2019,Other UK Airports,SOUTHAMPTON,120202,120202,0
2019-01-01,January 2019,London Area Airports,SOUTHEND,72837,72837,0
2019-01-01,January 2019,London Area Airports,STANSTED,1930066,1930066,0
2019-01-01,January 2019,Other UK Airports,STORNOWAY,8164,8004,160
2019-01-01,January 2019,Other UK Airports,SUMBURGH,17496,17496,0
2019-01-01,January 2019,Other UK Airports,TIREE,637,619,18
2019-01-01,January 2019,Other UK Airports,WICK JOHN O GROATS,1136,1064,72
2019-02-01,February 2019,Other UK Airports,ABERDEEN,196653,196653,0
2019-02-01,February 2019,Non UK Reporting Airports,ALDERNEY,2923,2923,0
2019-02-01,February 2019,Other UK Airports,BARRA,959,959,0
2019-02-01,February 2019,Other UK Airports,BELFAST CITY (GEORGE BEST),173705,173705,0
2019-02-01,February 2019,Other UK Airports,BELFAST INTERNATIONAL,446116,446116,0
2019-02-01,February 2019,Other UK Airports,BENBECULA,2651,2651,0
2019-02-01,February 2019,Other UK Airports,BIGGIN HILL,84,84,0
2019-02-01,February 2019,Other UK Airports,BIRMINGHAM,792205,792142,63
2019-02-01,February 2019,Other UK Airports,BLACKPOOL,1258,1258,0
2019-02-01,February 2019,Other UK Airports,BOURNEMOUTH,34274,34274,0
2019-02-01,February 2019,Other UK Airports,BRISTOL,523742,523394,348
2019-02-01,February 2019,Other UK Airports,CAMPBELTOWN,465,465,0
2019-02-01,February 2019,Other UK Airports,CARDIFF WALES,78061,77910,151
2019-02-01,February 2019,Other UK Airports,CITY OF DERRY (EGLINTON),13865,13865,0
2019-02-01,February 2019,Other UK Airports,DONCASTER SHEFFIELD,68048,68048,0
2019-02-01,February 2019,Other UK Airports,DUNDEE,1543,1543,0
2019-02-01,February 2019,Other UK Airports,DURHAM TEES VALLEY,11283,10966,317
2019-02-01,February 2019,Other UK Airports,EAST MIDLANDS INTERNATIONAL,213338,213338,0
2019-02-01,February 2019,Other UK Airports,EDINBURGH,938914,938703,211
2019-02-01,February 2019,Other UK Airports,EXETER,61279,61279,0
2019-02-01,February 2019,London Area Airports,GATWICK,3098831,3098831,0
2019-02-01,February 2019,Other UK Airports,GLASGOW,533638,533281,357
2019-02-01,February 2019,Non UK Reporting Airports,GUERNSEY,53778,51156,2622
2019-02-01,February 2019,London Area Airports,HEATHROW,5482288,5482288,0
2019-02-01,February 2019,Other UK Airports,HUMBERSIDE,14648,14310,338
2019-02-01,February 2019,Other UK Airports,INVERNESS,53606,53606,0
2019-02-01,February 2019,Other UK Airports,ISLAY,1849,1821,28
2019-02-01,February 2019,Non UK Reporting Airports,ISLE OF MAN,60851,60851,0
2019-02-01,February 2019,Other UK Airports,ISLES OF SCILLY (ST.MARYS),3313,3313,0
2019-02-01,February 2019,Non UK Reporting Airports,JERSEY,99271,97713,1558
2019-02-01,February 2019,Other UK Airports,KIRKWALL,11864,11157,707
2019-02-01,February 2019,Other UK Airports,LANDS END (ST JUST),2931,2909,22
2019-02-01,February 2019,Other UK Airports,LEEDS BRADFORD,196953,196953,0
2019-02-01,February 2019,Other UK Airports,LERWICK (TINGWALL),197,197,0
2019-02-01,February 2019,Other UK Airports,LIVERPOOL (JOHN LENNON),339357,339357,0
2019-02-01,February 2019,London Area Airports,LONDON CITY,365102,365102,0
2019-02-01,February 2019,London Area Airports,LUTON,1191996,1191683,313
2019-02-01,February 2019,Other UK Airports,LYDD,0,0,0
2019-02-01,February 2019,Other UK Airports,MANCHESTER,1801038,1798919,2119
2019-02-01,February 2019,Other UK Airports,NEWCASTLE,283488,282293,1195
2019-02-01,February 2019,Other UK Airports,NEWQUAY,24307,24307,0
2019-02-01,February 2019,Other UK Airports,NORWICH,30971,30971,0
2019-02-01,February 2019,Other UK Airports,PRESTWICK,21262,21251,11
2019-02-01,February 2019,Other UK Airports,SCATSTA,8928,8928,0
2019-02-01,February 2019,Other UK Airports,SOUTHAMPTON,123812,123812,0
2019-02-01,February 2019,London Area Airports,SOUTHEND,81510,81510,0
2019-02-01,February 2019,London Area Airports,STANSTED,1873730,1873730,0
2019-02-01,February 2019,Other UK Airports,STORNOWAY,9298,9077,221
2019-02-01,February 2019,Other UK Airports,SUMBURGH,16591,16591,0
2019-02-01,February 2019,Other UK Airports,TIREE,742,717,25
2019-02-01,February 2019,Other UK Airports,WICK JOHN O GROATS,1079,1029,50
2019-03-01,March 2019,Other UK Airports,ABERDEEN,224705,224705,0
2019-03-01,March 2019,Non UK Reporting Airports,ALDERNEY,3608,3608,0
2019-03-01,March 2019,Other UK Airports,BARRA,1234,1234,0
2019-03-01,March 2019,Other UK Airports,BELFAST CITY (GEORGE BEST),194572,194572,0
2019-03-01,March 2019,Other UK Airports,BELFAST INTERNATIONAL,487888,487888,0
2019-03-01,March 2019,Other UK Airports,BENBECULA,2844,2826,18
2019-03-01,March 2019,Other UK Airports,BIGGIN HILL,105,105,0
2019-03-01,March 2019,Other UK Airports,BIRMINGHAM,903425,902565,860
2019-03-01,March 2019,Other UK Airports,BLACKPOOL,759,759,0
2019-03-01,March 2019,Other UK Airports,BOURNEMOUTH,39419,39419,0
2019-03-01,March 2019,Other UK Airports,BRISTOL,622358,622358,0
2019-03-01,March 2019,Other UK Airports,CAMPBELTOWN,620,608,12
2019-03-01,March 2019,Other UK Airports,CARDIFF WALES,99105,99055,50
2019-03-01,March 2019,Other UK Airports,CITY OF DERRY (EGLINTON),16719,16719,0
2019-03-01,March 2019,Other UK Airports,DONCASTER SHEFFIELD,79454,79454,0
2019-03-01,March 2019,Other UK Airports,DUNDEE,1773,1773,0
2019-03-01,March 2019,Other UK Airports,DURHAM TEES VALLEY,11647,11109,538
2019-03-01,March 2019,Other UK Airports,EAST MIDLANDS INTERNATIONAL,254169,254169,0
2019-03-01,March 2019,Other UK Airports,EDINBURGH,1105751,1105642,109
2019-03-01,March 2019,Other UK Airports,EXETER,68301,68301,0
2019-03-01,March 2019,London Area Airports,GATWICK,3623861,3623861,0
2019-03-01,March 2019,Other UK Airports,GLASGOW,646968,646757,211
2019-03-01,March 2019,Non UK Reporting Airports,GUERNSEY,64072,61100,2972
2019-03-01,March 2019,London Area Airports,HEATHROW,6527571,6527270,301
2019-03-01,March 2019,Other UK Airports,HUMBERSIDE,15823,15474,349
2019-03-01,March 2019,Other UK Airports,INVERNESS,64902,64902,0
2019-03-01,March 2019,Other UK Airports,ISLAY,2363,2344,19
2019-03-01,March 2019,Non UK Reporting Airports,ISLE OF MAN,70672,70672,0
2019-03-01,March 2019,Other UK Airports,ISLES OF SCILLY (ST.MARYS),4302,4302,0
2019-03-01,March 2019,Non UK Reporting Airports,JERSEY,121731,119951,1780
2019-03-01,March 2019,Other UK Airports,KIRKWALL,13165,12490,675
2019-03-01,March 2019,Other UK Airports,LANDS END (ST JUST),3376,3372,4
2019-03-01,March 2019,Other UK Airports,LEEDS BRADFORD,246550,246550,0
2019-03-01,March 2019,Other UK Airports,LERWICK (TINGWALL),198,198,0
2019-03-01,March 2019,Other UK Airports,LIVERPOOL (JOHN LENNON),382697,382637,60
2019-03-01,March 2019,London Area Airports,LONDON CITY,424776,424776,0
2019-03-01,March 2019,London Area Airports,LUTON,1352217,1352217,0
2019-03-01,March 2019,Other UK Airports,LYDD,0,0,0
2019-03-01,March 2019,Other UK Airports,MANCHESTER,2064522,2062055,2467
2019-03-01,March 2019,Other UK Airports,NEWCASTLE,338962,337812,1150
2019-03-01,March 2019,Other UK Airports,NEWQUAY,28081,28081,0
2019-03-01,March 2019,Other UK Airports,NORWICH,35158,35158,0
2019-03-01,March 2019,Other UK Airports,PRESTWICK,25543,25534,9
2019-03-01,March 2019,Other UK Airports,SCATSTA,9406,9406,0
2019-03-01,March 2019,Other UK Airports,SOUTHAMPTON,143430,143382,48
2019-03-01,March 2019,London Area Airports,SOUTHEND,99104,99104,0
2019-03-01,March 2019,London Area Airports,STANSTED,2105942,2105942,0
2019-03-01,March 2019,Other UK Airports,STORNOWAY,10325,10134,191
2019-03-01,March 2019,Other UK Airports,SUMBURGH,18464,18464,0
2019-03-01,March 2019,Other UK Airports,TIREE,807,791,16
2019-03-01,March 2019,Other UK Airports,WICK JOHN O GROATS,1339,1204,135
2019-04-01,April 2019,Other UK Airports,ABERDEEN,239815,239815,0
2019-04-01,April 2019,Non UK Reporting Airports,ALDERNEY,4578,4578,0
2019-04-01,April 2019,Other UK Airports,BARRA,1412,1412,0
2019-04-01,April 2019,Other UK Airports,BELFAST CITY (GEORGE BEST),211050,211050,0
2019-04-01,April 2019,Other UK Airports,BELFAST INTERNATIONAL,542166,542166,0
2019-04-01,April 2019,Other UK Airports,BENBECULA,3030,3030,0
2019-04-01,April 2019,Other UK Airports,BIGGIN HILL,252,252,0
2019-04-01,April 2019,Other UK Airports,BIRMINGHAM,1004085,1003699,386
2019-04-01,April 2019,Other UK Airports,BLACKPOOL,1745,1745,0
2019-04-01,April 2019,Other UK Airports,BOURNEMOUTH,69079,69079,0
2019-04-01,April 2019,Other UK Airports,BRISTOL,714889,714889,0
2019-04-01,April 2019,Other UK Airports,CAMPBELTOWN,646,646,0
2019-04-01,April 2019,Other UK Airports,CARDIFF WALES,126274,126274,0
2019-04-01,April 2019,Other UK Airports,CITY OF DERRY (EGLINTON),15887,15887,0
2019-04-01,April 2019,Other UK Airports,DONCASTER SHEFFIELD,101122,101122,0
2019-04-01,April 2019,Other UK Airports,DUNDEE,1822,1822,0
2019-04-01,April 2019,Other UK Airports,DURHAM TEES VALLEY,12989,12603,386
2019-04-01,April 2019,Other UK Airports,EAST MIDLANDS INTERNATIONAL,393638,393638,0
2019-04-01,April 2019,Other UK Airports,EDINBURGH,1257778,1257408,370
2019-04-01,April 2019,Other UK Airports,EXETER,84990,84990,0
2019-04-01,April 2019,London Area Airports,GATWICK,3854923,3854923,0
2019-04-01,April 2019,Other UK Airports,GLASGOW,692185,691804,381
2019-04-01,April 2019,Non UK Reporting Airports,GUERNSEY,69606,67361,2245
2019-04-01,April 2019,London Area Airports,HEATHROW,6798206,6798206,0
2019-04-01,April 2019,Other UK Airports,HUMBERSIDE,16049,15851,198
2019-04-01,April 2019,Other UK Airports,INVERNESS,83367,83367,0
2019-04-01,April 2019,Other UK Airports,ISLAY,3243,3202,41
2019-04-01,April 2019,Non UK Reporting Airports,ISLE OF MAN,70079,70079,0
2019-04-01,April 2019,Other UK Airports,ISLES OF SCILLY (ST.MARYS),9455,9455,0
2019-04-01,April 2019,Non UK Reporting Airports,JERSEY,154240,151324,2916
2019-04-01,April 2019,Other UK Airports,KIRKWALL,14128,13114,1014
2019-04-01,April 2019,Other UK Airports,LANDS END (ST JUST),6626,6626,0
2019-04-01,April 2019,Other UK Airports,LEEDS BRADFORD,318006,318006,0
2019-04-01,April 2019,Other UK Airports,LERWICK (TINGWALL),261,261,0
2019-04-01,April 2019,Other UK Airports,LIVERPOOL (JOHN LENNON),443373,443373,0
2019-04-01,April 2019,London Area Airports,LONDON CITY,420996,420996,0
2019-04-01,April 2019,London Area Airports,LUTON,1554456,1554456,0
2019-04-01,April 2019,Other UK Airports,LYDD,2,2,0
2019-04-01,April 2019,Other UK Airports,MANCHESTER,2388591,2387051,1540
2019-04-01,April 2019,Other UK Airports,NEWCASTLE,393076,392913,163
2019-04-01,April 2019,Other UK Airports,NEWQUAY,39546,39541,5
2019-04-01,April 2019,Other UK Airports,NORWICH,38154,38154,0
2019-04-01,April 2019,Other UK Airports,PRESTWICK,67755,67750,5
2019-04-01,April 2019,Other UK Airports,SCATSTA,9560,9560,0
2019-04-01,April 2019,Other UK Airports,SOUTHAMPTON,147209,147209,0
2019-04-01,April 2019,London Area Airports,SOUTHEND,187479,187479,0
2019-04-01,April 2019,London Area Airports,STANSTED,2389377,2389377,0
2019-04-01,April 2019,Other UK Airports,STORNOWAY,10367,10166,201
2019-04-01,April 2019,Other UK Airports,SUMBURGH,18722,18704,18
2019-04-01,April 2019,Other UK Airports,TIREE,1122,1071,51
2019-04-01,April 2019,Other UK Airports,WICK JOHN O GROATS,1205,1205,0
2019-05-01,May 2019,Other UK Airports,ABERDEEN,270058,270058,0
2019-05-01,May 2019,Non UK Reporting Airports,ALDERNEY,4838,4838,0
2019-05-01,May 2019,Other UK Airports,BARRA,1483,1483,0
2019-05-01,May 2019,Other UK Airports,BELFAST CITY (GEORGE BEST),221769,221769,0
2019-05-01,May 2019,Other UK Airports,BELFAST INTERNATIONAL,607358,607358,0
2019-05-01,May 2019,Other UK Airports,BENBECULA,3046,3046,0
2019-05-01,May 2019,Other UK Airports,BIGGIN HILL,50,50,0
2019-05-01,May 2019,Other UK Airports,BIRMINGHAM,1165846,1165577,269
2019-05-01,May 2019,Other UK Airports,BLACKPOOL,1422,1422,0
2019-05-01,May 2019,Other UK Airports,BOURNEMOUTH,85976,85976,0
2019-05-01,May 2019,Other UK Airports,BRISTOL,850850,850481,369
2019-05-01,May 2019,Other UK Airports,CAMPBELTOWN,905,905,0
2019-05-01,May 2019,Other UK Airports,CARDIFF WALES,176704,176704,0
2019-05-01,May 2019,Other UK Airports,CITY OF DERRY (EGLINTON),15341,15341,0
2019-05-01,May 2019,Other UK Airports,DONCASTER SHEFFIELD,144906,144906,0
2019-05-01,May 2019,Other UK Airports,DUNDEE,1739,1739,0
2019-05-01,May 2019,Other UK Airports,DURHAM TEES VALLEY,14126,13688,438
2019-05-01,May 2019,Other UK Airports,EAST MIDLANDS INTERNATIONAL,501521,501521,0
2019-05-01,May 2019,Other UK Airports,EDINBURGH,1380326,1380021,305
2019-05-01,May 2019,Other UK Airports,EXETER,99060,99060,0
2019-05-01,May 2019,London Area Airports,GATWICK,4177166,4177166,0
2019-05-01,May 2019,Other UK Airports,GLASGOW,854948,854948,0
2019-05-01,May 2019,Non UK Reporting Airports,GUERNSEY,79030,77007,2023
2019-05-01,May 2019,London Area Airports,HEATHROW,6769369,6768903,466
2019-05-01,May 2019,Other UK Airports,HUMBERSIDE,18909,18663,246
2019-05-01,May 2019,Other UK Airports,INVERNESS,89405,89367,38
2019-05-01,May 2019,Other UK Airports,ISLAY,4076,4057,19
2019-05-01,May 2019,Non UK Reporting Airports,ISLE OF MAN,80509,80509,0
2019-05-01,May 2019,Other UK Airports,ISLES OF SCILLY (ST.MARYS),11892,11892,0
2019-05-01,May 2019,Non UK Reporting Airports,JERSEY,166537,163270,3267
2019-05-01,May 2019,Other UK Airports,KIRKWALL,16779,15754,1025
2019-05-01,May 2019,Other UK Airports,LANDS END (ST JUST),7535,7529,6
2019-05-01,May 2019,Other UK Airports,LEEDS BRADFORD,392657,392584,73
2019-05-01,May 2019,Other UK Airports,LERWICK (TINGWALL),350,350,0
2019-05-01,May 2019,Other UK Airports,LIVERPOOL (JOHN LENNON),473772,473772,0
2019-05-01,May 2019,London Area Airports,LONDON CITY,450969,450969,0
2019-05-01,May 2019,London Area Airports,LUTON,1660158,1658833,1325
2019-05-01,May 2019,Other UK Airports,LYDD,0,0,0
2019-05-01,May 2019,Other UK Airports,MANCHESTER,2641605,2637466,4139
2019-05-01,May 2019,Other UK Airports,NEWCASTLE,526601,526584,17
2019-05-01,May 2019,Other UK Airports,NEWQUAY,46040,46040,0
2019-05-01,May 2019,Other UK Airports,NORWICH,55088,55088,0
2019-05-01,May 2019,Other UK Airports,OXFORD (KIDLINGTON),0,0,0
2019-05-01,May 2019,Other UK Airports,PRESTWICK,75378,75362,16
2019-05-01,May 2019,Other UK Airports,SCATSTA,9291,9291,0
2019-05-01,May 2019,Other UK Airports,SOUTHAMPTON,159249,159249,0
2019-05-01,May 2019,London Area Airports,SOUTHEND,203284,203284,0
2019-05-01,May 2019,London Area Airports,STANSTED,2568443,2568443,0
2019-05-01,May 2019,Other UK Airports,STORNOWAY,11568,11402,166
2019-05-01,May 2019,Other UK Airports,SUMBURGH,24538,24538,0
2019-05-01,May 2019,Other UK Airports,TIREE,1218,1185,33
2019-05-01,May 2019,Other UK Airports,WICK JOHN O GROATS,1312,1312,0
2019-06-01,June 2019,Other UK Airports,ABERDEEN,268317,268317,0
2019-06-01,June 2019,Non UK Reporting Airports,ALDERNEY,4771,4771,0
2019-06-01,June 2019,Other UK Airports,BARRA,1487,1487,0
2019-06-01,June 2019,Other UK Airports,BELFAST CITY (GEORGE BEST),230898,230898,0
2019-06-01,June 2019,Other UK Airports,BELFAST INTERNATIONAL,612034,612034,0
2019-06-01,June 2019,Other UK Airports,BENBECULA,3388,3388,0
2019-06-01,June 2019,Other UK Airports,BIGGIN HILL,216,216,0
2019-06-01,June 2019,Other UK Airports,BIRMINGHAM,1259647,1259226,421
2019-06-01,June 2019,Other UK Airports,BLACKPOOL,1454,1454,0
2019-06-01,June 2019,Other UK Airports,BOURNEMOUTH,89200,89200,0
2019-06-01,June 2019,Other UK Airports,BRISTOL,914437,913599,838
2019-06-01,June 2019,Other UK Airports,CAMPBELTOWN,837,837,0
2019-06-01,June 2019,Other UK Airports,CARDIFF WALES,193097,192988,109
2019-06-01,June 2019,Other UK Airports,CITY OF DERRY (EGLINTON),16886,16886,0
2019-06-01,June 2019,Other UK Airports,DONCASTER SHEFFIELD,160482,160482,0
2019-06-01,June 2019,Other UK Airports,DUNDEE,1826,1826,0
2019-06-01,June 2019,Other UK Airports,DURHAM TEES VALLEY,15404,15027,377
2019-06-01,June 2019,Other UK Airports,EAST MIDLANDS INTERNATIONAL,536198,535880,318
2019-06-01,June 2019,Other UK Airports,EDINBURGH,1414633,1414271,362
2019-06-01,June 2019,Other UK Airports,EXETER,106376,106376,0
2019-06-01,June 2019,London Area Airports,GATWICK,4517617,4517085,532
2019-06-01,June 2019,Other UK Airports,GLASGOW,925343,924469,874
2019-06-01,June 2019,Non UK Reporting Airports,GUERNSEY,82687,80976,1711
2019-06-01,June 2019,London Area Airports,HEATHROW,7246532,7246532,0
2019-06-01,June 2019,Other UK Airports,HUMBERSIDE,20227,20100,127
2019-06-01,June 2019,Other UK Airports,INVERNESS,91926,91774,152
2019-06-01,June 2019,Other UK Airports,ISLAY,3828,3818,10
2019-06-01,June 2019,Non UK Reporting Airports,ISLE OF MAN,84191,84191,0
2019-06-01,June 2019,Other UK Airports,ISLES OF SCILLY (ST.MARYS),11671,11671,0
2019-06-01,June 2019,Non UK Reporting Airports,JERSEY,172398,169008,3390
2019-06-01,June 2019,Other UK Airports,KIRKWALL,17271,16170,1101
2019-06-01,June 2019,Other UK Airports,LANDS END (ST JUST),7011,6953,58
2019-06-01,June 2019,Other UK Airports,LEEDS BRADFORD,449471,449471,0
2019-06-01,June 2019,Other UK Airports,LERWICK (TINGWALL),388,388,0
2019-06-01,June 2019,Other UK Airports,LIVERPOOL (JOHN LENNON),482570,482570,0
2019-06-01,June 2019,London Area Airports,LONDON CITY,461798,461798,0
2019-06-01,June 2019,London Area Airports,LUTON,1697198,1697198,0
2019-06-01,June 2019,Other UK Airports,LYDD,14,14,0
2019-06-01,June 2019,Other UK Airports,MANCHESTER,2960884,2957190,3694
2019-06-01,June 2019,Other UK Airports,NEWCASTLE,562926,562828,98
2019-06-01,June 2019,Other UK Airports,NEWQUAY,52557,52553,4
2019-06-01,June 2019,Other UK Airports,NORWICH,57417,57417,0
2019-06-01,June 2019,Other UK Airports,PRESTWICK,77804,77798,6
2019-06-01,June 2019,Other UK Airports,SCATSTA,8652,8652,0
2019-06-01,June 2019,Other UK Airports,SOUTHAMPTON,167811,167800,11
2019-06-01,June 2019,London Area Airports,SOUTHEND,215722,215722,0
2019-06-01,June 2019,London Area Airports,STANSTED,2652580,2652580,0
2019-06-01,June 2019,Other UK Airports,STORNOWAY,12167,12006,161
2019-06-01,June 2019,Other UK Airports,SUMBURGH,27934,27934,0
2019-06-01,June 2019,Other UK Airports,TIREE,1226,1204,22
2019-06-01,June 2019,Other UK Airports,WICK JOHN O GROATS,1183,1183,0
2019-07-01,July 2019,Other UK Airports,ABERDEEN,280120,280120,0
2019-07-01,July 2019,Non UK Reporting Airports,ALDERNEY,5577,5577,0
2019-07-01,July 2019,Other UK Airports,BARRA,1372,1372,0
2019-07-01,July 2019,Other UK Airports,BELFAST CITY (GEORGE BEST),256565,256565,0
2019-07-01,July 2019,Other UK Airports,BELFAST INTERNATIONAL,639412,639412,0
2019-07-01,July 2019,Other UK Airports,BENBECULA,2968,2951,17
2019-07-01,July 2019,Other UK Airports,BIGGIN HILL,236,236,0
2019-07-01,July 2019,Other UK Airports,BIRMINGHAM,1354772,1353695,1077
2019-07-01,July 2019,Other UK Airports,BLACKPOOL,1642,1642,0
2019-07-01,July 2019,Other UK Airports,BOURNEMOUTH,95320,95320,0
2019-07-01,July 2019,Other UK Airports,BRISTOL,972874,972419,455
2019-07-01,July 2019,Other UK Airports,CAMPBELTOWN,798,753,45
2019-07-01,July 2019,Other UK Airports,CARDIFF WALES,208399,208044,355
2019-07-01,July 2019,Other UK Airports,CITY OF DERRY (EGLINTON),19281,19281,0
2019-07-01,July 2019,Other UK Airports,DONCASTER SHEFFIELD,164078,164078,0
2019-07-01,July 2019,Other UK Airports,DUNDEE,1795,1795,0
2019-07-01,July 2019,Other UK Airports,DURHAM TEES VALLEY,12922,12922,0
2019-07-01,July 2019,Other UK Airports,EAST MIDLANDS INTERNATIONAL,570294,570294,0
2019-07-01,July 2019,Other UK Airports,EDINBURGH,1506580,1506251,329
2019-07-01,July 2019,Other UK Airports,EXETER,113104,113032,72
2019-07-01,July 2019,London Area Airports,GATWICK,4739916,4739251,665
2019-07-01,July 2019,Other UK Airports,GLASGOW,966920,966615,305
2019-07-01,July 2019,Non UK Reporting Airports,GUERNSEY,89407,87359,2048
2019-07-01,July 2019,London Area Airports,HEATHROW,7754564,7754564,0
2019-07-01,July 2019,Other UK Airports,HUMBERSIDE,20478,20195,283
2019-07-01,July 2019,Other UK Airports,INVERNESS,95844,95769,75
2019-07-01,July 2019,Other UK Airports,ISLAY,3669,3645,24
2019-07-01,July 2019,Non UK Reporting Airports,ISLE OF MAN,75949,75949,0
2019-07-01,July 2019,Other UK Airports,ISLES OF SCILLY (ST.MARYS),13503,13503,0
2019-07-01,July 2019,Non UK Reporting Airports,JERSEY,187903,184070,3833
2019-07-01,July 2019,Other UK Airports,KIRKWALL,16405,15253,1152
2019-07-01,July 2019,Other UK Airports,LANDS END (ST JUST),7852,7852,0
2019-07-01,July 2019,Other UK Airports,LEEDS BRADFORD,481381,481381,0
2019-07-01,July 2019,Other UK Airports,LERWICK (TINGWALL),272,272,0
2019-07-01,July 2019,Other UK Airports,LIVERPOOL (JOHN LENNON),496026,495277,749
2019-07-01,July 2019,London Area Airports,LONDON CITY,493486,493486,0
2019-07-01,July 2019,London Area Airports,LUTON,1808237,1807757,480
2019-07-01,July 2019,Other UK Airports,LYDD,11,11,0
2019-07-01,July 2019,Other UK Airports,MANCHESTER,3181836,3178614,3222
2019-07-01,July 2019,Other UK Airports,NEWCASTLE,600265,599816,449
2019-07-01,July 2019,Other UK Airports,NEWQUAY,58940,58940,0
2019-07-01,July 2019,Other UK Airports,NORWICH,58335,58335,0
2019-07-01,July 2019,Other UK Airports,PRESTWICK,81130,81127,3
2019-07-01,July 2019,Other UK Airports,SCATSTA,9824,9824,0
2019-07-01,July 2019,Other UK Airports,SOUTHAMPTON,182863,182773,90
2019-07-01,July 2019,London Area Airports,SOUTHEND,234866,234866,0
2019-07-01,July 2019,London Area Airports,STANSTED,2758338,2758338,0
2019-07-01,July 2019,Other UK Airports,STORNOWAY,12237,12114,123
2019-07-01,July 2019,Other UK Airports,SUMBURGH,26565,26565,0
2019-07-01,July 2019,Other UK Airports,TIREE,1548,1543,5
2019-07-01,July 2019,Other UK Airports,WICK JOHN O GROATS,1162,1162,0
2019-08-01,August 2019,Other UK Airports,ABERDEEN,267638,267638,0
2019-08-01,August 2019,Non UK Reporting Airports,ALDERNEY,7223,7223,0
2019-08-01,August 2019,Other UK Airports,BARRA,1587,1587,0
2019-08-01,August 2019,Other UK Airports,BELFAST CITY (GEORGE BEST),252324,252324,0
2019-08-01,August 2019,Other UK Airports,BELFAST INTERNATIONAL,639333,639333,0
2019-08-01,August 2019,Other UK Airports,BENBECULA,3295,3295,0
2019-08-01,August 2019,Other UK Airports,BIGGIN HILL,319,319,0
2019-08-01,August 2019,Other UK Airports,BIRMINGHAM,1407086,1406717,369
2019-08-01,August 2019,Other UK Airports,BLACKPOOL,353,353,0
2019-08-01,August 2019,Other UK Airports,BOURNEMOUTH,97311,97311,0
2019-08-01,August 2019,Other UK Airports,BRISTOL,1009612,1009498,114
2019-08-01,August 2019,Other UK Airports,CAMPBELTOWN,935,910,25
2019-08-01,August 2019,Other UK Airports,CARDIFF WALES,216530,216530,0
2019-08-01,August 2019,Other UK Airports,CITY OF DERRY (EGLINTON),20556,20556,0
2019-08-01,August 2019,Other UK Airports,DONCASTER SHEFFIELD,180062,180062,0
2019-08-01,August 2019,Other UK Airports,DUNDEE,1799,1799,0
2019-08-01,August 2019,Other UK Airports,DURHAM TEES VALLEY,12301,12284,17
2019-08-01,August 2019,Other UK Airports,EAST MIDLANDS INTERNATIONAL,603530,603530,0
2019-08-01,August 2019,Other UK Airports,EDINBURGH,1479855,1479262,593
2019-08-01,August 2019,Other UK Airports,EXETER,119990,119990,0
2019-08-01,August 2019,London Area Airports,GATWICK,4943820,4943820,0
2019-08-01,August 2019,Other UK Airports,GLASGOW,909766,909448,318
2019-08-01,August 2019,Non UK Reporting Airports,GUERNSEY,93378,90892,2486
2019-08-01,August 2019,London Area Airports,HEATHROW,7680708,7680007,701
2019-08-01,August 2019,Other UK Airports,HUMBERSIDE,20655,20430,225
2019-08-01,August 2019,Other UK Airports,INVERNESS,101970,101863,107
2019-08-01,August 2019,Other UK Airports,ISLAY,3858,3829,29
2019-08-01,August 2019,Non UK Reporting Airports,ISLE OF MAN,80146,80146,0
2019-08-01,August 2019,Other UK Airports,ISLES OF SCILLY (ST.MARYS),14002,14002,0
2019-08-01,August 2019,Non UK Reporting Airports,JERSEY,201406,197552,3854
2019-08-01,August 2019,Other UK Airports,KIRKWALL,16938,15698,1240
2019-08-01,August 2019,Other UK Airports,LANDS END (ST JUST),9422,9405,17
2019-08-01,August 2019,Other UK Airports,LEEDS BRADFORD,503527,503380,147
2019-08-01,August 2019,Other UK Airports,LERWICK (TINGWALL),390,390,0
2019-08-01,August 2019,Other UK Airports,LIVERPOOL (JOHN LENNON),518343,517807,536
2019-08-01,August 2019,London Area Airports,LONDON CITY,446828,446828,0
2019-08-01,August 2019,London Area Airports,LUTON,1897129,1897129,0
2019-08-01,August 2019,Other UK Airports,LYDD,3,3,0
2019-08-01,August 2019,Other UK Airports,MANCHESTER,3334136,3332243,1893
2019-08-01,August 2019,Other UK Airports,NEWCASTLE,602840,602816,24
2019-08-01,August 2019,Other UK Airports,NEWQUAY,59066,59066,0
2019-08-01,August 2019,Other UK Airports,NORWICH,60301,60301,0
2019-08-01,August 2019,Other UK Airports,PRESTWICK,79283,79283,0
2019-08-01,August 2019,Other UK Airports,SCATSTA,9233,9233,0
2019-08-01,August 2019,Other UK Airports,SOUTHAMPTON,189732,189732,0
2019-08-01,August 2019,London Area Airports,SOUTHEND,244582,244582,0
2019-08-01,August 2019,London Area Airports,STANSTED,2865644,2865644,0
2019-08-01,August 2019,Other UK Airports,STORNOWAY,12542,12375,167
2019-08-01,August 2019,Other UK Airports,SUMBURGH,29220,29220,0
2019-08-01,August 2019,Other UK Airports,TIREE,1435,1428,7
2019-08-01,August 2019,Other UK Airports,WICK JOHN O GROATS,957,957,0
2019-09-01,September 2019,Other UK Airports,ABERDEEN,261795,261763,32
2019-09-01,September 2019,Non UK Reporting Airports,ALDERNEY,5028,5028,0
2019-09-01,September 2019,Other UK Airports,BARRA,1175,1175,0
2019-09-01,September 2019,Other UK Airports,BELFAST CITY (GEORGE BEST),207191,207191,0
2019-09-01,September 2019,Other UK Airports,BELFAST INTERNATIONAL,577048,576859,189
2019-09-01,September 2019,Other UK Airports,BENBECULA,2647,2647,0
2019-09-01,September 2019,Other UK Airports,BIGGIN HILL,215,215,0
2019-09-01,September 2019,Other UK Airports,BIRMINGHAM,1254144,1253986,158
2019-09-01,September 2019,Other UK Airports,BLACKPOOL,1497,1497,0
2019-09-01,September 2019,Other UK Airports,BOURNEMOUTH,93391,93391,0
2019-09-01,September 2019,Other UK Airports,BRISTOL,928557,927944,613
2019-09-01,September 2019,Other UK Airports,CAMPBELTOWN,616,616,0
2019-09-01,September 2019,Other UK Airports,CARDIFF WALES,188359,188359,0
2019-09-01,September 2019,Other UK Airports,CITY OF DERRY (EGLINTON),16081,16081,0
2019-09-01,September 2019,Other UK Airports,DONCASTER SHEFFIELD,159550,159550,0
2019-09-01,September 2019,Other UK Airports,DUNDEE,1832,1832,0
2019-09-01,September 2019,Other UK Airports,DURHAM TEES VALLEY,14566,14372,194
2019-09-01,September 2019,Other UK Airports,EAST MIDLANDS INTERNATIONAL,549935,549650,285
2019-09-01,September 2019,Other UK Airports,EDINBURGH,1377614,1377283,331
2019-09-01,September 2019,Other UK Airports,EXETER,103189,103182,7
2019-09-01,September 2019,London Area Airports,GATWICK,4370314,4370314,0
2019-09-01,September 2019,Other UK Airports,GLASGOW,882434,882161,273
2019-09-01,September 2019,Non UK Reporting Airports,GUERNSEY,85880,83773,2107
2019-09-01,September 2019,London Area Airports,HEATHROW,6777720,6777720,0
2019-09-01,September 2019,Other UK Airports,HUMBERSIDE,19439,18874,565
2019-09-01,September 2019,Other UK Airports,INVERNESS,91392,91321,71
2019-09-01,September 2019,Other UK Airports,ISLAY,3225,3215,10
2019-09-01,September 2019,Non UK Reporting Airports,ISLE OF MAN,71292,71292,0
2019-09-01,September 2019,Other UK Airports,ISLES OF SCILLY (ST.MARYS),9695,9695,0
2019-09-01,September 2019,Non UK Reporting Airports,JERSEY,171020,167732,3288
2019-09-01,September 2019,Other UK Airports,KIRKWALL,15938,14813,1125
2019-09-01,September 2019,Other UK Airports,LANDS END (ST JUST),5951,5925,26
2019-09-01,September 2019,Other UK Airports,LEEDS BRADFORD,446809,446561,248
2019-09-01,September 2019,Other UK Airports,LERWICK (TINGWALL),358,358,0
2019-09-01,September 2019,Other UK Airports,LIVERPOOL (JOHN LENNON),444449,444268,181
2019-09-01,September 2019,London Area Airports,LONDON CITY,471051,471051,0
2019-09-01,September 2019,London Area Airports,LUTON,1733012,1732824,188
2019-09-01,September 2019,Other UK Airports,LYDD,3,3,0
2019-09-01,September 2019,Other UK Airports,MANCHESTER,2945698,2944296,1402
2019-09-01,September 2019,Other UK Airports,NEWCASTLE,557739,557409,330
2019-09-01,September 2019,Other UK Airports,NEWQUAY,43090,43090,0
2019-09-01,September 2019,Other UK Airports,NORWICH,57507,57507,0
2019-09-01,September 2019,Other UK Airports,PRESTWICK,77180,76848,332
2019-09-01,September 2019,Other UK Airports,SCATSTA,7906,7906,0
2019-09-01,September 2019,Other UK Airports,SOUTHAMPTON,164279,164279,0
2019-09-01,September 2019,London Area Airports,SOUTHEND,210465,210465,0
2019-09-01,September 2019,London Area Airports,STANSTED,2611175,2611175,0
2019-09-01,September 2019,Other UK Airports,STORNOWAY,11773,11648,125
2019-09-01,September 2019,Other UK Airports,SUMBURGH,26640,26640,0
2019-09-01,September 2019,Other UK Airports,TIREE,1054,1052,2
2019-09-01,September 2019,Other UK Airports,WICK JOHN O GROATS,947,947,0
2019-10-01,October 2019,Other UK Airports,ABERDEEN,269335,269315,20
2019-10-01,October 2019,Non UK Reporting Airports,ALDERNEY,4424,4424,0
2019-10-01,October 2019,Other UK Airports,BARRA,1349,1349,0
2019-10-01,October 2019,Other UK Airports,BELFAST CITY (GEORGE BEST),206968,206968,0
2019-10-01,October 2019,Other UK Airports,BELFAST INTERNATIONAL,518039,518039,0
2019-10-01,October 2019,Other UK Airports,BENBECULA,3296,3296,0
2019-10-01,October 2019,Other UK Airports,BIGGIN HILL,200,200,0
2019-10-01,October 2019,Other UK Airports,BIRMINGHAM,1103138,1103138,0
2019-10-01,October 2019,Other UK Airports,BLACKPOOL,1015,1015,0
2019-10-01,October 2019,Other UK Airports,BOURNEMOUTH,80686,80506,180
2019-10-01,October 2019,Other UK Airports,BRISTOL,783871,783315,556
2019-10-01,October 2019,Other UK Airports,CAMPBELTOWN,669,665,4
2019-10-01,October 2019,Other UK Airports,CARDIFF WALES,137390,137203,187
2019-10-01,October 2019,Other UK Airports,CITY OF DERRY (EGLINTON),18201,18201,0
2019-10-01,October 2019,Other UK Airports,DONCASTER SHEFFIELD,134085,134085,0
2019-10-01,October 2019,Other UK Airports,DUNDEE,1878,1878,0
2019-10-01,October 2019,Other UK Airports,DURHAM TEES VALLEY,12967,12967,0
2019-10-01,October 2019,Other UK Airports,EAST MIDLANDS INTERNATIONAL,422608,422608,0
2019-10-01,October 2019,Other UK Airports,EDINBURGH,1307999,1307844,155
2019-10-01,October 2019,Other UK Airports,EXETER,91228,91228,0
2019-10-01,October 2019,London Area Airports,GATWICK,3961699,3961697,2
2019-10-01,October 2019,Other UK Airports,GLASGOW,769900,769900,0
2019-10-01,October 2019,Non UK Reporting Airports,GUERNSEY,77208,75224,1984
2019-10-01,October 2019,London Area Airports,HEATHROW,6994478,6994212,266
2019-10-01,October 2019,Other UK Airports,HUMBERSIDE,16905,16819,86
2019-10-01,October 2019,Other UK Airports,INVERNESS,91393,91360,33
2019-10-01,October 2019,Other UK Airports,ISLAY,3320,3306,14
2019-10-01,October 2019,Non UK Reporting Airports,ISLE OF MAN,70872,70872,0
2019-10-01,October 2019,Other UK Airports,ISLES OF SCILLY (ST.MARYS),6701,6701,0
2019-10-01,October 2019,Non UK Reporting Airports,JERSEY,155641,152463,3178
2019-10-01,October 2019,Other UK Airports,KIRKWALL,15180,14025,1155
2019-10-01,October 2019,Other UK Airports,LANDS END (ST JUST),5035,4983,52
2019-10-01,October 2019,Other UK Airports,LEEDS BRADFORD,374295,374295,0
2019-10-01,October 2019,Other UK Airports,LERWICK (TINGWALL),426,426,0
2019-10-01,October 2019,Other UK Airports,LIVERPOOL (JOHN LENNON),460606,460490,116
2019-10-01,October 2019,London Area Airports,LONDON CITY,462534,462534,0
2019-10-01,October 2019,London Area Airports,LUTON,1662937,1662937,0
2019-10-01,October 2019,Other UK Airports,LYDD,0,0,0
2019-10-01,October 2019,Other UK Airports,MANCHESTER,2499153,2497192,1961
2019-10-01,October 2019,Other UK Airports,NEWCASTLE,469441,469365,76
2019-10-01,October 2019,Other UK Airports,NEWQUAY,37340,37340,0
2019-10-01,October 2019,Other UK Airports,NORWICH,52609,52609,0
2019-10-01,October 2019,Other UK Airports,PRESTWICK,69348,69347,1
2019-10-01,October 2019,Other UK Airports,SCATSTA,9100,9100,0
2019-10-01,October 2019,Other UK Airports,SOUTHAMPTON,142607,142607,0
2019-10-01,October 2019,London Area Airports,SOUTHEND,204123,204123,0
2019-10-01,October 2019,London Area Airports,STANSTED,2485794,2485794,0
2019-10-01,October 2019,Other UK Airports,STORNOWAY,12355,12189,166
2019-10-01,October 2019,Other UK Airports,SUMBURGH,25641,25641,0
2019-10-01,October 2019,Other UK Airports,TIREE,965,933,32
2019-10-01,October 2019,Other UK Airports,WICK JOHN O GROATS,1119,1119,0
2019-11-01,November 2019,Other UK Airports,ABERDEEN,217174,217174,0
2019-11-01,November 2019,Non UK Reporting Airports,ALDERNEY,3459,3459,0
2019-11-01,November 2019,Other UK Airports,BARRA,920,920,0
2019-11-01,November 2019,Other UK Airports,BELFAST CITY (GEORGE BEST),176285,176285,0
2019-11-01,November 2019,Other UK Airports,BELFAST INTERNATIONAL,396660,396660,0
2019-11-01,November 2019,Other UK Airports,BENBECULA,2682,2682,0
2019-11-01,November 2019,Other UK Airports,BIGGIN HILL,151,151,0
2019-11-01,November 2019,Other UK Airports,BIRMINGHAM,810622,810573,49
2019-11-01,November 2019,Other UK Airports,BLACKPOOL,1286,1286,0
2019-11-01,November 2019,Other UK Airports,BOURNEMOUTH,38489,38489,0
2019-11-01,November 2019,Other UK Airports,BRISTOL,530960,530511,449
2019-11-01,November 2019,Other UK Airports,CAMPBELTOWN,616,613,3
2019-11-01,November 2019,Other UK Airports,CARDIFF WALES,81380,81371,9
2019-11-01,November 2019,Other UK Airports,CITY OF DERRY (EGLINTON),18005,18005,0
2019-11-01,November 2019,Other UK Airports,DONCASTER SHEFFIELD,69562,69562,0
2019-11-01,November 2019,Other UK Airports,DUNDEE,1839,1839,0
2019-11-01,November 2019,Other UK Airports,DURHAM TEES VALLEY,11467,11273,194
2019-11-01,November 2019,Other UK Airports,EAST MIDLANDS INTERNATIONAL,208175,207894,281
2019-11-01,November 2019,Other UK Airports,EDINBURGH,999652,999503,149
2019-11-01,November 2019,Other UK Airports,EXETER,59215,59215,0
2019-11-01,November 2019,London Area Airports,GATWICK,2965844,2965723,121
2019-11-01,November 2019,Other UK Airports,GLASGOW,580092,579919,173
2019-11-01,November 2019,Non UK Reporting Airports,GUERNSEY,68516,66761,1755
2019-11-01,November 2019,London Area Airports,HEATHROW,6233861,6233583,278
2019-11-01,November 2019,Other UK Airports,HUMBERSIDE,14009,13994,15
2019-11-01,November 2019,Other UK Airports,INVERNESS,61791,61791,0
2019-11-01,November 2019,Other UK Airports,ISLAY,2217,2202,15
2019-11-01,November 2019,Non UK Reporting Airports,ISLE OF MAN,65817,65817,0
2019-11-01,November 2019,Other UK Airports,ISLES OF SCILLY (ST.MARYS),2907,2907,0
2019-11-01,November 2019,Non UK Reporting Airports,JERSEY,117553,114961,2592
2019-11-01,November 2019,Other UK Airports,KIRKWALL,12500,11822,678
2019-11-01,November 2019,Other UK Airports,LANDS END (ST JUST),2695,2672,23
2019-11-01,November 2019,Other UK Airports,LEEDS BRADFORD,213095,213095,0
2019-11-01,November 2019,Other UK Airports,LERWICK (TINGWALL),211,211,0
2019-11-01,November 2019,Other UK Airports,LIVERPOOL (JOHN LENNON),309734,309360,374
2019-11-01,November 2019,London Area Airports,LONDON CITY,414868,414868,0
2019-11-01,November 2019,London Area Airports,LUTON,1142045,1142045,0
2019-11-01,November 2019,Other UK Airports,LYDD,0,0,0
2019-11-01,November 2019,Other UK Airports,MANCHESTER,1827028,1824478,2550
2019-11-01,November 2019,Other UK Airports,NEWCASTLE,302153,302088,65
2019-11-01,November 2019,Other UK Airports,NEWQUAY,24625,24625,0
2019-11-01,November 2019,Other UK Airports,NORWICH,28704,28704,0
2019-11-01,November 2019,Other UK Airports,PRESTWICK,22037,21639,398
2019-11-01,November 2019,Other UK Airports,SCATSTA,9633,9633,0
2019-11-01,November 2019,Other UK Airports,SOUTHAMPTON,121436,121436,0
2019-11-01,November 2019,London Area Airports,SOUTHEND,132744,132744,0
2019-11-01,November 2019,London Area Airports,STANSTED,1887916,1887916,0
2019-11-01,November 2019,Other UK Airports,STORNOWAY,10902,10733,169
2019-11-01,November 2019,Other UK Airports,SUMBURGH,18347,18347,0
2019-11-01,November 2019,Other UK Airports,TIREE,773,763,10
2019-11-01,November 2019,Other UK Airports,WICK JOHN O GROATS,868,868,0
2019-12-01,December 2019,Other UK Airports,ABERDEEN,212838,212838,0
2019-12-01,December 2019,Non UK Reporting Airports,ALDERNEY,3487,3487,0
2019-12-01,December 2019,Other UK Airports,BARRA,856,856,0
2019-12-01,December 2019,Other UK Airports,BELFAST CITY (GEORGE BEST),161919,161919,0
2019-12-01,December 2019,Other UK Airports,BELFAST INTERNATIONAL,406574,406574,0
2019-12-01,December 2019,Other UK Airports,BENBECULA,2451,2451,0
2019-12-01,December 2019,Other UK Airports,BIGGIN HILL,143,143,0
2019-12-01,December 2019,Other UK Airports,BIRMINGHAM,814379,813931,448
2019-12-01,December 2019,Other UK Airports,BLACKPOOL,1485,1485,0
2019-12-01,December 2019,Other UK Airports,BOURNEMOUTH,44293,44293,0
2019-12-01,December 2019,Other UK Airports,BRISTOL,591238,590844,394
2019-12-01,December 2019,Other UK Airports,CAMPBELTOWN,456,452,4
2019-12-01,December 2019,Other UK Airports,CARDIFF WALES,77686,77382,304
2019-12-01,December 2019,Other UK Airports,CITY OF DERRY (EGLINTON),18419,18419,0
2019-12-01,December 2019,Other UK Airports,DONCASTER SHEFFIELD,76701,76701,0
2019-12-01,December 2019,Other UK Airports,DUNDEE,1633,1633,0
2019-12-01,December 2019,Other UK Airports,EAST MIDLANDS INTERNATIONAL,206980,206791,189
2019-12-01,December 2019,Other UK Airports,EDINBURGH,1048297,1048297,0
2019-12-01,December 2019,Other UK Airports,EXETER,60664,60664,0
2019-12-01,December 2019,London Area Airports,GATWICK,3368967,3368600,367
2019-12-01,December 2019,Other UK Airports,GLASGOW,558145,557898,247
2019-12-01,December 2019,Non UK Reporting Airports,GUERNSEY,66049,64290,1759
2019-12-01,December 2019,London Area Airports,HEATHROW,6696079,6696079,0
2019-12-01,December 2019,Other UK Airports,HUMBERSIDE,13697,13697,0
2019-12-01,December 2019,Other UK Airports,INVERNESS,63618,63618,0
2019-12-01,December 2019,Other UK Airports,ISLAY,1725,1722,3
2019-12-01,December 2019,Non UK Reporting Airports,ISLE OF MAN,67466,67466,0
2019-12-01,December 2019,Other UK Airports,ISLES OF SCILLY (ST.MARYS),3317,3317,0
2019-12-01,December 2019,Non UK Reporting Airports,JERSEY,120440,117857,2583
2019-12-01,December 2019,Other UK Airports,KIRKWALL,11798,11194,604
2019-12-01,December 2019,Other UK Airports,LANDS END (ST JUST),2856,2855,1
2019-12-01,December 2019,Other UK Airports,LEEDS BRADFORD,189607,189607,0
2019-12-01,December 2019,Other UK Airports,LERWICK (TINGWALL),125,125,0
2019-12-01,December 2019,Other UK Airports,LIVERPOOL (JOHN LENNON),334833,334833,0
2019-12-01,December 2019,London Area Airports,LONDON CITY,368609,368609,0
2019-12-01,December 2019,London Area Airports,LUTON,1360463,1360463,0
2019-12-01,December 2019,Other UK Airports,LYDD,0,0,0
2019-12-01,December 2019,Other UK Airports,MANCHESTER,1968052,1965330,2722
2019-12-01,December 2019,Other UK Airports,NEWCASTLE,291749,291712,37
2019-12-01,December 2019,Other UK Airports,NEWQUAY,24470,24470,0
2019-12-01,December 2019,Other UK Airports,NORWICH,27968,27968,0
2019-12-01,December 2019,Other UK Airports,PRESTWICK,20982,20976,6
2019-12-01,December 2019,Other UK Airports,SCATSTA,8167,8167,0
2019-12-01,December 2019,Other UK Airports,SOUTHAMPTON,118827,118827,0
2019-12-01,December 2019,London Area Airports,SOUTHEND,148819,148819,0
2019-12-01,December 2019,London Area Airports,STANSTED,1995287,1995287,0
2019-12-01,December 2019,Other UK Airports,STORNOWAY,9743,9652,91
2019-12-01,December 2019,Other UK Airports,SUMBURGH,17298,17280,18
2019-12-01,December 2019,Other UK Airports,TEESSIDE INTERNATIONAL AIRPORT,10939,10810,129
2019-12-01,December 2019,Other UK Airports,TIREE,651,638,13
2019-12-01,December 2019,Other UK Airports,WICK JOHN O GROATS,842,842,0
2020-01-01,January 2020,Other UK Airports,ABERDEEN,198248,198248,0
2020-01-01,January 2020,Non UK Reporting Airports,ALDERNEY,2860,2860,0
2020-01-01,January 2020,Other UK Airports,BARRA,741,741,0
2020-01-01,January 2020,Other UK Airports,BELFAST CITY (GEORGE BEST),141536,141536,0
2020-01-01,January 2020,Other UK Airports,BELFAST INTERNATIONAL,380056,380056,0
2020-01-01,January 2020,Other UK Airports,BENBECULA,2322,2322,0
2020-01-01,January 2020,Other UK Airports,BIGGIN HILL,114,114,0
2020-01-01,January 2020,Other UK Airports,BIRMINGHAM,776704,775830,874
2020-01-01,January 2020,Other UK Airports,BLACKPOOL,1546,1546,0
2020-01-01,January 2020,Other UK Airports,BOURNEMOUTH,43582,43582,0
2020-01-01,January 2020,Other UK Airports,BRISTOL,535312,534796,516
2020-01-01,January 2020,Other UK Airports,CAMPBELTOWN,345,345,0
2020-01-01,January 2020,Other UK Airports,CARDIFF WALES,68227,68137,90
2020-01-01,January 2020,Other UK Airports,CITY OF DERRY (EGLINTON),15199,15199,0
2020-01-01,January 2020,Other UK Airports,DONCASTER SHEFFIELD,67400,67400,0
2020-01-01,January 2020,Other UK Airports,DUNDEE,1661,1661,0
2020-01-01,January 2020,Other UK Airports,EAST MIDLANDS INTERNATIONAL,190585,190585,0
2020-01-01,January 2020,Other UK Airports,EDINBURGH,934654,934321,333
2020-01-01,January 2020,Other UK Airports,EXETER,51091,51091,0
2020-01-01,January 2020,London Area Airports,GATWICK,2892920,2892466,454
2020-01-01,January 2020,Other UK Airports,GLASGOW,511436,511436,0
2020-01-01,January 2020,Non UK Reporting Airports,GUERNSEY,52888,50978,1910
2020-01-01,January 2020,London Area Airports,HEATHROW,6099240,6099084,156
2020-01-01,January 2020,Other UK Airports,HUMBERSIDE,12736,12712,24
2020-01-01,January 2020,Other UK Airports,INVERNESS,50437,50437,0
2020-01-01,January 2020,Other UK Airports,ISLAY,1488,1481,7
2020-01-01,January 2020,Non UK Reporting Airports,ISLE OF MAN,54597,54597,0
2020-01-01,January 2020,Other UK Airports,ISLES OF SCILLY (ST.MARYS),2588,2588,0
2020-01-01,January 2020,Non UK Reporting Airports,JERSEY,96872,94772,2100
2020-01-01,January 2020,Other UK Airports,KIRKWALL,10902,10398,504
2020-01-01,January 2020,Other UK Airports,LANDS END (ST JUST),2360,2333,27
2020-01-01,January 2020,Other UK Airports,LEEDS BRADFORD,174305,174305,0
2020-01-01,January 2020,Other UK Airports,LERWICK (TINGWALL),114,114,0
2020-01-01,January 2020,Other UK Airports,LIVERPOOL (JOHN LENNON),299912,299655,257
2020-01-01,January 2020,London Area Airports,LONDON CITY,334571,334571,0
2020-01-01,January 2020,London Area Airports,LUTON,1210489,1210489,0
2020-01-01,January 2020,Other UK Airports,LYDD,0,0,0
2020-01-01,January 2020,Other UK Airports,MANCHESTER,1776827,1775043,1784
2020-01-01,January 2020,Other UK Airports,NEWCASTLE,266438,266008,430
2020-01-01,January 2020,Other UK Airports,NEWQUAY,19773,19773,0
2020-01-01,January 2020,Other UK Airports,NORWICH,25235,25235,0
2020-01-01,January 2020,Other UK Airports,PRESTWICK,17851,17849,2
2020-01-01,January 2020,Other UK Airports,SCATSTA,8718,8718,0
2020-01-01,January 2020,Other UK Airports,SOUTHAMPTON,100912,100912,0
2020-01-01,January 2020,London Area Airports,SOUTHEND,124462,124462,0
2020-01-01,January 2020,London Area Airports,STANSTED,1903595,1903595,0
2020-01-01,January 2020,Other UK Airports,STORNOWAY,8834,8712,122
2020-01-01,January 2020,Other UK Airports,SUMBURGH,15517,15517,0
2020-01-01,January 2020,Other UK Airports,TEESSIDE INTERNATIONAL AIRPORT,10402,10190,212
2020-01-01,January 2020,Other UK Airports,TIREE,583,553,30
2020-01-01,January 2020,Other UK Airports,WICK JOHN O GROATS,697,697,0
2020-02-01,February 2020,Other UK Airports,ABERDEEN,193002,193002,0
2020-02-01,February 2020,Non UK Reporting Airports,ALDERNEY,2821,2821,0
2020-02-01,February 2020,Other UK Airports,BARRA,829,829,0
2020-02-01,February 2020,Other UK Airports,BELFAST CITY (GEORGE BEST),148662,148662,0
2020-02-01,February 2020,Other UK Airports,BELFAST INTERNATIONAL,394255,394255,0
2020-02-01,February 2020,Other UK Airports,BENBECULA,2728,2728,0
2020-02-01,February 2020,Other UK Airports,BIGGIN HILL,220,220,0
2020-02-01,February 2020,Other UK Airports,BIRMINGHAM,788402,787782,620
2020-02-01,February 2020,Other UK Airports,BLACKPOOL,1480,1480,0
2020-02-01,February 2020,Other UK Airports,BOURNEMOUTH,42354,42354,0
2020-02-01,February 2020,Other UK Airports,BRISTOL,560768,560250,518
2020-02-01,February 2020,Other UK Airports,CAMPBELTOWN,372,356,16
2020-02-01,February 2020,Other UK Airports,CARDIFF WALES,77681,77028,653
2020-02-01,February 2020,Other UK Airports,CITY OF DERRY (EGLINTON),16296,16296,0
2020-02-01,February 2020,Other UK Airports,DONCASTER SHEFFIELD,63474,63347,127
2020-02-01,February 2020,Other UK Airports,DUNDEE,1592,1592,0
2020-02-01,February 2020,Other UK Airports,EAST MIDLANDS INTERNATIONAL,196356,196356,0
2020-02-01,February 2020,Other UK Airports,EDINBURGH,934960,934798,162
2020-02-01,February 2020,Other UK Airports,EXETER,54319,54206,113
2020-02-01,February 2020,London Area Airports,GATWICK,2959577,2959388,189
2020-02-01,February 2020,Other UK Airports,GLASGOW,528433,528433,0
2020-02-01,February 2020,Non UK Reporting Airports,GUERNSEY,57863,55909,1954
2020-02-01,February 2020,London Area Airports,HEATHROW,5441756,5441556,200
2020-02-01,February 2020,Other UK Airports,HUMBERSIDE,12425,12425,0
2020-02-01,February 2020,Other UK Airports,INVERNESS,54094,54094,0
2020-02-01,February 2020,Other UK Airports,ISLAY,1933,1899,34
2020-02-01,February 2020,Non UK Reporting Airports,ISLE OF MAN,57519,57519,0
2020-02-01,February 2020,Other UK Airports,ISLES OF SCILLY (ST.MARYS),2990,2990,0
2020-02-01,February 2020,Non UK Reporting Airports,JERSEY,105857,103563,2294
2020-02-01,February 2020,Other UK Airports,KIRKWALL,11249,10673,576
2020-02-01,February 2020,Other UK Airports,LANDS END (ST JUST),2713,2647,66
2020-02-01,February 2020,Other UK Airports,LEEDS BRADFORD,183068,183068,0
2020-02-01,February 2020,Other UK Airports,LERWICK (TINGWALL),141,141,0
2020-02-01,February 2020,Other UK Airports,LIVERPOOL (JOHN LENNON),337319,336920,399
2020-02-01,February 2020,London Area Airports,LONDON CITY,352594,352594,0
2020-02-01,February 2020,London Area Airports,LUTON,1146483,1146483,0
2020-02-01,February 2020,Other UK Airports,MANCHESTER,1780682,1779116,1566
2020-02-01,February 2020,Other UK Airports,NEWCASTLE,275057,274815,242
2020-02-01,February 2020,Other UK Airports,NEWQUAY,18829,18829,0
2020-02-01,February 2020,Other UK Airports,NORWICH,24367,24367,0
2020-02-01,February 2020,Other UK Airports,PRESTWICK,17158,16982,176
2020-02-01,February 2020,Other UK Airports,SCATSTA,8090,8090,0
2020-02-01,February 2020,Other UK Airports,SOUTHAMPTON,107169,107102,67
2020-02-01,February 2020,London Area Airports,SOUTHEND,130246,130246,0
2020-02-01,February 2020,London Area Airports,STANSTED,1872261,1872261,0
2020-02-01,February 2020,Other UK Airports,STORNOWAY,9746,9591,155
2020-02-01,February 2020,Other UK Airports,SUMBURGH,15456,15456,0
2020-02-01,February 2020,Other UK Airports,TEESSIDE INTERNATIONAL AIRPORT,10609,10450,159
2020-02-01,February 2020,Other UK Airports,TIREE,610,604,6
2020-02-01,February 2020,Other UK Airports,WICK JOHN O GROATS,794,794,0
2020-03-01,March 2020,Other UK Airports,ABERDEEN,114926,114926,0
2020-03-01,March 2020,Non UK Reporting Airports,ALDERNEY,1996,1996,0
2020-03-01,March 2020,Other UK Airports,BARRA,695,695,0
2020-03-01,March 2020,Other UK Airports,BELFAST CITY (GEORGE BEST),45212,45212,0
2020-03-01,March 2020,Other UK Airports,BELFAST INTERNATIONAL,241743,241743,0
2020-03-01,March 2020,Other UK Airports,BENBECULA,1796,1753,43
2020-03-01,March 2020,Other UK Airports,BIGGIN HILL,55,55,0
2020-03-01,March 2020,Other UK Airports,BIRMINGHAM,388491,388300,191
2020-03-01,March 2020,Other UK Airports,BLACKPOOL,1000,1000,0
2020-03-01,March 2020,Other UK Airports,BOURNEMOUTH,22876,22876,0
2020-03-01,March 2020,Other UK Airports,BRISTOL,297168,296999,169
2020-03-01,March 2020,Other UK Airports,CAMPBELTOWN,342,321,21
2020-03-01,March 2020,Other UK Airports,CARDIFF WALES,29346,29346,0
2020-03-01,March 2020,Other UK Airports,CITY OF DERRY (EGLINTON),9905,9905,0
2020-03-01,March 2020,Other UK Airports,DONCASTER SHEFFIELD,36441,36441,0
2020-03-01,March 2020,Other UK Airports,DUNDEE,815,815,0
2020-03-01,March 2020,Other UK Airports,EAST MIDLANDS INTERNATIONAL,106493,106430,63
2020-03-01,March 2020,Other UK Airports,EDINBURGH,498300,498300,0
2020-03-01,March 2020,Other UK Airports,EXETER,15390,15383,7
2020-03-01,March 2020,London Area Airports,GATWICK,1650987,1650987,0
2020-03-01,March 2020,Other UK Airports,GLASGOW,293928,293928,0
2020-03-01,March 2020,Non UK Reporting Airports,GUERNSEY,28619,28379,240
2020-03-01,March 2020,London Area Airports,HEATHROW,3107151,3107013,138
2020-03-01,March 2020,Other UK Airports,HUMBERSIDE,6437,6312,125
2020-03-01,March 2020,Other UK Airports,INVERNESS,33384,33384,0
2020-03-01,March 2020,Other UK Airports,ISLAY,1296,1284,12
2020-03-01,March 2020,Non UK Reporting Airports,ISLE OF MAN,27652,27652,0
2020-03-01,March 2020,Other UK Airports,ISLES OF SCILLY (ST.MARYS),2872,2872,0
2020-03-01,March 2020,Non UK Reporting Airports,JERSEY,55083,54750,333
2020-03-01,March 2020,Other UK Airports,KIRKWALL,7863,7460,403
2020-03-01,March 2020,Other UK Airports,LANDS END (ST JUST),3376,3372,4
2020-03-01,March 2020,Other UK Airports,LEEDS BRADFORD,104403,104403,0
2020-03-01,March 2020,Other UK Airports,LERWICK (TINGWALL),163,163,0
2020-03-01,March 2020,Other UK Airports,LIVERPOOL (JOHN LENNON),187670,187670,0
2020-03-01,March 2020,London Area Airports,LONDON CITY,120595,120595,0
2020-03-01,March 2020,London Area Airports,LUTON,591360,591360,0
2020-03-01,March 2020,Other UK Airports,MANCHESTER,943219,942255,964
2020-03-01,March 2020,Other UK Airports,NEWCASTLE,160185,160033,152
2020-03-01,March 2020,Other UK Airports,NEWQUAY,5169,5169,0
2020-03-01,March 2020,Other UK Airports,NORWICH,14860,14860,0
2020-03-01,March 2020,Other UK Airports,PRESTWICK,10262,10262,0
2020-03-01,March 2020,Other UK Airports,SCATSTA,6795,6795,0
2020-03-01,March 2020,Other UK Airports,SOUTHAMPTON,24186,24186,0
2020-03-01,March 2020,London Area Airports,SOUTHEND,68607,68607,0
2020-03-01,March 2020,London Area Airports,STANSTED,877410,877316,94
2020-03-01,March 2020,Other UK Airports,STORNOWAY,6525,6428,97
2020-03-01,March 2020,Other UK Airports,SUMBURGH,10168,10124,44
2020-03-01,March 2020,Other UK Airports,TEESSIDE INTERNATIONAL AIRPORT,5304,5215,89
2020-03-01,March 2020,Other UK Airports,TIREE,674,657,17
2020-03-01,March 2020,Other UK Airports,WICK JOHN O GROATS,414,414,0
2020-04-01,April 2020,Other UK Airports,ABERDEEN,32964,32964,0
2020-04-01,April 2020,Non UK Reporting Airports,ALDERNEY,120,120,0
2020-04-01,April 2020,Other UK Airports,BARRA,69,69,0
2020-04-01,April 2020,Other UK Airports,BELFAST CITY (GEORGE BEST),2503,2503,0
2020-04-01,April 2020,Other UK Airports,BELFAST INTERNATIONAL,0,0,0
2020-04-01,April 2020,Other UK Airports,BENBECULA,152,42,110
2020-04-01,April 2020,Other UK Airports,BIGGIN HILL,30,30,0
2020-04-01,April 2020,Other UK Airports,BIRMINGHAM,4768,4768,0
2020-04-01,April 2020,Other UK Airports,BLACKPOOL,650,650,0
2020-04-01,April 2020,Other UK Airports,BOURNEMOUTH,0,0,0
2020-04-01,April 2020,Other UK Airports,BRISTOL,357,357,0
2020-04-01,April 2020,Other UK Airports,CAMPBELTOWN,8,7,1
2020-04-01,April 2020,Other UK Airports,CARDIFF WALES,0,0,0
2020-04-01,April 2020,Other UK Airports,CITY OF DERRY (EGLINTON),166,166,0
2020-04-01,April 2020,Other UK Airports,DONCASTER SHEFFIELD,643,643,0
2020-04-01,April 2020,Other UK Airports,DUNDEE,0,0,0
2020-04-01,April 2020,Other UK Airports,EAST MIDLANDS INTERNATIONAL,59,59,0
2020-04-01,April 2020,Other UK Airports,EDINBURGH,5381,5381,0
2020-04-01,April 2020,Other UK Airports,EXETER,0,0,0
2020-04-01,April 2020,London Area Airports,GATWICK,9435,9435,0
2020-04-01,April 2020,Other UK Airports,GLASGOW,4059,4059,0
2020-04-01,April 2020,Non UK Reporting Airports,GUERNSEY,613,613,0
2020-04-01,April 2020,London Area Airports,HEATHROW,206600,206600,0
2020-04-01,April 2020,Other UK Airports,HUMBERSIDE,639,639,0
2020-04-01,April 2020,Other UK Airports,INVERNESS,0,0,0
2020-04-01,April 2020,Other UK Airports,ISLAY,57,57,0
2020-04-01,April 2020,Non UK Reporting Airports,ISLE OF MAN,241,241,0
2020-04-01,April 2020,Other UK Airports,ISLES OF SCILLY (ST.MARYS),135,135,0
2020-04-01,April 2020,Non UK Reporting Airports,JERSEY,802,802,0
2020-04-01,April 2020,Other UK Airports,KIRKWALL,782,617,165
2020-04-01,April 2020,Other UK Airports,LANDS END (ST JUST),135,135,0
2020-04-01,April 2020,Other UK Airports,LEEDS BRADFORD,0,0,0
2020-04-01,April 2020,Other UK Airports,LERWICK (TINGWALL),17,17,0
2020-04-01,April 2020,Other UK Airports,LIVERPOOL (JOHN LENNON),862,862,0
2020-04-01,April 2020,London Area Airports,LONDON CITY,0,0,0
2020-04-01,April 2020,London Area Airports,LUTON,14183,14183,0
2020-04-01,April 2020,Other UK Airports,LYDD,0,0,0
2020-04-01,April 2020,Other UK Airports,MANCHESTER,23732,23732,0
2020-04-01,April 2020,Other UK Airports,NEWCASTLE,916,916,0
2020-04-01,April 2020,Other UK Airports,NEWQUAY,0,0,0
2020-04-01,April 2020,Other UK Airports,NORWICH,4016,4016,0
2020-04-01,April 2020,Other UK Airports,PRESTWICK,1,1,0
2020-04-01,April 2020,Other UK Airports,SCATSTA,4795,4795,0
2020-04-01,April 2020,Other UK Airports,SOUTHAMPTON,1172,1172,0
2020-04-01,April 2020,London Area Airports,SOUTHEND,141,141,0
2020-04-01,April 2020,London Area Airports,STANSTED,13721,13692,29
2020-04-01,April 2020,Other UK Airports,STORNOWAY,275,265,10
2020-04-01,April 2020,Other UK Airports,SUMBURGH,1194,909,285
2020-04-01,April 2020,Other UK Airports,TEESSIDE INTERNATIONAL AIRPORT,0,0,0
2020-04-01,April 2020,Other UK Airports,TIREE,18,15,3
2020-04-01,April 2020,Other UK Airports,WICK JOHN O GROATS,0,0,0
2020-05-01,May 2020,Other UK Airports,ABERDEEN,33330,33330,0
2020-05-01,May 2020,Non UK Reporting Airports,ALDERNEY,203,203,0
2020-05-01,May 2020,Other UK Airports,BARRA,71,71,0
2020-05-01,May 2020,Other UK Airports,BELFAST CITY (GEORGE BEST),5132,5132,0
2020-05-01,May 2020,Other UK Airports,BELFAST INTERNATIONAL,0,0,0
2020-05-01,May 2020,Other UK Airports,BENBECULA,243,94,149
2020-05-01,May 2020,Other UK Airports,BIGGIN HILL,32,32,0
2020-05-01,May 2020,Other UK Airports,BIRMINGHAM,6184,6184,0
2020-05-01,May 2020,Other UK Airports,BLACKPOOL,341,341,0
2020-05-01,May 2020,Other UK Airports,BOURNEMOUTH,0,0,0
2020-05-01,May 2020,Other UK Airports,BRISTOL,774,774,0
2020-05-01,May 2020,Other UK Airports,CAMPBELTOWN,20,13,7
2020-05-01,May 2020,Other UK Airports,CARDIFF WALES,72,72,0
2020-05-01,May 2020,Other UK Airports,CITY OF DERRY (EGLINTON),946,946,0
2020-05-01,May 2020,Other UK Airports,DONCASTER SHEFFIELD,284,284,0
2020-05-01,May 2020,Other UK Airports,DUNDEE,0,0,0
2020-05-01,May 2020,Other UK Airports,EAST MIDLANDS INTERNATIONAL,0,0,0
2020-05-01,May 2020,Other UK Airports,EDINBURGH,9566,9566,0
2020-05-01,May 2020,Other UK Airports,EXETER,0,0,0
2020-05-01,May 2020,London Area Airports,GATWICK,7031,7031,0
2020-05-01,May 2020,Other UK Airports,GLASGOW,2790,2790,0
2020-05-01,May 2020,Non UK Reporting Airports,GUERNSEY,1036,1036,0
2020-05-01,May 2020,London Area Airports,HEATHROW,228158,228018,140
2020-05-01,May 2020,Other UK Airports,HUMBERSIDE,692,692,0
2020-05-01,May 2020,Other UK Airports,INVERNESS,0,0,0
2020-05-01,May 2020,Other UK Airports,ISLAY,92,92,0
2020-05-01,May 2020,Non UK Reporting Airports,ISLE OF MAN,414,414,0
2020-05-01,May 2020,Other UK Airports,ISLES OF SCILLY (ST.MARYS),219,219,0
2020-05-01,May 2020,Non UK Reporting Airports,JERSEY,1125,1125,0
2020-05-01,May 2020,Other UK Airports,KIRKWALL,914,641,273
2020-05-01,May 2020,Other UK Airports,LANDS END (ST JUST),219,219,0
2020-05-01,May 2020,Other UK Airports,LEEDS BRADFORD,0,0,0
2020-05-01,May 2020,Other UK Airports,LERWICK (TINGWALL),4,4,0
2020-05-01,May 2020,Other UK Airports,LIVERPOOL (JOHN LENNON),1008,1008,0
2020-05-01,May 2020,London Area Airports,LONDON CITY,0,0,0
2020-05-01,May 2020,London Area Airports,LUTON,34731,34731,0
2020-05-01,May 2020,Other UK Airports,MANCHESTER,18753,18750,3
2020-05-01,May 2020,Other UK Airports,NEWCASTLE,67,67,0
2020-05-01,May 2020,Other UK Airports,NEWQUAY,0,0,0
2020-05-01,May 2020,Other UK Airports,NORWICH,4450,4450,0
2020-05-01,May 2020,Other UK Airports,PRESTWICK,4,1,3
2020-05-01,May 2020,Other UK Airports,SCATSTA,4099,4099,0
2020-05-01,May 2020,Other UK Airports,SOUTHAMPTON,1891,1891,0
2020-05-01,May 2020,London Area Airports,SOUTHEND,179,179,0
2020-05-01,May 2020,London Area Airports,STANSTED,20471,20471,0
2020-05-01,May 2020,Other UK Airports,STORNOWAY,362,331,31
2020-05-01,May 2020,Other UK Airports,SUMBURGH,1527,1237,290
2020-05-01,May 2020,Other UK Airports,TEESSIDE INTERNATIONAL AIRPORT,0,0,0
2020-05-01,May 2020,Other UK Airports,TIREE,29,19,10
2020-05-01,May 2020,Other UK Airports,WICK JOHN O GROATS,8,8,0
2020-06-01,June 2020,Other UK Airports,ABERDEEN,42525,42525,0
2020-06-01,June 2020,Non UK Reporting Airports,ALDERNEY,917,917,0
2020-06-01,June 2020,Other UK Airports,BARRA,143,132,11
2020-06-01,June 2020,Other UK Airports,BELFAST CITY (GEORGE BEST),10856,10856,0
2020-06-01,June 2020,Other UK Airports,BELFAST INTERNATIONAL,14896,14896,0
2020-06-01,June 2020,Other UK Airports,BENBECULA,538,193,345
2020-06-01,June 2020,Other UK Airports,BIGGIN HILL,150,150,0
2020-06-01,June 2020,Other UK Airports,BIRMINGHAM,13594,13568,26
2020-06-01,June 2020,Other UK Airports,BLACKPOOL,1463,1463,0
2020-06-01,June 2020,Other UK Airports,BOURNEMOUTH,255,255,0
2020-06-01,June 2020,Other UK Airports,BRISTOL,4214,4185,29
2020-06-01,June 2020,Other UK Airports,CAMPBELTOWN,34,16,18
2020-06-01,June 2020,Other UK Airports,CARDIFF WALES,194,194,0
2020-06-01,June 2020,Other UK Airports,CITY OF DERRY (EGLINTON),1454,1454,0
2020-06-01,June 2020,Other UK Airports,DONCASTER SHEFFIELD,349,349,0
2020-06-01,June 2020,Other UK Airports,DUNDEE,0,0,0
2020-06-01,June 2020,Other UK Airports,EAST MIDLANDS INTERNATIONAL,1141,1141,0
2020-06-01,June 2020,Other UK Airports,EDINBURGH,19050,19050,0
2020-06-01,June 2020,Other UK Airports,EXETER,0,0,0
2020-06-01,June 2020,London Area Airports,GATWICK,28910,28910,0
2020-06-01,June 2020,Other UK Airports,GLASGOW,11476,11476,0
2020-06-01,June 2020,Non UK Reporting Airports,GUERNSEY,2554,2554,0
2020-06-01,June 2020,London Area Airports,HEATHROW,350425,349607,818
2020-06-01,June 2020,Other UK Airports,HUMBERSIDE,1023,1023,0
2020-06-01,June 2020,Other UK Airports,INVERNESS,749,749,0
2020-06-01,June 2020,Other UK Airports,ISLAY,137,131,6
2020-06-01,June 2020,Non UK Reporting Airports,ISLE OF MAN,871,871,0
2020-06-01,June 2020,Other UK Airports,ISLES OF SCILLY (ST.MARYS),476,476,0
2020-06-01,June 2020,Non UK Reporting Airports,JERSEY,2451,2451,0
2020-06-01,June 2020,Other UK Airports,KIRKWALL,1502,1034,468
2020-06-01,June 2020,Other UK Airports,LANDS END (ST JUST),476,476,0
2020-06-01,June 2020,Other UK Airports,LEEDS BRADFORD,234,234,0
2020-06-01,June 2020,Other UK Airports,LERWICK (TINGWALL),30,30,0
2020-06-01,June 2020,Other UK Airports,LIVERPOOL (JOHN LENNON),7544,7544,0
2020-06-01,June 2020,London Area Airports,LONDON CITY,103,103,0
2020-06-01,June 2020,London Area Airports,LUTON,63457,63457,0
2020-06-01,June 2020,Other UK Airports,LYDD,0,0,0
2020-06-01,June 2020,Other UK Airports,MANCHESTER,39924,39924,0
2020-06-01,June 2020,Other UK Airports,NEWCASTLE,4840,4809,31
2020-06-01,June 2020,Other UK Airports,NEWQUAY,0,0,0
2020-06-01,June 2020,Other UK Airports,NORWICH,4834,4834,0
2020-06-01,June 2020,Other UK Airports,OXFORD (KIDLINGTON),58,58,0
2020-06-01,June 2020,Other UK Airports,PRESTWICK,192,192,0
2020-06-01,June 2020,Other UK Airports,SCATSTA,3127,3127,0
2020-06-01,June 2020,Other UK Airports,SOUTHAMPTON,3942,3942,0
2020-06-01,June 2020,London Area Airports,SOUTHEND,38,38,0
2020-06-01,June 2020,London Area Airports,STANSTED,59192,59138,54
2020-06-01,June 2020,Other UK Airports,STORNOWAY,658,641,17
2020-06-01,June 2020,Other UK Airports,SUMBURGH,3828,3498,330
2020-06-01,June 2020,Other UK Airports,TEESSIDE INTERNATIONAL AIRPORT,178,178,0
2020-06-01,June 2020,Other UK Airports,TIREE,87,54,33
2020-06-01,June 2020,Other UK Airports,WICK JOHN O GROATS,0,0,0
2020-07-01,July 2020,Other UK Airports,ABERDEEN,59338,59338,0
2020-07-01,July 2020,Non UK Reporting Airports,ALDERNEY,2705,2705,0
2020-07-01,July 2020,Other UK Airports,BARRA,429,424,5
2020-07-01,July 2020,Other UK Airports,BELFAST CITY (GEORGE BEST),22976,22976,0
2020-07-01,July 2020,Other UK Airports,BELFAST INTERNATIONAL,103921,103921,0
2020-07-01,July 2020,Other UK Airports,BENBECULA,1027,634,393
2020-07-01,July 2020,Other UK Airports,BIGGIN HILL,275,275,0
2020-07-01,July 2020,Other UK Airports,BIRMINGHAM,135145,135115,30
2020-07-01,July 2020,Other UK Airports,BLACKPOOL,530,530,0
2020-07-01,July 2020,Other UK Airports,BOURNEMOUTH,16280,16280,0
2020-07-01,July 2020,Other UK Airports,BRISTOL,121115,121051,64
2020-07-01,July 2020,Other UK Airports,CAMPBELTOWN,162,39,123
2020-07-01,July 2020,Other UK Airports,CARDIFF WALES,3506,3506,0
2020-07-01,July 2020,Other UK Airports,CITY OF DERRY (EGLINTON),6683,6683,0
2020-07-01,July 2020,Other UK Airports,DONCASTER SHEFFIELD,26530,26530,0
2020-07-01,July 2020,Other UK Airports,DUNDEE,383,383,0
2020-07-01,July 2020,Other UK Airports,EAST MIDLANDS INTERNATIONAL,79447,79447,0
2020-07-01,July 2020,Other UK Airports,EDINBURGH,168976,168976,0
2020-07-01,July 2020,Other UK Airports,EXETER,2150,2150,0
2020-07-01,July 2020,London Area Airports,GATWICK,280475,280475,0
2020-07-01,July 2020,Other UK Airports,GLASGOW,68952,68952,0
2020-07-01,July 2020,Non UK Reporting Airports,GUERNSEY,5962,5962,0
2020-07-01,July 2020,London Area Airports,HEATHROW,866655,866655,0
2020-07-01,July 2020,Other UK Airports,HUMBERSIDE,1372,1372,0
2020-07-01,July 2020,Other UK Airports,INVERNESS,11568,11401,167
2020-07-01,July 2020,Other UK Airports,ISLAY,304,302,2
2020-07-01,July 2020,Non UK Reporting Airports,ISLE OF MAN,2611,2611,0
2020-07-01,July 2020,Other UK Airports,ISLES OF SCILLY (ST.MARYS),5003,5003,0
2020-07-01,July 2020,Non UK Reporting Airports,JERSEY,21845,21845,0
2020-07-01,July 2020,Other UK Airports,KIRKWALL,3393,2930,463
2020-07-01,July 2020,Other UK Airports,LANDS END (ST JUST),4172,4172,0
2020-07-01,July 2020,Other UK Airports,LEEDS BRADFORD,52631,52631,0
2020-07-01,July 2020,Other UK Airports,LERWICK (TINGWALL),79,79,0
2020-07-01,July 2020,Other UK Airports,LIVERPOOL (JOHN LENNON),81890,81890,0
2020-07-01,July 2020,London Area Airports,LONDON CITY,12653,12653,0
2020-07-01,July 2020,London Area Airports,LUTON,467605,467605,0
2020-07-01,July 2020,Other UK Airports,LYDD,0,0,0
2020-07-01,July 2020,Other UK Airports,MANCHESTER,332158,332158,0
2020-07-01,July 2020,Other UK Airports,NEWCASTLE,49623,49562,61
2020-07-01,July 2020,Other UK Airports,NEWQUAY,2387,2387,0
2020-07-01,July 2020,Other UK Airports,NORWICH,6715,6715,0
2020-07-01,July 2020,Other UK Airports,OXFORD (KIDLINGTON),61,61,0
2020-07-01,July 2020,Other UK Airports,PRESTWICK,13851,13851,0
2020-07-01,July 2020,Other UK Airports,SCATSTA,0,0,0
2020-07-01,July 2020,Other UK Airports,SOUTHAMPTON,7594,7594,0
2020-07-01,July 2020,London Area Airports,SOUTHEND,20819,20819,0
2020-07-01,July 2020,London Area Airports,STANSTED,468537,468537,0
2020-07-01,July 2020,Other UK Airports,STORNOWAY,2359,2106,253
2020-07-01,July 2020,Other UK Airports,SUMBURGH,9962,9630,332
2020-07-01,July 2020,Other UK Airports,TEESSIDE INTERNATIONAL AIRPORT,1429,1429,0
2020-07-01,July 2020,Other UK Airports,TIREE,514,470,44
2020-07-01,July 2020,Other UK Airports,WICK JOHN O GROATS,0,0,0
2020-08-01,August 2020,Other UK Airports,ABERDEEN,66112,66112,0
2020-08-01,August 2020,Non UK Reporting Airports,ALDERNEY,3644,3644,0
2020-08-01,August 2020,Other UK Airports,BARRA,1048,1048,0
2020-08-01,August 2020,Other UK Airports,BELFAST CITY (GEORGE BEST),30243,30243,0
2020-08-01,August 2020,Other UK Airports,BELFAST INTERNATIONAL,215215,215215,0
2020-08-01,August 2020,Other UK Airports,BENBECULA,1362,1133,229
2020-08-01,August 2020,Other UK Airports,BIGGIN HILL,413,413,0
2020-08-01,August 2020,Other UK Airports,BIRMINGHAM,248155,248079,76
2020-08-01,August 2020,Other UK Airports,BLACKPOOL,1424,1424,0
2020-08-01,August 2020,Other UK Airports,BOURNEMOUTH,22309,22309,0
2020-08-01,August 2020,Other UK Airports,BRISTOL,273373,273280,93
2020-08-01,August 2020,Other UK Airports,CAMPBELTOWN,175,166,9
2020-08-01,August 2020,Other UK Airports,CARDIFF WALES,15443,15399,44
2020-08-01,August 2020,Other UK Airports,CITY OF DERRY (EGLINTON),9074,9074,0
2020-08-01,August 2020,Other UK Airports,DONCASTER SHEFFIELD,57418,57418,0
2020-08-01,August 2020,Other UK Airports,DUNDEE,1039,1039,0
2020-08-01,August 2020,Other UK Airports,EAST MIDLANDS INTERNATIONAL,127792,127792,0
2020-08-01,August 2020,Other UK Airports,EDINBURGH,315008,315008,0
2020-08-01,August 2020,Other UK Airports,EXETER,8422,8422,0
2020-08-01,August 2020,London Area Airports,GATWICK,900682,900682,0
2020-08-01,August 2020,Other UK Airports,GLASGOW,163252,162726,526
2020-08-01,August 2020,Non UK Reporting Airports,GUERNSEY,11129,11129,0
2020-08-01,August 2020,London Area Airports,HEATHROW,1418659,1418659,0
2020-08-01,August 2020,Other UK Airports,HUMBERSIDE,2496,2496,0
2020-08-01,August 2020,Other UK Airports,INVERNESS,30619,30352,267
2020-08-01,August 2020,Other UK Airports,ISLAY,865,836,29
2020-08-01,August 2020,Non UK Reporting Airports,ISLE OF MAN,7184,7184,0
2020-08-01,August 2020,Other UK Airports,ISLES OF SCILLY (ST.MARYS),7963,7963,0
2020-08-01,August 2020,Non UK Reporting Airports,JERSEY,61317,61317,0
2020-08-01,August 2020,Other UK Airports,KIRKWALL,5320,4324,996
2020-08-01,August 2020,Other UK Airports,LANDS END (ST JUST),5908,5908,0
2020-08-01,August 2020,Other UK Airports,LEEDS BRADFORD,85560,85560,0
2020-08-01,August 2020,Other UK Airports,LERWICK (TINGWALL),153,153,0
2020-08-01,August 2020,Other UK Airports,LIVERPOOL (JOHN LENNON),171186,171186,0
2020-08-01,August 2020,London Area Airports,LONDON CITY,21826,21826,0
2020-08-01,August 2020,London Area Airports,LUTON,835310,835310,0
2020-08-01,August 2020,Other UK Airports,LYDD,0,0,0
2020-08-01,August 2020,Other UK Airports,MANCHESTER,677821,677626,195
2020-08-01,August 2020,Other UK Airports,NEWCASTLE,104989,104936,53
2020-08-01,August 2020,Other UK Airports,NEWQUAY,7412,7412,0
2020-08-01,August 2020,Other UK Airports,NORWICH,2784,2784,0
2020-08-01,August 2020,Other UK Airports,OXFORD (KIDLINGTON),191,191,0
2020-08-01,August 2020,Other UK Airports,PRESTWICK,12527,12527,0
2020-08-01,August 2020,Other UK Airports,SCATSTA,0,0,0
2020-08-01,August 2020,Other UK Airports,SOUTHAMPTON,11807,11807,0
2020-08-01,August 2020,London Area Airports,SOUTHEND,34680,34680,0
2020-08-01,August 2020,London Area Airports,STANSTED,901742,901664,78
2020-08-01,August 2020,Other UK Airports,STORNOWAY,3822,3601,221
2020-08-01,August 2020,Other UK Airports,SUMBURGH,11266,10804,462
2020-08-01,August 2020,Other UK Airports,TEESSIDE INTERNATIONAL AIRPORT,2529,2529,0
2020-08-01,August 2020,Other UK Airports,TIREE,914,894,20
2020-08-01,August 2020,Other UK Airports,WICK JOHN O GROATS,0,0,0
2020-09-01,September 2020,Other UK Airports,ABERDEEN,71159,71159,0
2020-09-01,September 2020,Non UK Reporting Airports,ALDERNEY,4005,4005,0
2020-09-01,September 2020,Other UK Airports,BARRA,930,930,0
2020-09-01,September 2020,Other UK Airports,BELFAST CITY (GEORGE BEST),37011,36988,23
2020-09-01,September 2020,Other UK Airports,BELFAST INTERNATIONAL,173407,173407,0
2020-09-01,September 2020,Other UK Airports,BENBECULA,1279,1259,20
2020-09-01,September 2020,Other UK Airports,BIGGIN HILL,225,225,0
2020-09-01,September 2020,Other UK Airports,BIRMINGHAM,225131,224890,241
2020-09-01,September 2020,Other UK Airports,BLACKPOOL,1341,1341,0
2020-09-01,September 2020,Other UK Airports,BOURNEMOUTH,15971,15971,0
2020-09-01,September 2020,Other UK Airports,BRISTOL,219719,219701,18
2020-09-01,September 2020,Other UK Airports,CAMPBELTOWN,314,285,29
2020-09-01,September 2020,Other UK Airports,CARDIFF WALES,13725,13725,0
2020-09-01,September 2020,Other UK Airports,CITY OF DERRY (EGLINTON),5596,5596,0
2020-09-01,September 2020,Other UK Airports,DONCASTER SHEFFIELD,45531,45531,0
2020-09-01,September 2020,Other UK Airports,DUNDEE,1317,1317,0
2020-09-01,September 2020,Other UK Airports,EAST MIDLANDS INTERNATIONAL,104045,104045,0
2020-09-01,September 2020,Other UK Airports,EDINBURGH,265630,265630,0
2020-09-01,September 2020,Other UK Airports,EXETER,9528,9528,0
2020-09-01,September 2020,London Area Airports,GATWICK,735307,735307,0
2020-09-01,September 2020,Other UK Airports,GLASGOW,150736,150521,215
2020-09-01,September 2020,Non UK Reporting Airports,GUERNSEY,10396,10396,0
2020-09-01,September 2020,London Area Airports,HEATHROW,1256617,1256479,138
2020-09-01,September 2020,Other UK Airports,HUMBERSIDE,2654,2605,49
2020-09-01,September 2020,Other UK Airports,INVERNESS,28154,28050,104
2020-09-01,September 2020,Other UK Airports,ISLAY,939,914,25
2020-09-01,September 2020,Non UK Reporting Airports,ISLE OF MAN,5046,5046,0
2020-09-01,September 2020,Other UK Airports,ISLES OF SCILLY (ST.MARYS),8724,8724,0
2020-09-01,September 2020,Non UK Reporting Airports,JERSEY,44148,44148,0
2020-09-01,September 2020,Other UK Airports,KIRKWALL,6175,5174,1001
2020-09-01,September 2020,Other UK Airports,LANDS END (ST JUST),6337,6330,7
2020-09-01,September 2020,Other UK Airports,LEEDS BRADFORD,81482,81474,8
2020-09-01,September 2020,Other UK Airports,LERWICK (TINGWALL),157,157,0
2020-09-01,September 2020,Other UK Airports,LIVERPOOL (JOHN LENNON),119783,119783,0
2020-09-01,September 2020,London Area Airports,LONDON CITY,28472,28472,0
2020-09-01,September 2020,London Area Airports,LUTON,586038,585641,397
2020-09-01,September 2020,Other UK Airports,LYDD,0,0,0
2020-09-01,September 2020,Other UK Airports,MANCHESTER,629834,629761,73
2020-09-01,September 2020,Other UK Airports,NEWCASTLE,95560,95453,107
2020-09-01,September 2020,Other UK Airports,NEWQUAY,6507,6507,0
2020-09-01,September 2020,Other UK Airports,NORWICH,9635,9635,0
2020-09-01,September 2020,Other UK Airports,OXFORD (KIDLINGTON),74,74,0
2020-09-01,September 2020,Other UK Airports,PRESTWICK,9023,9023,0
2020-09-01,September 2020,Other UK Airports,SCATSTA,0,0,0
2020-09-01,September 2020,Other UK Airports,SOUTHAMPTON,16699,16699,0
2020-09-01,September 2020,London Area Airports,SOUTHEND,13202,13202,0
2020-09-01,September 2020,London Area Airports,STANSTED,663683,663683,0
2020-09-01,September 2020,Other UK Airports,STORNOWAY,3996,3869,127
2020-09-01,September 2020,Other UK Airports,SUMBURGH,12262,11897,365
2020-09-01,September 2020,Other UK Airports,TEESSIDE INTERNATIONAL AIRPORT,3333,3199,134
2020-09-01,September 2020,Other UK Airports,TIREE,896,883,13
2020-09-01,September 2020,Other UK Airports,WICK JOHN O GROATS,0,0,0
2020-10-01,October 2020,Other UK Airports,ABERDEEN,70224,70223,1
2020-10-01,October 2020,Non UK Reporting Airports,ALDERNEY,3441,3441,0
2020-10-01,October 2020,Other UK Airports,BARRA,647,647,0
2020-10-01,October 2020,Other UK Airports,BELFAST CITY (GEORGE BEST),37139,37139,0
2020-10-01,October 2020,Other UK Airports,BELFAST INTERNATIONAL,109789,109789,0
2020-10-01,October 2020,Other UK Airports,BENBECULA,916,916,0
2020-10-01,October 2020,Other UK Airports,BIGGIN HILL,60,60,0
2020-10-01,October 2020,Other UK Airports,BIRMINGHAM,144353,144240,113
2020-10-01,October 2020,Other UK Airports,BLACKPOOL,852,852,0
2020-10-01,October 2020,Other UK Airports,BOURNEMOUTH,7362,7362,0
2020-10-01,October 2020,Other UK Airports,BRISTOL,105965,105965,0
2020-10-01,October 2020,Other UK Airports,CAMPBELTOWN,256,225,31
2020-10-01,October 2020,Other UK Airports,CARDIFF WALES,8417,8417,0
2020-10-01,October 2020,Other UK Airports,CITY OF DERRY (EGLINTON),3631,3631,0
2020-10-01,October 2020,Other UK Airports,DONCASTER SHEFFIELD,22831,22738,93
2020-10-01,October 2020,Other UK Airports,DUNDEE,908,908,0
2020-10-01,October 2020,Other UK Airports,EAST MIDLANDS INTERNATIONAL,65826,65826,0
2020-10-01,October 2020,Other UK Airports,EDINBURGH,164389,163888,501
2020-10-01,October 2020,Other UK Airports,EXETER,4280,4280,0
2020-10-01,October 2020,London Area Airports,GATWICK,401240,401196,44
2020-10-01,October 2020,Other UK Airports,GLASGOW,106181,105871,310
2020-10-01,October 2020,Other UK Airports,GLOUCESTERSHIRE,5,5,0
2020-10-01,October 2020,Non UK Reporting Airports,GUERNSEY,7145,7145,0
2020-10-01,October 2020,London Area Airports,HEATHROW,1245550,1245508,42
2020-10-01,October 2020,Other UK Airports,HUMBERSIDE,2322,2322,0
2020-10-01,October 2020,Other UK Airports,INVERNESS,22318,22009,309
2020-10-01,October 2020,Other UK Airports,ISLAY,793,781,12
2020-10-01,October 2020,Non UK Reporting Airports,ISLE OF MAN,3096,3096,0
2020-10-01,October 2020,Other UK Airports,ISLES OF SCILLY (ST.MARYS),7522,7522,0
2020-10-01,October 2020,Non UK Reporting Airports,JERSEY,21322,21322,0
2020-10-01,October 2020,Other UK Airports,KIRKWALL,5270,4445,825
2020-10-01,October 2020,Other UK Airports,LANDS END (ST JUST),5692,5679,13
2020-10-01,October 2020,Other UK Airports,LEEDS BRADFORD,41447,41447,0
2020-10-01,October 2020,Other UK Airports,LERWICK (TINGWALL),171,171,0
2020-10-01,October 2020,Other UK Airports,LIVERPOOL (JOHN LENNON),66247,66247,0
2020-10-01,October 2020,London Area Airports,LONDON CITY,17966,17966,0
2020-10-01,October 2020,London Area Airports,LUTON,302882,302882,0
2020-10-01,October 2020,Other UK Airports,MANCHESTER,398175,398110,65
2020-10-01,October 2020,Other UK Airports,NEWCASTLE,58909,57238,1671
2020-10-01,October 2020,Other UK Airports,NEWQUAY,6386,6386,0
2020-10-01,October 2020,Other UK Airports,NORWICH,8929,8929,0
2020-10-01,October 2020,Other UK Airports,OXFORD (KIDLINGTON),130,130,0
2020-10-01,October 2020,Other UK Airports,PRESTWICK,6146,6146,0
2020-10-01,October 2020,Other UK Airports,SCATSTA,0,0,0
2020-10-01,October 2020,Other UK Airports,SOUTHAMPTON,10897,10897,0
2020-10-01,October 2020,London Area Airports,SOUTHEND,6335,6335,0
2020-10-01,October 2020,London Area Airports,STANSTED,399713,397500,2213
2020-10-01,October 2020,Other UK Airports,STORNOWAY,3132,3052,80
2020-10-01,October 2020,Other UK Airports,SUMBURGH,12723,12398,325
2020-10-01,October 2020,Other UK Airports,TEESSIDE INTERNATIONAL AIRPORT,2101,2007,94
2020-10-01,October 2020,Other UK Airports,TIREE,540,527,13
2020-10-01,October 2020,Other UK Airports,WICK JOHN O GROATS,0,0,0
2020-11-01,November 2020,Other UK Airports,ABERDEEN,53310,53310,0
2020-11-01,November 2020,Non UK Reporting Airports,ALDERNEY,2944,2944,0
2020-11-01,November 2020,Other UK Airports,BARRA,298,298,0
2020-11-01,November 2020,Other UK Airports,BELFAST CITY (GEORGE BEST),26944,26943,1
2020-11-01,November 2020,Other UK Airports,BELFAST INTERNATIONAL,36039,36034,5
2020-11-01,November 2020,Other UK Airports,BENBECULA,755,755,0
2020-11-01,November 2020,Other UK Airports,BIGGIN HILL,71,71,0
2020-11-01,November 2020,Other UK Airports,BIRMINGHAM,54915,54379,536
2020-11-01,November 2020,Other UK Airports,BLACKPOOL,785,785,0
2020-11-01,November 2020,Other UK Airports,BOURNEMOUTH,2449,2449,0
2020-11-01,November 2020,Other UK Airports,BRISTOL,25055,24895,160
2020-11-01,November 2020,Other UK Airports,CAMPBELTOWN,286,195,91
2020-11-01,November 2020,Other UK Airports,CARDIFF WALES,2541,2541,0
2020-11-01,November 2020,Other UK Airports,CITY OF DERRY (EGLINTON),5580,5580,0
2020-11-01,November 2020,Other UK Airports,DONCASTER SHEFFIELD,6706,6706,0
2020-11-01,November 2020,Other UK Airports,DUNDEE,434,434,0
2020-11-01,November 2020,Other UK Airports,EAST MIDLANDS INTERNATIONAL,14136,14136,0
2020-11-01,November 2020,Other UK Airports,EDINBURGH,71664,71606,58
2020-11-01,November 2020,Other UK Airports,EXETER,1200,1171,29
2020-11-01,November 2020,London Area Airports,GATWICK,101945,101342,603
2020-11-01,November 2020,Other UK Airports,GLASGOW,50439,50246,193
2020-11-01,November 2020,Non UK Reporting Airports,GUERNSEY,5027,5027,0
2020-11-01,November 2020,London Area Airports,HEATHROW,746954,746954,0
2020-11-01,November 2020,Other UK Airports,HUMBERSIDE,1247,1247,0
2020-11-01,November 2020,Other UK Airports,INVERNESS,4578,4463,115
2020-11-01,November 2020,Other UK Airports,ISLAY,595,542,53
2020-11-01,November 2020,Non UK Reporting Airports,ISLE OF MAN,1878,1878,0
2020-11-01,November 2020,Other UK Airports,ISLES OF SCILLY (ST.MARYS),1326,1326,0
2020-11-01,November 2020,Non UK Reporting Airports,JERSEY,5117,5117,0
2020-11-01,November 2020,Other UK Airports,KIRKWALL,4006,3611,395
2020-11-01,November 2020,Other UK Airports,LANDS END (ST JUST),1314,1314,0
2020-11-01,November 2020,Other UK Airports,LEEDS BRADFORD,11221,11221,0
2020-11-01,November 2020,Other UK Airports,LERWICK (TINGWALL),111,111,0
2020-11-01,November 2020,Other UK Airports,LIVERPOOL (JOHN LENNON),21081,21081,0
2020-11-01,November 2020,London Area Airports,LONDON CITY,7934,7934,0
2020-11-01,November 2020,London Area Airports,LUTON,106894,106894,0
2020-11-01,November 2020,Other UK Airports,MANCHESTER,166002,165820,182
2020-11-01,November 2020,Other UK Airports,NEWCASTLE,17305,17056,249
2020-11-01,November 2020,Other UK Airports,NEWQUAY,550,550,0
2020-11-01,November 2020,Other UK Airports,NORWICH,7602,7602,0
2020-11-01,November 2020,Other UK Airports,PRESTWICK,2252,2251,1
2020-11-01,November 2020,Other UK Airports,SCATSTA,0,0,0
2020-11-01,November 2020,Other UK Airports,SOUTHAMPTON,4925,4925,0
2020-11-01,November 2020,London Area Airports,SOUTHEND,1190,1190,0
2020-11-01,November 2020,London Area Airports,STANSTED,160991,160758,233
2020-11-01,November 2020,Other UK Airports,STORNOWAY,2353,2276,77
2020-11-01,November 2020,Other UK Airports,SUMBURGH,11616,11426,190
2020-11-01,November 2020,Other UK Airports,TEESSIDE INTERNATIONAL AIRPORT,1353,1008,345
2020-11-01,November 2020,Other UK Airports,TIREE,336,315,21
2020-11-01,November 2020,Other UK Airports,WICK JOHN O GROATS,0,0,0
2020-12-01,December 2020,Other UK Airports,ABERDEEN,58939,58939,0
2020-12-01,December 2020,Non UK Reporting Airports,ALDERNEY,2392,2392,0
2020-12-01,December 2020,Other UK Airports,BARRA,256,256,0
2020-12-01,December 2020,Other UK Airports,BELFAST CITY (GEORGE BEST),34333,34333,0
2020-12-01,December 2020,Other UK Airports,BELFAST INTERNATIONAL,77765,77635,130
2020-12-01,December 2020,Other UK Airports,BENBECULA,1081,884,197
2020-12-01,December 2020,Other UK Airports,BIGGIN HILL,200,200,0
2020-12-01,December 2020,Other UK Airports,BIRMINGHAM,83740,82710,1030
2020-12-01,December 2020,Other UK Airports,BLACKPOOL,0,0,0
2020-12-01,December 2020,Other UK Airports,BOURNEMOUTH,2469,2469,0
2020-12-01,December 2020,Other UK Airports,BRISTOL,50704,50472,232
2020-12-01,December 2020,Other UK Airports,CAMPBELTOWN,206,140,66
2020-12-01,December 2020,Other UK Airports,CARDIFF WALES,832,832,0
2020-12-01,December 2020,Other UK Airports,CITY OF DERRY (EGLINTON),5964,5964,0
2020-12-01,December 2020,Other UK Airports,DONCASTER SHEFFIELD,11222,11199,23
2020-12-01,December 2020,Other UK Airports,DUNDEE,498,498,0
2020-12-01,December 2020,Other UK Airports,EAST MIDLANDS INTERNATIONAL,15357,15015,342
2020-12-01,December 2020,Other UK Airports,EDINBURGH,87301,87128,173
2020-12-01,December 2020,Other UK Airports,EXETER,1871,1690,181
2020-12-01,December 2020,London Area Airports,GATWICK,204922,204648,274
2020-12-01,December 2020,Other UK Airports,GLASGOW,54792,54543,249
2020-12-01,December 2020,Non UK Reporting Airports,GUERNSEY,5375,5375,0
2020-12-01,December 2020,London Area Airports,HEATHROW,1143561,1143417,144
2020-12-01,December 2020,Other UK Airports,HUMBERSIDE,1230,1230,0
2020-12-01,December 2020,Other UK Airports,INVERNESS,5266,5048,218
2020-12-01,December 2020,Other UK Airports,ISLAY,408,374,34
2020-12-01,December 2020,Non UK Reporting Airports,ISLE OF MAN,1789,1789,0
2020-12-01,December 2020,Other UK Airports,ISLES OF SCILLY (ST.MARYS),1948,1948,0
2020-12-01,December 2020,Non UK Reporting Airports,JERSEY,8983,8983,0
2020-12-01,December 2020,Other UK Airports,KIRKWALL,3801,3331,470
2020-12-01,December 2020,Other UK Airports,LANDS END (ST JUST),1971,1971,0
2020-12-01,December 2020,Other UK Airports,LEEDS BRADFORD,16740,16705,35
2020-12-01,December 2020,Other UK Airports,LERWICK (TINGWALL),87,87,0
2020-12-01,December 2020,Other UK Airports,LIVERPOOL (JOHN LENNON),33942,33942,0
2020-12-01,December 2020,London Area Airports,LONDON CITY,11188,11188,0
2020-12-01,December 2020,London Area Airports,LUTON,191389,191366,23
2020-12-01,December 2020,Other UK Airports,MANCHESTER,247729,247089,640
2020-12-01,December 2020,Other UK Airports,NEWCASTLE,30385,30253,132
2020-12-01,December 2020,Other UK Airports,NEWQUAY,864,864,0
2020-12-01,December 2020,Other UK Airports,NORWICH,6831,6831,0
2020-12-01,December 2020,Other UK Airports,PRESTWICK,1523,1523,0
2020-12-01,December 2020,Other UK Airports,SCATSTA,0,0,0
2020-12-01,December 2020,Other UK Airports,SOUTHAMPTON,4967,4967,0
2020-12-01,December 2020,London Area Airports,SOUTHEND,1244,1244,0
2020-12-01,December 2020,London Area Airports,STANSTED,198373,198254,119
2020-12-01,December 2020,Other UK Airports,STORNOWAY,2325,2221,104
2020-12-01,December 2020,Other UK Airports,SUMBURGH,11226,11055,171
2020-12-01,December 2020,Other UK Airports,TEESSIDE INTERNATIONAL AIRPORT,1302,936,366
2020-12-01,December 2020,Other UK Airports,TIREE,242,230,12
2020-12-01,December 2020,Other UK Airports,WICK JOHN O GROATS,0,0,0
2021-01-01,January 2021,Other UK Airports,ABERDEEN,45816,45816,0
2021-01-01,January 2021,Non UK Reporting Airports,ALDERNEY,1521,1521,0
2021-01-01,January 2021,Other UK Airports,BARRA,144,144,0
2021-01-01,January 2021,Other UK Airports,BELFAST CITY (GEORGE BEST),18471,18471,0
2021-01-01,January 2021,Other UK Airports,BELFAST INTERNATIONAL,29163,29163,0
2021-01-01,January 2021,Other UK Airports,BENBECULA,1237,617,620
2021-01-01,January 2021,Other UK Airports,BIGGIN HILL,83,83,0
2021-01-01,January 2021,Other UK Airports,BIRMINGHAM,33967,33967,0
2021-01-01,January 2021,Other UK Airports,BLACKPOOL,0,0,0
2021-01-01,January 2021,Other UK Airports,BOURNEMOUTH,822,822,0
2021-01-01,January 2021,Other UK Airports,BRISTOL,18484,18484,0
2021-01-01,January 2021,Other UK Airports,CAMPBELTOWN,67,62,5
2021-01-01,January 2021,Other UK Airports,CARDIFF WALES,591,591,0
2021-01-01,January 2021,Other UK Airports,CITY OF DERRY (EGLINTON),1111,1111,0
2021-01-01,January 2021,Other UK Airports,DONCASTER SHEFFIELD,5153,5130,23
2021-01-01,January 2021,Other UK Airports,DUNDEE,4,4,0
2021-01-01,January 2021,Other UK Airports,EAST MIDLANDS INTERNATIONAL,4802,4802,0
2021-01-01,January 2021,Other UK Airports,EDINBURGH,43413,43413,0
2021-01-01,January 2021,Other UK Airports,EXETER,502,502,0
2021-01-01,January 2021,London Area Airports,GATWICK,88358,88224,134
2021-01-01,January 2021,Other UK Airports,GLASGOW,29068,29068,0
2021-01-01,January 2021,Non UK Reporting Airports,GUERNSEY,3305,3305,0
2021-01-01,January 2021,London Area Airports,HEATHROW,677356,677356,0
2021-01-01,January 2021,Other UK Airports,HUMBERSIDE,1357,1357,0
2021-01-01,January 2021,Other UK Airports,INVERNESS,1128,1128,0
2021-01-01,January 2021,Other UK Airports,ISLAY,142,141,1
2021-01-01,January 2021,Non UK Reporting Airports,ISLE OF MAN,1218,1218,0
2021-01-01,January 2021,Other UK Airports,ISLES OF SCILLY (ST.MARYS),627,627,0
2021-01-01,January 2021,Non UK Reporting Airports,JERSEY,5665,5665,0
2021-01-01,January 2021,Other UK Airports,KIRKWALL,2722,2073,649
2021-01-01,January 2021,Other UK Airports,LANDS END (ST JUST),617,617,0
2021-01-01,January 2021,Other UK Airports,LEEDS BRADFORD,4775,4775,0
2021-01-01,January 2021,Other UK Airports,LERWICK (TINGWALL),11,11,0
2021-01-01,January 2021,Other UK Airports,LIVERPOOL (JOHN LENNON),16099,16099,0
2021-01-01,January 2021,London Area Airports,LONDON CITY,6474,6474,0
2021-01-01,January 2021,London Area Airports,LUTON,118405,118274,131
2021-01-01,January 2021,Other UK Airports,MANCHESTER,126963,126921,42
2021-01-01,January 2021,Other UK Airports,NEWCASTLE,11257,11197,60
2021-01-01,January 2021,Other UK Airports,NEWQUAY,126,126,0
2021-01-01,January 2021,Other UK Airports,NORWICH,5604,5604,0
2021-01-01,January 2021,Other UK Airports,OXFORD (KIDLINGTON),5,5,0
2021-01-01,January 2021,Other UK Airports,PRESTWICK,491,491,0
2021-01-01,January 2021,Other UK Airports,SCATSTA,0,0,0
2021-01-01,January 2021,Other UK Airports,SOUTHAMPTON,2949,2949,0
2021-01-01,January 2021,London Area Airports,SOUTHEND,447,447,0
2021-01-01,January 2021,London Area Airports,STANSTED,104477,104477,0
2021-01-01,January 2021,Other UK Airports,STORNOWAY,1488,1403,85
2021-01-01,January 2021,Other UK Airports,SUMBURGH,8756,8704,52
2021-01-01,January 2021,Other UK Airports,TEESSIDE INTERNATIONAL AIRPORT,970,697,273
2021-01-01,January 2021,Other UK Airports,TIREE,113,107,6
2021-01-01,January 2021,Other UK Airports,WICK JOHN O GROATS,0,0,0
2021-02-01,February 2021,Other UK Airports,ABERDEEN,41538,41538,0
2021-02-01,February 2021,Non UK Reporting Airports,ALDERNEY,153,153,0
2021-02-01,February 2021,Other UK Airports,BARRA,185,183,2
2021-02-01,February 2021,Other UK Airports,BELFAST CITY (GEORGE BEST),14559,14559,0
2021-02-01,February 2021,Other UK Airports,BELFAST INTERNATIONAL,24480,24480,0
2021-02-01,February 2021,Other UK Airports,BENBECULA,1195,551,644
2021-02-01,February 2021,Other UK Airports,BIGGIN HILL,96,96,0
2021-02-01,February 2021,Other UK Airports,BIRMINGHAM,12082,12082,0
2021-02-01,February 2021,Other UK Airports,BLACKPOOL,0,0,0
2021-02-01,February 2021,Other UK Airports,BOURNEMOUTH,41,41,0
2021-02-01,February 2021,Other UK Airports,BRISTOL,4182,4182,0
2021-02-01,February 2021,Other UK Airports,CAMPBELTOWN,52,49,3
2021-02-01,February 2021,Other UK Airports,CARDIFF WALES,1354,1354,0
2021-02-01,February 2021,Other UK Airports,CITY OF DERRY (EGLINTON),1147,1147,0
2021-02-01,February 2021,Other UK Airports,DONCASTER SHEFFIELD,3703,3703,0
2021-02-01,February 2021,Other UK Airports,DUNDEE,0,0,0
2021-02-01,February 2021,Other UK Airports,EAST MIDLANDS INTERNATIONAL,151,151,0
2021-02-01,February 2021,Other UK Airports,EDINBURGH,19483,19483,0
2021-02-01,February 2021,Other UK Airports,EXETER,238,238,0
2021-02-01,February 2021,London Area Airports,GATWICK,32747,32747,0
2021-02-01,February 2021,Other UK Airports,GLASGOW,16119,16119,0
2021-02-01,February 2021,Non UK Reporting Airports,GUERNSEY,991,991,0
2021-02-01,February 2021,London Area Airports,HEATHROW,461188,461188,0
2021-02-01,February 2021,Other UK Airports,HUMBERSIDE,1090,1090,0
2021-02-01,February 2021,Other UK Airports,INVERNESS,373,373,0
2021-02-01,February 2021,Other UK Airports,ISLAY,182,181,1
2021-02-01,February 2021,Non UK Reporting Airports,ISLE OF MAN,963,963,0
2021-02-01,February 2021,Other UK Airports,ISLES OF SCILLY (ST.MARYS),649,649,0
2021-02-01,February 2021,Non UK Reporting Airports,JERSEY,2864,2864,0
2021-02-01,February 2021,Other UK Airports,KIRKWALL,3063,2431,632
2021-02-01,February 2021,Other UK Airports,LANDS END (ST JUST),649,649,0
2021-02-01,February 2021,Other UK Airports,LEEDS BRADFORD,905,905,0
2021-02-01,February 2021,Other UK Airports,LERWICK (TINGWALL),37,37,0
2021-02-01,February 2021,Other UK Airports,LIVERPOOL (JOHN LENNON),8337,8337,0
2021-02-01,February 2021,London Area Airports,LONDON CITY,3796,3796,0
2021-02-01,February 2021,London Area Airports,LUTON,96972,96972,0
2021-02-01,February 2021,Other UK Airports,MANCHESTER,78076,78060,16
2021-02-01,February 2021,Other UK Airports,NEWCASTLE,4596,4596,0
2021-02-01,February 2021,Other UK Airports,NEWQUAY,0,0,0
2021-02-01,February 2021,Other UK Airports,NORWICH,5369,5369,0
2021-02-01,February 2021,Other UK Airports,PRESTWICK,1,1,0
2021-02-01,February 2021,Other UK Airports,SCATSTA,0,0,0
2021-02-01,February 2021,Other UK Airports,SOUTHAMPTON,1864,1864,0
2021-02-01,February 2021,London Area Airports,SOUTHEND,0,0,0
2021-02-01,February 2021,London Area Airports,STANSTED,35058,35058,0
2021-02-01,February 2021,Other UK Airports,STORNOWAY,1338,1223,115
2021-02-01,February 2021,Other UK Airports,SUMBURGH,8943,8886,57
2021-02-01,February 2021,Other UK Airports,TEESSIDE INTERNATIONAL AIRPORT,1522,1172,350
2021-02-01,February 2021,Other UK Airports,TIREE,158,142,16
2021-02-01,February 2021,Other UK Airports,WICK JOHN O GROATS,0,0,0
2021-03-01,March 2021,Other UK Airports,ABERDEEN,53831,53831,0
2021-03-01,March 2021,Non UK Reporting Airports,ALDERNEY,1021,1021,0
2021-03-01,March 2021,Other UK Airports,BARRA,221,221,0
2021-03-01,March 2021,Other UK Airports,BELFAST CITY (GEORGE BEST),17166,17166,0
2021-03-01,March 2021,Other UK Airports,BELFAST INTERNATIONAL,41776,41776,0
2021-03-01,March 2021,Other UK Airports,BENBECULA,1598,767,831
2021-03-01,March 2021,Other UK Airports,BIGGIN HILL,253,253,0
2021-03-01,March 2021,Other UK Airports,BIRMINGHAM,17885,17885,0
2021-03-01,March 2021,Other UK Airports,BLACKPOOL,0,0,0
2021-03-01,March 2021,Other UK Airports,BOURNEMOUTH,0,0,0
2021-03-01,March 2021,Other UK Airports,BRISTOL,6102,6102,0
2021-03-01,March 2021,Other UK Airports,CAMPBELTOWN,104,100,4
2021-03-01,March 2021,Other UK Airports,CARDIFF WALES,1669,1669,0
2021-03-01,March 2021,Other UK Airports,CITY OF DERRY (EGLINTON),1831,1831,0
2021-03-01,March 2021,Other UK Airports,DONCASTER SHEFFIELD,3771,3771,0
2021-03-01,March 2021,Other UK Airports,DUNDEE,0,0,0
2021-03-01,March 2021,Other UK Airports,EAST MIDLANDS INTERNATIONAL,71,71,0
2021-03-01,March 2021,Other UK Airports,EDINBURGH,20946,20946,0
2021-03-01,March 2021,Other UK Airports,EXETER,323,323,0
2021-03-01,March 2021,London Area Airports,GATWICK,35417,35417,0
2021-03-01,March 2021,Other UK Airports,GLASGOW,22221,22221,0
2021-03-01,March 2021,Non UK Reporting Airports,GUERNSEY,2351,2351,0
2021-03-01,March 2021,London Area Airports,HEATHROW,541703,541669,34
2021-03-01,March 2021,Other UK Airports,HUMBERSIDE,1575,1557,18
2021-03-01,March 2021,Other UK Airports,INVERNESS,476,476,0
2021-03-01,March 2021,Other UK Airports,ISLAY,297,292,5
2021-03-01,March 2021,Non UK Reporting Airports,ISLE OF MAN,1584,1584,0
2021-03-01,March 2021,Other UK Airports,ISLES OF SCILLY (ST.MARYS),1251,1251,0
2021-03-01,March 2021,Non UK Reporting Airports,JERSEY,4473,4473,0
2021-03-01,March 2021,Other UK Airports,KIRKWALL,4505,3478,1027
2021-03-01,March 2021,Other UK Airports,LANDS END (ST JUST),1251,1251,0
2021-03-01,March 2021,Other UK Airports,LEEDS BRADFORD,782,782,0
2021-03-01,March 2021,Other UK Airports,LERWICK (TINGWALL),82,82,0
2021-03-01,March 2021,Other UK Airports,LIVERPOOL (JOHN LENNON),7463,7463,0
2021-03-01,March 2021,London Area Airports,LONDON CITY,4317,4317,0
2021-03-01,March 2021,London Area Airports,LUTON,102107,102107,0
2021-03-01,March 2021,Other UK Airports,MANCHESTER,94577,94571,6
2021-03-01,March 2021,Other UK Airports,NEWCASTLE,8074,8074,0
2021-03-01,March 2021,Other UK Airports,NEWQUAY,0,0,0
2021-03-01,March 2021,Other UK Airports,NORWICH,6779,6779,0
2021-03-01,March 2021,Other UK Airports,PRESTWICK,59,31,28
2021-03-01,March 2021,Other UK Airports,SCATSTA,0,0,0
2021-03-01,March 2021,Other UK Airports,SOUTHAMPTON,2968,2968,0
2021-03-01,March 2021,London Area Airports,SOUTHEND,0,0,0
2021-03-01,March 2021,London Area Airports,STANSTED,44774,44774,0
2021-03-01,March 2021,Other UK Airports,STORNOWAY,1817,1709,108
2021-03-01,March 2021,Other UK Airports,SUMBURGH,10876,10788,88
2021-03-01,March 2021,Other UK Airports,TEESSIDE INTERNATIONAL AIRPORT,2022,1559,463
2021-03-01,March 2021,Other UK Airports,TIREE,180,173,7
2021-03-01,March 2021,Other UK Airports,WICK JOHN O GROATS,0,0,0
2021-04-01,April 2021,Other UK Airports,ABERDEEN,57388,57388,0
2021-04-01,April 2021,Non UK Reporting Airports,ALDERNEY,4080,4080,0
2021-04-01,April 2021,Other UK Airports,BARRA,389,389,0
2021-04-01,April 2021,Other UK Airports,BELFAST CITY (GEORGE BEST),28751,28751,0
2021-04-01,April 2021,Other UK Airports,BELFAST INTERNATIONAL,55416,55416,0
2021-04-01,April 2021,Other UK Airports,BENBECULA,1994,960,1034
2021-04-01,April 2021,Other UK Airports,BIGGIN HILL,96,96,0
2021-04-01,April 2021,Other UK Airports,BIRMINGHAM,27288,27288,0
2021-04-01,April 2021,Other UK Airports,BLACKPOOL,0,0,0
2021-04-01,April 2021,Other UK Airports,BOURNEMOUTH,85,85,0
2021-04-01,April 2021,Other UK Airports,BRISTOL,12886,12886,0
2021-04-01,April 2021,Other UK Airports,CAMPBELTOWN,119,115,4
2021-04-01,April 2021,Other UK Airports,CARDIFF WALES,502,502,0
2021-04-01,April 2021,Other UK Airports,CITY OF DERRY (EGLINTON),3360,3360,0
2021-04-01,April 2021,Other UK Airports,DONCASTER SHEFFIELD,4297,4297,0
2021-04-01,April 2021,Other UK Airports,DUNDEE,239,239,0
2021-04-01,April 2021,Other UK Airports,EAST MIDLANDS INTERNATIONAL,78,78,0
2021-04-01,April 2021,Other UK Airports,EDINBURGH,32444,32444,0
2021-04-01,April 2021,Other UK Airports,EXETER,1617,1617,0
2021-04-01,April 2021,London Area Airports,GATWICK,48687,48687,0
2021-04-01,April 2021,Other UK Airports,GLASGOW,30872,30872,0
2021-04-01,April 2021,Non UK Reporting Airports,GUERNSEY,5860,5860,0
2021-04-01,April 2021,London Area Airports,HEATHROW,536040,536040,0
2021-04-01,April 2021,Other UK Airports,HUMBERSIDE,1514,1501,13
2021-04-01,April 2021,Other UK Airports,INVERNESS,1848,1670,178
2021-04-01,April 2021,Other UK Airports,ISLAY,309,304,5
2021-04-01,April 2021,Non UK Reporting Airports,ISLE OF MAN,1452,1452,0
2021-04-01,April 2021,Other UK Airports,ISLES OF SCILLY (ST.MARYS),4016,4016,0
2021-04-01,April 2021,Non UK Reporting Airports,JERSEY,7036,7036,0
2021-04-01,April 2021,Other UK Airports,KIRKWALL,4317,3220,1097
2021-04-01,April 2021,Other UK Airports,LANDS END (ST JUST),3181,3181,0
2021-04-01,April 2021,Other UK Airports,LEEDS BRADFORD,1205,1205,0
2021-04-01,April 2021,Other UK Airports,LERWICK (TINGWALL),141,141,0
2021-04-01,April 2021,Other UK Airports,LIVERPOOL (JOHN LENNON),11230,11230,0
2021-04-01,April 2021,London Area Airports,LONDON CITY,10839,10839,0
2021-04-01,April 2021,London Area Airports,LUTON,108743,108743,0
2021-04-01,April 2021,Other UK Airports,MANCHESTER,80822,80822,0
2021-04-01,April 2021,Other UK Airports,NEWCASTLE,13120,13120,0
2021-04-01,April 2021,Other UK Airports,NEWQUAY,32,32,0
2021-04-01,April 2021,Other UK Airports,NORWICH,7414,7414,0
2021-04-01,April 2021,Other UK Airports,OXFORD (KIDLINGTON),110,110,0
2021-04-01,April 2021,Other UK Airports,PRESTWICK,0,0,0
2021-04-01,April 2021,Other UK Airports,SCATSTA,0,0,0
2021-04-01,April 2021,Other UK Airports,SOUTHAMPTON,4590,4590,0
2021-04-01,April 2021,London Area Airports,SOUTHEND,0,0,0
2021-04-01,April 2021,London Area Airports,STANSTED,84826,84826,0
2021-04-01,April 2021,Other UK Airports,STORNOWAY,2184,2069,115
2021-04-01,April 2021,Other UK Airports,SUMBURGH,11453,11373,80
2021-04-01,April 2021,Other UK Airports,TEESSIDE INTERNATIONAL AIRPORT,2346,1887,459
2021-04-01,April 2021,Other UK Airports,TIREE,251,244,7
2021-05-01,May 2021,Other UK Airports,ABERDEEN,71808,71808,0
2021-05-01,May 2021,Non UK Reporting Airports,ALDERNEY,4251,4251,0
2021-05-01,May 2021,Other UK Airports,BARRA,1211,1211,0
2021-05-01,May 2021,Other UK Airports,BELFAST CITY (GEORGE BEST),37665,37665,0
2021-05-01,May 2021,Other UK Airports,BELFAST INTERNATIONAL,116925,116925,0
2021-05-01,May 2021,Other UK Airports,BENBECULA,2092,1620,472
2021-05-01,May 2021,Other UK Airports,BIGGIN HILL,204,204,0
2021-05-01,May 2021,Other UK Airports,BIRMINGHAM,49722,49680,42
2021-05-01,May 2021,Other UK Airports,BLACKPOOL,0,0,0
2021-05-01,May 2021,Other UK Airports,BOURNEMOUTH,1657,1657,0
2021-05-01,May 2021,Other UK Airports,BRISTOL,42600,42600,0
2021-05-01,May 2021,Other UK Airports,CAMPBELTOWN,473,305,168
2021-05-01,May 2021,Other UK Airports,CARDIFF WALES,1188,1188,0
2021-05-01,May 2021,Other UK Airports,CITY OF DERRY (EGLINTON),4469,4469,0
2021-05-01,May 2021,Other UK Airports,DONCASTER SHEFFIELD,8676,8676,0
2021-05-01,May 2021,Other UK Airports,DUNDEE,1354,1354,0
2021-05-01,May 2021,Other UK Airports,EAST MIDLANDS INTERNATIONAL,1971,1971,0
2021-05-01,May 2021,Other UK Airports,EDINBURGH,80572,80572,0
2021-05-01,May 2021,Other UK Airports,EXETER,4608,4608,0
2021-05-01,May 2021,London Area Airports,GATWICK,133481,133465,16
2021-05-01,May 2021,Other UK Airports,GLASGOW,76721,76721,0
2021-05-01,May 2021,Non UK Reporting Airports,GUERNSEY,7687,7687,0
2021-05-01,May 2021,London Area Airports,HEATHROW,675375,675214,161
2021-05-01,May 2021,Other UK Airports,HUMBERSIDE,1661,1661,0
2021-05-01,May 2021,Other UK Airports,INVERNESS,13627,13423,204
2021-05-01,May 2021,Other UK Airports,ISLAY,1035,976,59
2021-05-01,May 2021,Non UK Reporting Airports,ISLE OF MAN,2701,2701,0
2021-05-01,May 2021,Other UK Airports,ISLES OF SCILLY (ST.MARYS),8123,8123,0
2021-05-01,May 2021,Non UK Reporting Airports,JERSEY,25990,25990,0
2021-05-01,May 2021,Other UK Airports,KIRKWALL,5691,5160,531
2021-05-01,May 2021,Other UK Airports,LANDS END (ST JUST),5562,5562,0
2021-05-01,May 2021,Other UK Airports,LEEDS BRADFORD,4126,4126,0
2021-05-01,May 2021,Other UK Airports,LERWICK (TINGWALL),242,242,0
2021-05-01,May 2021,Other UK Airports,LIVERPOOL (JOHN LENNON),28298,28298,0
2021-05-01,May 2021,London Area Airports,LONDON CITY,18981,18981,0
2021-05-01,May 2021,London Area Airports,LUTON,184761,184761,0
2021-05-01,May 2021,Other UK Airports,MANCHESTER,118770,118770,0
2021-05-01,May 2021,Other UK Airports,NEWCASTLE,22687,22651,36
2021-05-01,May 2021,Other UK Airports,NEWQUAY,2875,2875,0
2021-05-01,May 2021,Other UK Airports,NORWICH,8345,8345,0
2021-05-01,May 2021,Other UK Airports,OXFORD (KIDLINGTON),50,50,0
2021-05-01,May 2021,Other UK Airports,PRESTWICK,293,293,0
2021-05-01,May 2021,Other UK Airports,SCATSTA,0,0,0
2021-05-01,May 2021,Other UK Airports,SOUTHAMPTON,11929,11929,0
2021-05-01,May 2021,London Area Airports,SOUTHEND,107,107,0
2021-05-01,May 2021,London Area Airports,STANSTED,145581,145581,0
2021-05-01,May 2021,Other UK Airports,STORNOWAY,4566,4148,418
2021-05-01,May 2021,Other UK Airports,SUMBURGH,12892,12560,332
2021-05-01,May 2021,Other UK Airports,TEESSIDE INTERNATIONAL AIRPORT,3787,3216,571
2021-05-01,May 2021,Other UK Airports,TIREE,741,728,13
2021-05-01,May 2021,Other UK Airports,WICK JOHN O GROATS,0,0,0
2021-06-01,June 2021,Other UK Airports,ABERDEEN,88602,88602,0
2021-06-01,June 2021,Non UK Reporting Airports,ALDERNEY,3617,3617,0
2021-06-01,June 2021,Other UK Airports,BARRA,1397,1397,0
2021-06-01,June 2021,Other UK Airports,BELFAST CITY (GEORGE BEST),68887,68887,0
2021-06-01,June 2021,Other UK Airports,BELFAST INTERNATIONAL,174616,174616,0
2021-06-01,June 2021,Other UK Airports,BENBECULA,2166,2010,156
2021-06-01,June 2021,Other UK Airports,BIGGIN HILL,184,184,0
2021-06-01,June 2021,Other UK Airports,BIRMINGHAM,94065,93964,101
2021-06-01,June 2021,Other UK Airports,BLACKPOOL,0,0,0
2021-06-01,June 2021,Other UK Airports,BOURNEMOUTH,9501,9501,0
2021-06-01,June 2021,Other UK Airports,BRISTOL,86857,86607,250
2021-06-01,June 2021,Other UK Airports,CAMPBELTOWN,525,337,188
2021-06-01,June 2021,Other UK Airports,CARDIFF WALES,4334,4334,0
2021-06-01,June 2021,Other UK Airports,CITY OF DERRY (EGLINTON),7396,7396,0
2021-06-01,June 2021,Other UK Airports,DONCASTER SHEFFIELD,12938,12938,0
2021-06-01,June 2021,Other UK Airports,DUNDEE,2105,2105,0
2021-06-01,June 2021,Other UK Airports,EAST MIDLANDS INTERNATIONAL,20995,20748,247
2021-06-01,June 2021,Other UK Airports,EDINBURGH,176464,176464,0
2021-06-01,June 2021,Other UK Airports,EXETER,8974,8974,0
2021-06-01,June 2021,London Area Airports,GATWICK,233821,233672,149
2021-06-01,June 2021,Other UK Airports,GLASGOW,132554,132554,0
2021-06-01,June 2021,Non UK Reporting Airports,GUERNSEY,8645,8645,0
2021-06-01,June 2021,London Area Airports,HEATHROW,956862,956681,181
2021-06-01,June 2021,Other UK Airports,HUMBERSIDE,2263,2263,0
2021-06-01,June 2021,Other UK Airports,INVERNESS,35413,35394,19
2021-06-01,June 2021,Other UK Airports,ISLAY,1300,1222,78
2021-06-01,June 2021,Non UK Reporting Airports,ISLE OF MAN,5230,5230,0
2021-06-01,June 2021,Other UK Airports,ISLES OF SCILLY (ST.MARYS),8995,8995,0
2021-06-01,June 2021,Non UK Reporting Airports,JERSEY,56967,56967,0
2021-06-01,June 2021,Other UK Airports,KIRKWALL,8669,7346,1323
2021-06-01,June 2021,Other UK Airports,LANDS END (ST JUST),5998,5972,26
2021-06-01,June 2021,Other UK Airports,LEEDS BRADFORD,14359,14359,0
2021-06-01,June 2021,Other UK Airports,LERWICK (TINGWALL),369,369,0
2021-06-01,June 2021,Other UK Airports,LIVERPOOL (JOHN LENNON),63320,63320,0
2021-06-01,June 2021,London Area Airports,LONDON CITY,31530,31530,0
2021-06-01,June 2021,London Area Airports,LUTON,261999,261999,0
2021-06-01,June 2021,Other UK Airports,MANCHESTER,204947,204947,0
2021-06-01,June 2021,Other UK Airports,NEWCASTLE,39032,38987,45
2021-06-01,June 2021,Other UK Airports,NEWQUAY,10999,10999,0
2021-06-01,June 2021,Other UK Airports,NORWICH,9549,9549,0
2021-06-01,June 2021,Other UK Airports,OXFORD (KIDLINGTON),44,44,0
2021-06-01,June 2021,Other UK Airports,PRESTWICK,2812,2812,0
2021-06-01,June 2021,Other UK Airports,SCATSTA,0,0,0
2021-06-01,June 2021,Other UK Airports,SOUTHAMPTON,17256,17256,0
2021-06-01,June 2021,London Area Airports,SOUTHEND,4523,4523,0
2021-06-01,June 2021,London Area Airports,STANSTED,351686,351686,0
2021-06-01,June 2021,Other UK Airports,STORNOWAY,6075,5775,300
2021-06-01,June 2021,Other UK Airports,SUMBURGH,17588,16996,592
2021-06-01,June 2021,Other UK Airports,TEESSIDE INTERNATIONAL AIRPORT,8371,7297,1074
2021-06-01,June 2021,Other UK Airports,TIREE,1010,1004,6
2021-07-01,July 2021,Other UK Airports,ABERDEEN,101799,101799,0
2021-07-01,July 2021,Non UK Reporting Airports,ALDERNEY,4783,4783,0
2021-07-01,July 2021,Other UK Airports,BARRA,1448,1448,0
2021-07-01,July 2021,Other UK Airports,BELFAST CITY (GEORGE BEST),97626,97626,0
2021-07-01,July 2021,Other UK Airports,BELFAST INTERNATIONAL,275310,275270,40
2021-07-01,July 2021,Other UK Airports,BENBECULA,2747,2684,63
2021-07-01,July 2021,Other UK Airports,BIGGIN HILL,207,207,0
2021-07-01,July 2021,Other UK Airports,BIRMINGHAM,205113,203642,1471
2021-07-01,July 2021,Other UK Airports,BLACKPOOL,0,0,0
2021-07-01,July 2021,Other UK Airports,BOURNEMOUTH,18183,18172,11
2021-07-01,July 2021,Other UK Airports,BRISTOL,183068,182464,604
2021-07-01,July 2021,Other UK Airports,CAMPBELTOWN,463,463,0
2021-07-01,July 2021,Other UK Airports,CARDIFF WALES,10462,10169,293
2021-07-01,July 2021,Other UK Airports,CITY OF DERRY (EGLINTON),9330,9330,0
2021-07-01,July 2021,Other UK Airports,DONCASTER SHEFFIELD,18655,18655,0
2021-07-01,July 2021,Other UK Airports,DUNDEE,2756,2756,0
2021-07-01,July 2021,Other UK Airports,EAST MIDLANDS INTERNATIONAL,75278,74487,791
2021-07-01,July 2021,Other UK Airports,EDINBURGH,269306,269306,0
2021-07-01,July 2021,Other UK Airports,EXETER,13510,13493,17
2021-07-01,July 2021,London Area Airports,GATWICK,494635,494633,2
2021-07-01,July 2021,Other UK Airports,GLASGOW,200667,200334,333
2021-07-01,July 2021,Non UK Reporting Airports,GUERNSEY,26775,26775,0
2021-07-01,July 2021,London Area Airports,HEATHROW,1510623,1510623,0
2021-07-01,July 2021,Other UK Airports,HUMBERSIDE,2858,2858,0
2021-07-01,July 2021,Other UK Airports,INVERNESS,48397,48355,42
2021-07-01,July 2021,Other UK Airports,ISLAY,1440,1425,15
2021-07-01,July 2021,Non UK Reporting Airports,ISLE OF MAN,15217,15217,0
2021-07-01,July 2021,Other UK Airports,ISLES OF SCILLY (ST.MARYS),12337,12337,0
2021-07-01,July 2021,Non UK Reporting Airports,JERSEY,80001,80001,0
2021-07-01,July 2021,Other UK Airports,KIRKWALL,9401,8475,926
2021-07-01,July 2021,Other UK Airports,LANDS END (ST JUST),8628,8595,33
2021-07-01,July 2021,Other UK Airports,LEEDS BRADFORD,67156,66096,1060
2021-07-01,July 2021,Other UK Airports,LERWICK (TINGWALL),243,243,0
2021-07-01,July 2021,Other UK Airports,LIVERPOOL (JOHN LENNON),116983,116983,0
2021-07-01,July 2021,London Area Airports,LONDON CITY,53898,53898,0
2021-07-01,July 2021,London Area Airports,LUTON,419527,419425,102
2021-07-01,July 2021,Other UK Airports,LYDD,31,31,0
2021-07-01,July 2021,Other UK Airports,MANCHESTER,447973,447673,300
2021-07-01,July 2021,Other UK Airports,NEWCASTLE,83539,83216,323
2021-07-01,July 2021,Other UK Airports,NEWQUAY,23265,23253,12
2021-07-01,July 2021,Other UK Airports,NORWICH,12670,12670,0
2021-07-01,July 2021,Other UK Airports,OXFORD (KIDLINGTON),50,50,0
2021-07-01,July 2021,Other UK Airports,PRESTWICK,7126,7126,0
2021-07-01,July 2021,Other UK Airports,SOUTHAMPTON,28293,28293,0
2021-07-01,July 2021,London Area Airports,SOUTHEND,14479,14479,0
2021-07-01,July 2021,London Area Airports,STANSTED,692910,691728,1182
2021-07-01,July 2021,Other UK Airports,STORNOWAY,7768,7569,199
2021-07-01,July 2021,Other UK Airports,SUMBURGH,18160,18032,128
2021-07-01,July 2021,Other UK Airports,TEESSIDE INTERNATIONAL AIRPORT,10541,9390,1151
2021-07-01,July 2021,Other UK Airports,TIREE,1399,1354,45
2021-08-01,August 2021,Other UK Airports,ABERDEEN,119572,119572,0
2021-08-01,August 2021,Non UK Reporting Airports,ALDERNEY,5767,5767,0
2021-08-01,August 2021,Other UK Airports,BARRA,1518,1518,0
2021-08-01,August 2021,Other UK Airports,BELFAST CITY (GEORGE BEST),124156,124156,0
2021-08-01,August 2021,Other UK Airports,BELFAST INTERNATIONAL,343462,343112,350
2021-08-01,August 2021,Other UK Airports,BENBECULA,2442,2409,33
2021-08-01,August 2021,Other UK Airports,BIGGIN HILL,563,563,0
2021-08-01,August 2021,Other UK Airports,BIRMINGHAM,392166,389029,3137
2021-08-01,August 2021,Other UK Airports,BLACKPOOL,0,0,0
2021-08-01,August 2021,Other UK Airports,BOURNEMOUTH,38489,38489,0
2021-08-01,August 2021,Other UK Airports,BRISTOL,332387,331842,545
2021-08-01,August 2021,Other UK Airports,CAMPBELTOWN,508,508,0
2021-08-01,August 2021,Other UK Airports,CARDIFF WALES,18099,17724,375
2021-08-01,August 2021,Other UK Airports,CITY OF DERRY (EGLINTON),10719,10719,0
2021-08-01,August 2021,Other UK Airports,DONCASTER SHEFFIELD,58696,58635,61
2021-08-01,August 2021,Other UK Airports,DUNDEE,2885,2885,0
2021-08-01,August 2021,Other UK Airports,EAST MIDLANDS INTERNATIONAL,159732,156546,3186
2021-08-01,August 2021,Other UK Airports,EDINBURGH,380847,380583,264
2021-08-01,August 2021,Other UK Airports,EXETER,19024,19024,0
2021-08-01,August 2021,London Area Airports,GATWICK,1023222,1022985,237
2021-08-01,August 2021,Other UK Airports,GLASGOW,251995,251537,458
2021-08-01,August 2021,Non UK Reporting Airports,GUERNSEY,37132,37120,12
2021-08-01,August 2021,London Area Airports,HEATHROW,2232752,2232284,468
2021-08-01,August 2021,Other UK Airports,HUMBERSIDE,3740,3740,0
2021-08-01,August 2021,Other UK Airports,INVERNESS,60711,60711,0
2021-08-01,August 2021,Other UK Airports,ISLAY,1683,1673,10
2021-08-01,August 2021,Non UK Reporting Airports,ISLE OF MAN,22933,22933,0
2021-08-01,August 2021,Other UK Airports,ISLES OF SCILLY (ST.MARYS),12073,12073,0
2021-08-01,August 2021,Non UK Reporting Airports,JERSEY,121316,121316,0
2021-08-01,August 2021,Other UK Airports,KIRKWALL,10146,9428,718
2021-08-01,August 2021,Other UK Airports,LANDS END (ST JUST),8510,8463,47
2021-08-01,August 2021,Other UK Airports,LEEDS BRADFORD,134053,130956,3097
2021-08-01,August 2021,Other UK Airports,LERWICK (TINGWALL),342,342,0
2021-08-01,August 2021,Other UK Airports,LIVERPOOL (JOHN LENNON),203779,203779,0
2021-08-01,August 2021,London Area Airports,LONDON CITY,86583,86583,0
2021-08-01,August 2021,London Area Airports,LUTON,772808,772528,280
2021-08-01,August 2021,Other UK Airports,MANCHESTER,865320,864534,786
2021-08-01,August 2021,Other UK Airports,NEWCASTLE,148212,147008,1204
2021-08-01,August 2021,Other UK Airports,NEWQUAY,29110,29092,18
2021-08-01,August 2021,Other UK Airports,NORWICH,14299,14299,0
2021-08-01,August 2021,Other UK Airports,OXFORD (KIDLINGTON),247,247,0
2021-08-01,August 2021,Other UK Airports,PRESTWICK,12031,12031,0
2021-08-01,August 2021,Other UK Airports,SOUTHAMPTON,40745,40745,0
2021-08-01,August 2021,London Area Airports,SOUTHEND,26675,26675,0
2021-08-01,August 2021,London Area Airports,STANSTED,1143922,1143232,690
2021-08-01,August 2021,Other UK Airports,STORNOWAY,7726,7548,178
2021-08-01,August 2021,Other UK Airports,SUMBURGH,19909,19898,11
2021-08-01,August 2021,Other UK Airports,TEESSIDE INTERNATIONAL AIRPORT,12822,11756,1066
2021-08-01,August 2021,Other UK Airports,TIREE,1349,1339,10
2021-09-01,September 2021,Other UK Airports,ABERDEEN,126394,126394,0
2021-09-01,September 2021,Non UK Reporting Airports,ALDERNEY,5139,5139,0
2021-09-01,September 2021,Other UK Airports,BARRA,1206,1206,0
2021-09-01,September 2021,Other UK Airports,BELFAST CITY (GEORGE BEST),101343,101343,0
2021-09-01,September 2021,Other UK Airports,BELFAST INTERNATIONAL,312091,311344,747
2021-09-01,September 2021,Other UK Airports,BENBECULA,2284,2270,14
2021-09-01,September 2021,Other UK Airports,BIGGIN HILL,269,269,0
2021-09-01,September 2021,Other UK Airports,BIRMINGHAM,409568,409305,263
2021-09-01,September 2021,Other UK Airports,BLACKPOOL,0,0,0
2021-09-01,September 2021,Other UK Airports,BOURNEMOUTH,38201,38201,0
2021-09-01,September 2021,Other UK Airports,BRISTOL,369448,369204,244
2021-09-01,September 2021,Other UK Airports,CAMPBELTOWN,439,432,7
2021-09-01,September 2021,Other UK Airports,CARDIFF WALES,24003,23907,96
2021-09-01,September 2021,Other UK Airports,CITY OF DERRY (EGLINTON),7630,7630,0
2021-09-01,September 2021,Other UK Airports,DONCASTER SHEFFIELD,55099,54997,102
2021-09-01,September 2021,Other UK Airports,DUNDEE,2613,2613,0
2021-09-01,September 2021,Other UK Airports,EAST MIDLANDS INTERNATIONAL,168247,168247,0
2021-09-01,September 2021,Other UK Airports,EDINBURGH,458307,457324,983
2021-09-01,September 2021,Other UK Airports,EXETER,20731,20731,0
2021-09-01,September 2021,London Area Airports,GATWICK,1033092,1032281,811
2021-09-01,September 2021,Other UK Airports,GLASGOW,303714,303385,329
2021-09-01,September 2021,Non UK Reporting Airports,GUERNSEY,38934,38934,0
2021-09-01,September 2021,London Area Airports,HEATHROW,2571198,2571017,181
2021-09-01,September 2021,Other UK Airports,HUMBERSIDE,3877,3877,0
2021-09-01,September 2021,Other UK Airports,INVERNESS,55619,55619,0
2021-09-01,September 2021,Other UK Airports,ISLAY,1811,1792,19
2021-09-01,September 2021,Non UK Reporting Airports,ISLE OF MAN,24856,24856,0
2021-09-01,September 2021,Other UK Airports,ISLES OF SCILLY (ST.MARYS),9871,9871,0
2021-09-01,September 2021,Non UK Reporting Airports,JERSEY,114686,114682,4
2021-09-01,September 2021,Other UK Airports,KIRKWALL,9849,9177,672
2021-09-01,September 2021,Other UK Airports,LANDS END (ST JUST),7213,7213,0
2021-09-01,September 2021,Other UK Airports,LEEDS BRADFORD,146750,146750,0
2021-09-01,September 2021,Other UK Airports,LERWICK (TINGWALL),294,294,0
2021-09-01,September 2021,Other UK Airports,LIVERPOOL (JOHN LENNON),189022,189022,0
2021-09-01,September 2021,London Area Airports,LONDON CITY,121602,121602,0
2021-09-01,September 2021,London Area Airports,LUTON,697931,697300,631
2021-09-01,September 2021,Other UK Airports,MANCHESTER,974924,974781,143
2021-09-01,September 2021,Other UK Airports,NEWCASTLE,179488,179240,248
2021-09-01,September 2021,Other UK Airports,NEWQUAY,16659,16659,0
2021-09-01,September 2021,Other UK Airports,NORWICH,15577,15577,0
2021-09-01,September 2021,Other UK Airports,OXFORD (KIDLINGTON),50,50,0
2021-09-01,September 2021,Other UK Airports,PRESTWICK,16303,16303,0
2021-09-01,September 2021,Other UK Airports,SOUTHAMPTON,42152,42152,0
2021-09-01,September 2021,London Area Airports,SOUTHEND,23581,23581,0
2021-09-01,September 2021,London Area Airports,STANSTED,1116992,1116585,407
2021-09-01,September 2021,Other UK Airports,STORNOWAY,7531,7392,139
2021-09-01,September 2021,Other UK Airports,SUMBURGH,19475,19401,74
2021-09-01,September 2021,Other UK Airports,TEESSIDE INTERNATIONAL AIRPORT,11172,10610,562
2021-09-01,September 2021,Other UK Airports,TIREE,1065,1035,30
2021-09-01,September 2021,Other UK Airports,WICK JOHN O GROATS,18,0,18
2021-10-01,October 2021,Other UK Airports,ABERDEEN,139315,139315,0
2021-10-01,October 2021,Non UK Reporting Airports,ALDERNEY,4666,4666,0
2021-10-01,October 2021,Other UK Airports,BARRA,928,928,0
2021-10-01,October 2021,Other UK Airports,BELFAST CITY (GEORGE BEST),111897,111897,0
2021-10-01,October 2021,Other UK Airports,BELFAST INTERNATIONAL,371310,371310,0
2021-10-01,October 2021,Other UK Airports,BENBECULA,2459,2459,0
2021-10-01,October 2021,Other UK Airports,BIGGIN HILL,331,331,0
2021-10-01,October 2021,Other UK Airports,BIRMINGHAM,502285,501961,324
2021-10-01,October 2021,Other UK Airports,BLACKPOOL,0,0,0
2021-10-01,October 2021,Other UK Airports,BOURNEMOUTH,47422,47281,141
2021-10-01,October 2021,Other UK Airports,BRISTOL,446082,445796,286
2021-10-01,October 2021,Other UK Airports,CAMPBELTOWN,33,33,0
2021-10-01,October 2021,Other UK Airports,CARDIFF WALES,24712,24571,141
2021-10-01,October 2021,Other UK Airports,CITY OF DERRY (EGLINTON),7752,7752,0
2021-10-01,October 2021,Other UK Airports,DONCASTER SHEFFIELD,61181,61181,0
2021-10-01,October 2021,Other UK Airports,DUNDEE,2912,2912,0
2021-10-01,October 2021,Other UK Airports,EAST MIDLANDS INTERNATIONAL,212960,212879,81
2021-10-01,October 2021,Other UK Airports,EDINBURGH,587376,587277,99
2021-10-01,October 2021,Other UK Airports,EXETER,25301,25301,0
2021-10-01,October 2021,London Area Airports,GATWICK,1131302,1131190,112
2021-10-01,October 2021,Other UK Airports,GLASGOW,386666,386349,317
2021-10-01,October 2021,Other UK Airports,GLOUCESTERSHIRE,0,0,0
2021-10-01,October 2021,Non UK Reporting Airports,GUERNSEY,46272,46220,52
2021-10-01,October 2021,London Area Airports,HEATHROW,3043580,3043258,322
2021-10-01,October 2021,Other UK Airports,HUMBERSIDE,3315,3315,0
2021-10-01,October 2021,Other UK Airports,INVERNESS,59900,59900,0
2021-10-01,October 2021,Other UK Airports,ISLAY,2037,2029,8
2021-10-01,October 2021,Non UK Reporting Airports,ISLE OF MAN,33129,33129,0
2021-10-01,October 2021,Other UK Airports,ISLES OF SCILLY (ST.MARYS),8688,8688,0
2021-10-01,October 2021,Non UK Reporting Airports,JERSEY,111471,111459,12
2021-10-01,October 2021,Other UK Airports,KIRKWALL,10510,9560,950
2021-10-01,October 2021,Other UK Airports,LANDS END (ST JUST),6540,6540,0
2021-10-01,October 2021,Other UK Airports,LEEDS BRADFORD,177258,177168,90
2021-10-01,October 2021,Other UK Airports,LERWICK (TINGWALL),267,267,0
2021-10-01,October 2021,Other UK Airports,LIVERPOOL (JOHN LENNON),216899,216899,0
2021-10-01,October 2021,London Area Airports,LONDON CITY,148889,148889,0
2021-10-01,October 2021,London Area Airports,LUTON,766115,766115,0
2021-10-01,October 2021,Other UK Airports,MANCHESTER,1202621,1202502,119
2021-10-01,October 2021,Other UK Airports,NEWCASTLE,224517,224371,146
2021-10-01,October 2021,Other UK Airports,NEWQUAY,12873,12828,45
2021-10-01,October 2021,Other UK Airports,NORWICH,15857,15857,0
2021-10-01,October 2021,Other UK Airports,OXFORD (KIDLINGTON),0,0,0
2021-10-01,October 2021,Other UK Airports,PRESTWICK,19054,18820,234
2021-10-01,October 2021,Other UK Airports,SOUTHAMPTON,44204,44204,0
2021-10-01,October 2021,London Area Airports,SOUTHEND,24555,24555,0
2021-10-01,October 2021,London Area Airports,STANSTED,1340168,1340097,71
2021-10-01,October 2021,Other UK Airports,STORNOWAY,8144,8005,139
2021-10-01,October 2021,Other UK Airports,SUMBURGH,19844,19748,96
2021-10-01,October 2021,Other UK Airports,TEESSIDE INTERNATIONAL AIRPORT,12210,11810,400
2021-10-01,October 2021,Other UK Airports,TIREE,916,906,10
2021-11-01,November 2021,Other UK Airports,ABERDEEN,117677,117677,0
2021-11-01,November 2021,Non UK Reporting Airports,ALDERNEY,3417,3417,0
2021-11-01,November 2021,Other UK Airports,BARRA,570,570,0
2021-11-01,November 2021,Other UK Airports,BELFAST CITY (GEORGE BEST),97699,97699,0
2021-11-01,November 2021,Other UK Airports,BELFAST INTERNATIONAL,297082,297082,0
2021-11-01,November 2021,Other UK Airports,BENBECULA,1925,1925,0
2021-11-01,November 2021,Other UK Airports,BIGGIN HILL,100,100,0
2021-11-01,November 2021,Other UK Airports,BIRMINGHAM,397637,397428,209
2021-11-01,November 2021,Other UK Airports,BLACKPOOL,0,0,0
2021-11-01,November 2021,Other UK Airports,BOURNEMOUTH,26823,26823,0
2021-11-01,November 2021,Other UK Airports,BRISTOL,313885,313885,0
2021-11-01,November 2021,Other UK Airports,CAMPBELTOWN,196,185,11
2021-11-01,November 2021,Other UK Airports,CARDIFF WALES,21426,21330,96
2021-11-01,November 2021,Other UK Airports,CITY OF DERRY (EGLINTON),6938,6938,0
2021-11-01,November 2021,Other UK Airports,DONCASTER SHEFFIELD,36880,36880,0
2021-11-01,November 2021,Other UK Airports,DUNDEE,2524,2524,0
2021-11-01,November 2021,Other UK Airports,EAST MIDLANDS INTERNATIONAL,111885,111885,0
2021-11-01,November 2021,Other UK Airports,EDINBURGH,518700,518700,0
2021-11-01,November 2021,Other UK Airports,EXETER,16927,16927,0
2021-11-01,November 2021,London Area Airports,GATWICK,970267,970267,0
2021-11-01,November 2021,Other UK Airports,GLASGOW,343556,343556,0
2021-11-01,November 2021,Non UK Reporting Airports,GUERNSEY,38396,38396,0
2021-11-01,November 2021,London Area Airports,HEATHROW,3065774,3065774,0
2021-11-01,November 2021,Other UK Airports,HUMBERSIDE,3772,3772,0
2021-11-01,November 2021,Other UK Airports,INVERNESS,40933,40933,0
2021-11-01,November 2021,Other UK Airports,ISLAY,1564,1564,0
2021-11-01,November 2021,Non UK Reporting Airports,ISLE OF MAN,37806,37806,0
2021-11-01,November 2021,Other UK Airports,ISLES OF SCILLY (ST.MARYS),3375,3375,0
2021-11-01,November 2021,Non UK Reporting Airports,JERSEY,72940,72935,5
2021-11-01,November 2021,Other UK Airports,KIRKWALL,8376,7638,738
2021-11-01,November 2021,Other UK Airports,LANDS END (ST JUST),2902,2902,0
2021-11-01,November 2021,Other UK Airports,LEEDS BRADFORD,113069,113069,0
2021-11-01,November 2021,Other UK Airports,LERWICK (TINGWALL),134,134,0
2021-11-01,November 2021,Other UK Airports,LIVERPOOL (JOHN LENNON),160164,160164,0
2021-11-01,November 2021,London Area Airports,LONDON CITY,145990,145990,0
2021-11-01,November 2021,London Area Airports,LUTON,549882,549882,0
2021-11-01,November 2021,Other UK Airports,MANCHESTER,982865,982817,48
2021-11-01,November 2021,Other UK Airports,NEWCASTLE,156061,155977,84
2021-11-01,November 2021,Other UK Airports,NEWQUAY,4790,4790,0
2021-11-01,November 2021,Other UK Airports,NORWICH,13513,13513,0
2021-11-01,November 2021,Other UK Airports,PRESTWICK,13000,13000,0
2021-11-01,November 2021,Other UK Airports,SOUTHAMPTON,35241,35241,0
2021-11-01,November 2021,London Area Airports,SOUTHEND,0,0,0
2021-11-01,November 2021,London Area Airports,STANSTED,1185580,1185580,0
2021-11-01,November 2021,Other UK Airports,STORNOWAY,7262,7160,102
2021-11-01,November 2021,Other UK Airports,SUMBURGH,18242,18227,15
2021-11-01,November 2021,Other UK Airports,TEESSIDE INTERNATIONAL AIRPORT,6959,6959,0
2021-11-01,November 2021,Other UK Airports,TIREE,640,620,20
2021-12-01,December 2021,Other UK Airports,ABERDEEN,111899,111899,0
2021-12-01,December 2021,Non UK Reporting Airports,ALDERNEY,2864,2864,0
2021-12-01,December 2021,Other UK Airports,BARRA,739,739,0
2021-12-01,December 2021,Other UK Airports,BELFAST CITY (GEORGE BEST),94204,94177,27
2021-12-01,December 2021,Other UK Airports,BELFAST INTERNATIONAL,286645,286645,0
2021-12-01,December 2021,Other UK Airports,BENBECULA,2063,2048,15
2021-12-01,December 2021,Other UK Airports,BIGGIN HILL,226,226,0
2021-12-01,December 2021,Other UK Airports,BIRMINGHAM,340652,340353,299
2021-12-01,December 2021,Other UK Airports,BOURNEMOUTH,19416,19416,0
2021-12-01,December 2021,Other UK Airports,BRISTOL,271791,271693,98
2021-12-01,December 2021,Other UK Airports,CAMPBELTOWN,303,292,11
2021-12-01,December 2021,Other UK Airports,CARDIFF WALES,15485,15390,95
2021-12-01,December 2021,Other UK Airports,CITY OF DERRY (EGLINTON),11341,11341,0
2021-12-01,December 2021,Other UK Airports,DONCASTER SHEFFIELD,40463,40463,0
2021-12-01,December 2021,Other UK Airports,DUNDEE,2266,2266,0
2021-12-01,December 2021,Other UK Airports,EAST MIDLANDS INTERNATIONAL,76359,76359,0
2021-12-01,December 2021,Other UK Airports,EDINBURGH,437102,437102,0
2021-12-01,December 2021,Other UK Airports,EXETER,15099,15099,0
2021-12-01,December 2021,London Area Airports,GATWICK,1036785,1036504,281
2021-12-01,December 2021,Other UK Airports,GLASGOW,278393,278292,101
2021-12-01,December 2021,Non UK Reporting Airports,GUERNSEY,34178,34178,0
2021-12-01,December 2021,London Area Airports,HEATHROW,3121435,3121074,361
2021-12-01,December 2021,Other UK Airports,HUMBERSIDE,4512,4512,0
2021-12-01,December 2021,Other UK Airports,INVERNESS,39159,39159,0
2021-12-01,December 2021,Other UK Airports,ISLAY,1181,1162,19
2021-12-01,December 2021,Non UK Reporting Airports,ISLE OF MAN,35282,35282,0
2021-12-01,December 2021,Other UK Airports,ISLES OF SCILLY (ST.MARYS),2286,2286,0
2021-12-01,December 2021,Non UK Reporting Airports,JERSEY,74742,74679,63
2021-12-01,December 2021,Other UK Airports,KIRKWALL,8416,7791,625
2021-12-01,December 2021,Other UK Airports,LANDS END (ST JUST),2160,2160,0
2021-12-01,December 2021,Other UK Airports,LEEDS BRADFORD,74693,74639,54
2021-12-01,December 2021,Other UK Airports,LERWICK (TINGWALL),138,138,0
2021-12-01,December 2021,Other UK Airports,LIVERPOOL (JOHN LENNON),143914,143914,0
2021-12-01,December 2021,London Area Airports,LONDON CITY,87681,87681,0
2021-12-01,December 2021,London Area Airports,LUTON,595550,595550,0
2021-12-01,December 2021,Other UK Airports,MANCHESTER,907245,906507,738
2021-12-01,December 2021,Other UK Airports,NEWCASTLE,134347,134103,244
2021-12-01,December 2021,Other UK Airports,NEWQUAY,4825,4825,0
2021-12-01,December 2021,Other UK Airports,NORWICH,12232,12232,0
2021-12-01,December 2021,Other UK Airports,PRESTWICK,6899,6899,0
2021-12-01,December 2021,Other UK Airports,SOUTHAMPTON,30940,30940,0
2021-12-01,December 2021,London Area Airports,SOUTHEND,0,0,0
2021-12-01,December 2021,London Area Airports,STANSTED,902226,902178,48
2021-12-01,December 2021,Other UK Airports,STORNOWAY,6892,6783,109
2021-12-01,December 2021,Other UK Airports,SUMBURGH,17765,17707,58
2021-12-01,December 2021,Other UK Airports,TEESSIDE INTERNATIONAL AIRPORT,5798,5798,0
2021-12-01,December 2021,Other UK Airports,TIREE,565,544,21
2022-01-01,January 2022,Other UK Airports,ABERDEEN,90979,90740,239
2022-01-01,January 2022,Non UK Reporting Airports,ALDERNEY,2409,2409,0
2022-01-01,January 2022,Other UK Airports,BARRA,630,630,0
2022-01-01,January 2022,Other UK Airports,BELFAST CITY (GEORGE BEST),63213,63213,0
2022-01-01,January 2022,Other UK Airports,BELFAST INTERNATIONAL,220502,220502,0
2022-01-01,January 2022,Other UK Airports,BENBECULA,1457,1457,0
2022-01-01,January 2022,Other UK Airports,BIGGIN HILL,128,128,0
2022-01-01,January 2022,Other UK Airports,BIRMINGHAM,264906,264094,812
2022-01-01,January 2022,Other UK Airports,BOURNEMOUTH,15576,15576,0
2022-01-01,January 2022,Other UK Airports,BRISTOL,197409,196434,975
2022-01-01,January 2022,Other UK Airports,CAMPBELTOWN,366,274,92
2022-01-01,January 2022,Other UK Airports,CARDIFF WALES,11191,10664,527
2022-01-01,January 2022,Other UK Airports,CITY OF DERRY (EGLINTON),7292,7292,0
2022-01-01,January 2022,Other UK Airports,DONCASTER SHEFFIELD,27696,27659,37
2022-01-01,January 2022,Other UK Airports,DUNDEE,1238,1238,0
2022-01-01,January 2022,Other UK Airports,EAST MIDLANDS INTERNATIONAL,57972,57972,0
2022-01-01,January 2022,Other UK Airports,EDINBURGH,316778,316687,91
2022-01-01,January 2022,Other UK Airports,EXETER,10511,10511,0
2022-01-01,January 2022,London Area Airports,GATWICK,799043,798346,697
2022-01-01,January 2022,Other UK Airports,GLASGOW,214779,214739,40
2022-01-01,January 2022,Non UK Reporting Airports,GUERNSEY,23922,23896,26
2022-01-01,January 2022,London Area Airports,HEATHROW,2598595,2598278,317
2022-01-01,January 2022,Other UK Airports,HUMBERSIDE,2885,2885,0
2022-01-01,January 2022,Other UK Airports,INVERNESS,21696,21696,0
2022-01-01,January 2022,Other UK Airports,ISLAY,876,855,21
2022-01-01,January 2022,Non UK Reporting Airports,ISLE OF MAN,25103,25103,0
2022-01-01,January 2022,Other UK Airports,ISLES OF SCILLY (ST.MARYS),1888,1888,0
2022-01-01,January 2022,Non UK Reporting Airports,JERSEY,50361,50355,6
2022-01-01,January 2022,Other UK Airports,KIRKWALL,6972,5867,1105
2022-01-01,January 2022,Other UK Airports,LANDS END (ST JUST),1873,1873,0
2022-01-01,January 2022,Other UK Airports,LEEDS BRADFORD,62480,62283,197
2022-01-01,January 2022,Other UK Airports,LERWICK (TINGWALL),80,80,0
2022-01-01,January 2022,Other UK Airports,LIVERPOOL (JOHN LENNON),103322,103322,0
2022-01-01,January 2022,London Area Airports,LONDON CITY,66837,66837,0
2022-01-01,January 2022,London Area Airports,LUTON,451606,451465,141
2022-01-01,January 2022,Other UK Airports,MANCHESTER,745217,744330,887
2022-01-01,January 2022,Other UK Airports,NEWCASTLE,105452,105071,381
2022-01-01,January 2022,Other UK Airports,NEWQUAY,2843,2843,0
2022-01-01,January 2022,Other UK Airports,NORWICH,9855,9855,0
2022-01-01,January 2022,Other UK Airports,OXFORD (KIDLINGTON),0,0,0
2022-01-01,January 2022,Other UK Airports,PRESTWICK,6725,6725,0
2022-01-01,January 2022,Other UK Airports,SOUTHAMPTON,20128,20070,58
2022-01-01,January 2022,London Area Airports,SOUTHEND,0,0,0
2022-01-01,January 2022,London Area Airports,STANSTED,665365,664920,445
2022-01-01,January 2022,Other UK Airports,STORNOWAY,4852,4757,95
2022-01-01,January 2022,Other UK Airports,SUMBURGH,14518,14165,353
2022-01-01,January 2022,Other UK Airports,TEESSIDE INTERNATIONAL AIRPORT,2882,2882,0
2022-01-01,January 2022,Other UK Airports,TIREE,480,465,15
2022-02-01,February 2022,Other UK Airports,ABERDEEN,106150,106150,0
2022-02-01,February 2022,Non UK Reporting Airports,ALDERNEY,2707,2707,0
2022-02-01,February 2022,Other UK Airports,BARRA,774,774,0
2022-02-01,February 2022,Other UK Airports,BELFAST CITY (GEORGE BEST),88604,88604,0
2022-02-01,February 2022,Other UK Airports,BELFAST INTERNATIONAL,304896,304896,0
2022-02-01,February 2022,Other UK Airports,BENBECULA,2066,2050,16
2022-02-01,February 2022,Other UK Airports,BIGGIN HILL,359,359,0
2022-02-01,February 2022,Other UK Airports,BIRMINGHAM,424227,424227,0
2022-02-01,February 2022,Other UK Airports,BOURNEMOUTH,31776,31776,0
2022-02-01,February 2022,Other UK Airports,BRISTOL,363485,363287,198
2022-02-01,February 2022,Other UK Airports,CAMPBELTOWN,283,177,106
2022-02-01,February 2022,Other UK Airports,CARDIFF WALES,18674,18674,0
2022-02-01,February 2022,Other UK Airports,CITY OF DERRY (EGLINTON),10171,10171,0
2022-02-01,February 2022,Other UK Airports,DONCASTER SHEFFIELD,30763,30763,0
2022-02-01,February 2022,Other UK Airports,DUNDEE,1834,1834,0
2022-02-01,February 2022,Other UK Airports,EAST MIDLANDS INTERNATIONAL,110775,110775,0
2022-02-01,February 2022,Other UK Airports,EDINBURGH,514047,514047,0
2022-02-01,February 2022,Other UK Airports,EXETER,15233,15233,0
2022-02-01,February 2022,London Area Airports,GATWICK,1267829,1267829,0
2022-02-01,February 2022,Other UK Airports,GLASGOW,306643,306643,0
2022-02-01,February 2022,Non UK Reporting Airports,GUERNSEY,33387,33387,0
2022-02-01,February 2022,London Area Airports,HEATHROW,2863496,2863496,0
2022-02-01,February 2022,Other UK Airports,HUMBERSIDE,2392,2392,0
2022-02-01,February 2022,Other UK Airports,INVERNESS,28668,28638,30
2022-02-01,February 2022,Other UK Airports,ISLAY,1255,1227,28
2022-02-01,February 2022,Non UK Reporting Airports,ISLE OF MAN,34570,34570,0
2022-02-01,February 2022,Other UK Airports,ISLES OF SCILLY (ST.MARYS),2342,2342,0
2022-02-01,February 2022,Non UK Reporting Airports,JERSEY,66883,66883,0
2022-02-01,February 2022,Other UK Airports,KIRKWALL,8344,7357,987
2022-02-01,February 2022,Other UK Airports,LANDS END (ST JUST),2329,2329,0
2022-02-01,February 2022,Other UK Airports,LEEDS BRADFORD,111138,111138,0
2022-02-01,February 2022,Other UK Airports,LERWICK (TINGWALL),110,110,0
2022-02-01,February 2022,Other UK Airports,LIVERPOOL (JOHN LENNON),174015,174015,0
2022-02-01,February 2022,London Area Airports,LONDON CITY,124066,124066,0
2022-02-01,February 2022,London Area Airports,LUTON,618623,618623,0
2022-02-01,February 2022,Other UK Airports,MANCHESTER,1134172,1133092,1080
2022-02-01,February 2022,Other UK Airports,NEWCASTLE,153315,153027,288
2022-02-01,February 2022,Other UK Airports,NEWQUAY,5511,5511,0
2022-02-01,February 2022,Other UK Airports,NORWICH,10276,10276,0
2022-02-01,February 2022,Other UK Airports,PRESTWICK,14070,14070,0
2022-02-01,February 2022,Other UK Airports,SOUTHAMPTON,29973,29973,0
2022-02-01,February 2022,London Area Airports,STANSTED,1151740,1151740,0
2022-02-01,February 2022,Other UK Airports,STORNOWAY,6537,6422,115
2022-02-01,February 2022,Other UK Airports,SUMBURGH,15127,14825,302
2022-02-01,February 2022,Other UK Airports,TEESSIDE INTERNATIONAL AIRPORT,5346,5346,0
2022-02-01,February 2022,Other UK Airports,TIREE,560,549,11
2022-03-01,March 2022,Other UK Airports,ABERDEEN,142661,142661,0
2022-03-01,March 2022,Non UK Reporting Airports,ALDERNEY,3681,3681,0
2022-03-01,March 2022,Other UK Airports,BARRA,1004,1004,0
2022-03-01,March 2022,Other UK Airports,BELFAST CITY (GEORGE BEST),104971,104971,0
2022-03-01,March 2022,Other UK Airports,BELFAST INTERNATIONAL,365707,365707,0
2022-03-01,March 2022,Other UK Airports,BENBECULA,2372,2300,72
2022-03-01,March 2022,Other UK Airports,BIGGIN HILL,190,190,0
2022-03-01,March 2022,Other UK Airports,BIRMINGHAM,566647,566647,0
2022-03-01,March 2022,Other UK Airports,BOURNEMOUTH,37435,37435,0
2022-03-01,March 2022,Other UK Airports,BRISTOL,481851,481687,164
2022-03-01,March 2022,Other UK Airports,CAMPBELTOWN,402,347,55
2022-03-01,March 2022,Other UK Airports,CARDIFF WALES,37617,37617,0
2022-03-01,March 2022,Other UK Airports,CITY OF DERRY (EGLINTON),11060,11060,0
2022-03-01,March 2022,Other UK Airports,DONCASTER SHEFFIELD,48552,48552,0
2022-03-01,March 2022,Other UK Airports,DUNDEE,2541,2541,0
2022-03-01,March 2022,Other UK Airports,EAST MIDLANDS INTERNATIONAL,148152,148152,0
2022-03-01,March 2022,Other UK Airports,EDINBURGH,680097,680097,0
2022-03-01,March 2022,Other UK Airports,EXETER,18428,18428,0
2022-03-01,March 2022,London Area Airports,GATWICK,1745510,1745510,0
2022-03-01,March 2022,Other UK Airports,GLASGOW,425551,425551,0
2022-03-01,March 2022,Non UK Reporting Airports,GUERNSEY,42437,42437,0
2022-03-01,March 2022,London Area Airports,HEATHROW,4196820,4196237,583
2022-03-01,March 2022,Other UK Airports,HUMBERSIDE,3491,3491,0
2022-03-01,March 2022,Other UK Airports,INVERNESS,43665,43665,0
2022-03-01,March 2022,Other UK Airports,ISLAY,2208,2188,20
2022-03-01,March 2022,Non UK Reporting Airports,ISLE OF MAN,42646,42646,0
2022-03-01,March 2022,Other UK Airports,ISLES OF SCILLY (ST.MARYS),4600,4600,0
2022-03-01,March 2022,Non UK Reporting Airports,JERSEY,87963,87899,64
2022-03-01,March 2022,Other UK Airports,KIRKWALL,9505,8603,902
2022-03-01,March 2022,Other UK Airports,LANDS END (ST JUST),3850,3845,5
2022-03-01,March 2022,Other UK Airports,LEEDS BRADFORD,164800,164800,0
2022-03-01,March 2022,Other UK Airports,LERWICK (TINGWALL),192,192,0
2022-03-01,March 2022,Other UK Airports,LIVERPOOL (JOHN LENNON),225474,225474,0
2022-03-01,March 2022,London Area Airports,LONDON CITY,190880,190880,0
2022-03-01,March 2022,London Area Airports,LUTON,837114,837114,0
2022-03-01,March 2022,Other UK Airports,MANCHESTER,1465390,1463509,1881
2022-03-01,March 2022,Other UK Airports,NEWCASTLE,211516,211455,61
2022-03-01,March 2022,Other UK Airports,NEWQUAY,9341,9341,0
2022-03-01,March 2022,Other UK Airports,NORWICH,15489,15489,0
2022-03-01,March 2022,Other UK Airports,PRESTWICK,19974,19974,0
2022-03-01,March 2022,Other UK Airports,SOUTHAMPTON,41468,41468,0
2022-03-01,March 2022,London Area Airports,STANSTED,1492960,1492960,0
2022-03-01,March 2022,Other UK Airports,STORNOWAY,7769,7622,147
2022-03-01,March 2022,Other UK Airports,SUMBURGH,19211,19071,140
2022-03-01,March 2022,Other UK Airports,TEESSIDE INTERNATIONAL AIRPORT,6970,6970,0
2022-03-01,March 2022,Other UK Airports,TIREE,828,748,80
2022-04-01,April 2022,Other UK Airports,ABERDEEN,164336,164336,0
2022-04-01,April 2022,Non UK Reporting Airports,ALDERNEY,4075,4075,0
2022-04-01,April 2022,Other UK Airports,BARRA,1008,1008,0
2022-04-01,April 2022,Other UK Airports,BELFAST CITY (GEORGE BEST),111236,111236,0
2022-04-01,April 2022,Other UK Airports,BELFAST INTERNATIONAL,431468,431468,0
2022-04-01,April 2022,Other UK Airports,BENBECULA,2368,2344,24
2022-04-01,April 2022,Other UK Airports,BIGGIN HILL,329,329,0
2022-04-01,April 2022,Other UK Airports,BIRMINGHAM,745257,745257,0
2022-04-01,April 2022,Other UK Airports,BOURNEMOUTH,60772,60770,2
2022-04-01,April 2022,Other UK Airports,BRISTOL,655873,655617,256
2022-04-01,April 2022,Other UK Airports,CAMPBELTOWN,409,391,18
2022-04-01,April 2022,Other UK Airports,CARDIFF WALES,54334,54334,0
2022-04-01,April 2022,Other UK Airports,CITY OF DERRY (EGLINTON),12810,12810,0
2022-04-01,April 2022,Other UK Airports,DONCASTER SHEFFIELD,81756,81756,0
2022-04-01,April 2022,Other UK Airports,DUNDEE,2907,2907,0
2022-04-01,April 2022,Other UK Airports,EAST MIDLANDS INTERNATIONAL,249034,249034,0
2022-04-01,April 2022,Other UK Airports,EDINBURGH,931883,931709,174
2022-04-01,April 2022,Other UK Airports,EXETER,27154,27154,0
2022-04-01,April 2022,London Area Airports,GATWICK,2776461,2775387,1074
2022-04-01,April 2022,Other UK Airports,GLASGOW,518536,518284,252
2022-04-01,April 2022,Non UK Reporting Airports,GUERNSEY,57193,57193,0
2022-04-01,April 2022,London Area Airports,HEATHROW,5081252,5081252,0
2022-04-01,April 2022,Other UK Airports,HUMBERSIDE,5021,5021,0
2022-04-01,April 2022,Other UK Airports,INVERNESS,64207,64207,0
2022-04-01,April 2022,Other UK Airports,ISLAY,2119,2113,6
2022-04-01,April 2022,Non UK Reporting Airports,ISLE OF MAN,49196,49196,0
2022-04-01,April 2022,Other UK Airports,ISLES OF SCILLY (ST.MARYS),9812,9812,0
2022-04-01,April 2022,Non UK Reporting Airports,JERSEY,119602,119502,100
2022-04-01,April 2022,Other UK Airports,KIRKWALL,11395,10471,924
2022-04-01,April 2022,Other UK Airports,LANDS END (ST JUST),6743,6732,11
2022-04-01,April 2022,Other UK Airports,LEEDS BRADFORD,251780,251780,0
2022-04-01,April 2022,Other UK Airports,LERWICK (TINGWALL),302,302,0
2022-04-01,April 2022,Other UK Airports,LIVERPOOL (JOHN LENNON),318901,318901,0
2022-04-01,April 2022,London Area Airports,LONDON CITY,257849,257849,0
2022-04-01,April 2022,London Area Airports,LUTON,1188388,1188236,152
2022-04-01,April 2022,Other UK Airports,MANCHESTER,1887592,1885877,1715
2022-04-01,April 2022,Other UK Airports,NEWCASTLE,310941,310863,78
2022-04-01,April 2022,Other UK Airports,NEWQUAY,18824,18824,0
2022-04-01,April 2022,Other UK Airports,NORWICH,17814,17814,0
2022-04-01,April 2022,Other UK Airports,OXFORD (KIDLINGTON),0,0,0
2022-04-01,April 2022,Other UK Airports,PRESTWICK,47180,47180,0
2022-04-01,April 2022,Other UK Airports,SOUTHAMPTON,48160,48160,0
2022-04-01,April 2022,London Area Airports,STANSTED,2021090,2021090,0
2022-04-01,April 2022,Other UK Airports,STORNOWAY,8410,8338,72
2022-04-01,April 2022,Other UK Airports,SUMBURGH,20846,20658,188
2022-04-01,April 2022,Other UK Airports,TEESSIDE INTERNATIONAL AIRPORT,14216,13861,355
2022-04-01,April 2022,Other UK Airports,TIREE,920,907,13
2022-04-01,April 2022,Other UK Airports,WICK JOHN O GROATS,522,522,0
2022-05-01,May 2022,Other UK Airports,ABERDEEN,182234,182234,0
2022-05-01,May 2022,Non UK Reporting Airports,ALDERNEY,4866,4866,0
2022-05-01,May 2022,Other UK Airports,BARRA,1406,1406,0
2022-05-01,May 2022,Other UK Airports,BELFAST CITY (GEORGE BEST),130431,130431,0
2022-05-01,May 2022,Other UK Airports,BELFAST INTERNATIONAL,472142,472142,0
2022-05-01,May 2022,Other UK Airports,BENBECULA,2746,2746,0
2022-05-01,May 2022,Other UK Airports,BIGGIN HILL,527,527,0
2022-05-01,May 2022,Other UK Airports,BIRMINGHAM,882907,882820,87
2022-05-01,May 2022,Other UK Airports,BOURNEMOUTH,73755,73755,0
2022-05-01,May 2022,Other UK Airports,BRISTOL,800292,800186,106
2022-05-01,May 2022,Other UK Airports,CAMPBELTOWN,680,672,8
2022-05-01,May 2022,Other UK Airports,CARDIFF WALES,98779,98557,222
2022-05-01,May 2022,Other UK Airports,CITY OF DERRY (EGLINTON),13910,13910,0
2022-05-01,May 2022,Other UK Airports,DONCASTER SHEFFIELD,112045,111969,76
2022-05-01,May 2022,Other UK Airports,DUNDEE,3316,3187,129
2022-05-01,May 2022,Other UK Airports,EAST MIDLANDS INTERNATIONAL,350875,350875,0
2022-05-01,May 2022,Other UK Airports,EDINBURGH,1067915,1067915,0
2022-05-01,May 2022,Other UK Airports,EXETER,39854,39854,0
2022-05-01,May 2022,London Area Airports,GATWICK,3080370,3080370,0
2022-05-01,May 2022,Other UK Airports,GLASGOW,656965,656965,0
2022-05-01,May 2022,Non UK Reporting Airports,GUERNSEY,60230,60040,190
2022-05-01,May 2022,London Area Airports,HEATHROW,5341348,5341073,275
2022-05-01,May 2022,Other UK Airports,HUMBERSIDE,8632,8632,0
2022-05-01,May 2022,Other UK Airports,INVERNESS,70764,70764,0
2022-05-01,May 2022,Other UK Airports,ISLAY,2820,2814,6
2022-05-01,May 2022,Non UK Reporting Airports,ISLE OF MAN,48382,48382,0
2022-05-01,May 2022,Other UK Airports,ISLES OF SCILLY (ST.MARYS),10831,10831,0
2022-05-01,May 2022,Non UK Reporting Airports,JERSEY,128737,128728,9
2022-05-01,May 2022,Other UK Airports,KIRKWALL,12539,11698,841
2022-05-01,May 2022,Other UK Airports,LANDS END (ST JUST),7444,7440,4
2022-05-01,May 2022,Other UK Airports,LEEDS BRADFORD,345529,345529,0
2022-05-01,May 2022,Other UK Airports,LERWICK (TINGWALL),372,372,0
2022-05-01,May 2022,Other UK Airports,LIVERPOOL (JOHN LENNON),329550,329550,0
2022-05-01,May 2022,London Area Airports,LONDON CITY,291121,291121,0
2022-05-01,May 2022,London Area Airports,LUTON,1229218,1229152,66
2022-05-01,May 2022,Other UK Airports,MANCHESTER,2166440,2163307,3133
2022-05-01,May 2022,Other UK Airports,NEWCASTLE,422970,422885,85
2022-05-01,May 2022,Other UK Airports,NEWQUAY,24573,24572,1
2022-05-01,May 2022,Other UK Airports,NORWICH,33871,33871,0
2022-05-01,May 2022,Other UK Airports,OXFORD (KIDLINGTON),0,0,0
2022-05-01,May 2022,Other UK Airports,PRESTWICK,51993,51993,0
2022-05-01,May 2022,Other UK Airports,SOUTHAMPTON,54920,54920,0
2022-05-01,May 2022,London Area Airports,SOUTHEND,13871,13871,0
2022-05-01,May 2022,London Area Airports,STANSTED,2142246,2142246,0
2022-05-01,May 2022,Other UK Airports,STORNOWAY,9358,9239,119
2022-05-01,May 2022,Other UK Airports,SUMBURGH,22641,22605,36
2022-05-01,May 2022,Other UK Airports,TEESSIDE INTERNATIONAL AIRPORT,17836,17459,377
2022-05-01,May 2022,Other UK Airports,TIREE,1218,1199,19
2022-05-01,May 2022,Other UK Airports,WICK JOHN O GROATS,792,792,0
2022-06-01,June 2022,Other UK Airports,ABERDEEN,191138,191138,0
2022-06-01,June 2022,Non UK Reporting Airports,ALDERNEY,5502,5502,0
2022-06-01,June 2022,Other UK Airports,BARRA,1375,1375,0
2022-06-01,June 2022,Other UK Airports,BELFAST CITY (GEORGE BEST),140666,140658,8
2022-06-01,June 2022,Other UK Airports,BELFAST INTERNATIONAL,478551,478551,0
2022-06-01,June 2022,Other UK Airports,BENBECULA,2794,2794,0
2022-06-01,June 2022,Other UK Airports,BIGGIN HILL,248,248,0
2022-06-01,June 2022,Other UK Airports,BIRMINGHAM,1043756,1043756,0
2022-06-01,June 2022,Other UK Airports,BLACKPOOL,1578,1578,0
2022-06-01,June 2022,Other UK Airports,BOURNEMOUTH,87349,87349,0
2022-06-01,June 2022,Other UK Airports,BRISTOL,893822,893654,168
2022-06-01,June 2022,Other UK Airports,CAMPBELTOWN,603,600,3
2022-06-01,June 2022,Other UK Airports,CARDIFF WALES,115440,115397,43
2022-06-01,June 2022,Other UK Airports,CITY OF DERRY (EGLINTON),15360,15360,0
2022-06-01,June 2022,Other UK Airports,DONCASTER SHEFFIELD,130822,130590,232
2022-06-01,June 2022,Other UK Airports,DUNDEE,4036,3800,236
2022-06-01,June 2022,Other UK Airports,EAST MIDLANDS INTERNATIONAL,398846,398846,0
2022-06-01,June 2022,Other UK Airports,EDINBURGH,1185154,1185154,0
2022-06-01,June 2022,Other UK Airports,EXETER,47474,47449,25
2022-06-01,June 2022,London Area Airports,GATWICK,3470376,3470283,93
2022-06-01,June 2022,Other UK Airports,GLASGOW,692076,692076,0
2022-06-01,June 2022,Non UK Reporting Airports,GUERNSEY,64389,64137,252
2022-06-01,June 2022,London Area Airports,HEATHROW,5990285,5989431,854
2022-06-01,June 2022,Other UK Airports,HUMBERSIDE,11050,10865,185
2022-06-01,June 2022,Other UK Airports,INVERNESS,68981,68981,0
2022-06-01,June 2022,Other UK Airports,ISLAY,2626,2626,0
2022-06-01,June 2022,Non UK Reporting Airports,ISLE OF MAN,58709,58709,0
2022-06-01,June 2022,Other UK Airports,ISLES OF SCILLY (ST.MARYS),10212,10212,0
2022-06-01,June 2022,Non UK Reporting Airports,JERSEY,134120,134118,2
2022-06-01,June 2022,Other UK Airports,KIRKWALL,13350,12590,760
2022-06-01,June 2022,Other UK Airports,LANDS END (ST JUST),6607,6593,14
2022-06-01,June 2022,Other UK Airports,LEEDS BRADFORD,404307,404307,0
2022-06-01,June 2022,Other UK Airports,LERWICK (TINGWALL),318,318,0
2022-06-01,June 2022,Other UK Airports,LIVERPOOL (JOHN LENNON),349335,349146,189
2022-06-01,June 2022,London Area Airports,LONDON CITY,314197,314197,0
2022-06-01,June 2022,London Area Airports,LUTON,1353962,1353962,0
2022-06-01,June 2022,Other UK Airports,MANCHESTER,2425713,2422337,3376
2022-06-01,June 2022,Other UK Airports,NEWCASTLE,486230,486143,87
2022-06-01,June 2022,Other UK Airports,NEWQUAY,26382,26382,0
2022-06-01,June 2022,Other UK Airports,NORWICH,38523,38523,0
2022-06-01,June 2022,Other UK Airports,OXFORD (KIDLINGTON),0,0,0
2022-06-01,June 2022,Other UK Airports,PRESTWICK,54969,54955,14
2022-06-01,June 2022,Other UK Airports,SOUTHAMPTON,58955,58955,0
2022-06-01,June 2022,London Area Airports,SOUTHEND,15367,15367,0
2022-06-01,June 2022,London Area Airports,STANSTED,2338113,2338113,0
2022-06-01,June 2022,Other UK Airports,STORNOWAY,9379,9276,103
2022-06-01,June 2022,Other UK Airports,SUMBURGH,23204,23186,18
2022-06-01,June 2022,Other UK Airports,TEESSIDE INTERNATIONAL AIRPORT,20756,20755,1
2022-06-01,June 2022,Other UK Airports,TIREE,1194,1176,18
2022-06-01,June 2022,Other UK Airports,WICK JOHN O GROATS,801,801,0
2022-07-01,July 2022,Other UK Airports,ABERDEEN,190236,190236,0
2022-07-01,July 2022,Non UK Reporting Airports,ALDERNEY,5602,5602,0
2022-07-01,July 2022,Other UK Airports,BARRA,1556,1556,0
2022-07-01,July 2022,Other UK Airports,BELFAST CITY (GEORGE BEST),164835,164835,0
2022-07-01,July 2022,Other UK Airports,BELFAST INTERNATIONAL,510114,510114,0
2022-07-01,July 2022,Other UK Airports,BENBECULA,2831,2831,0
2022-07-01,July 2022,Other UK Airports,BIGGIN HILL,793,793,0
2022-07-01,July 2022,Other UK Airports,BIRMINGHAM,1102288,1102288,0
2022-07-01,July 2022,Other UK Airports,BLACKPOOL,1169,1169,0
2022-07-01,July 2022,Other UK Airports,BOURNEMOUTH,97283,97148,135
2022-07-01,July 2022,Other UK Airports,BRISTOL,933525,933161,364
2022-07-01,July 2022,Other UK Airports,CAMPBELTOWN,523,523,0
2022-07-01,July 2022,Other UK Airports,CARDIFF WALES,122626,122312,314
2022-07-01,July 2022,Other UK Airports,CITY OF DERRY (EGLINTON),20889,20889,0
2022-07-01,July 2022,Other UK Airports,DONCASTER SHEFFIELD,136372,136372,0
2022-07-01,July 2022,Other UK Airports,DUNDEE,4224,3959,265
2022-07-01,July 2022,Other UK Airports,EAST MIDLANDS INTERNATIONAL,417415,417415,0
2022-07-01,July 2022,Other UK Airports,EDINBURGH,1256769,1256469,300
2022-07-01,July 2022,Other UK Airports,EXETER,47449,47449,0
2022-07-01,July 2022,London Area Airports,GATWICK,3847852,3847316,536
2022-07-01,July 2022,Other UK Airports,GLASGOW,745809,745554,255
2022-07-01,July 2022,Non UK Reporting Airports,GUERNSEY,70490,70181,309
2022-07-01,July 2022,London Area Airports,HEATHROW,6311765,6311538,227
2022-07-01,July 2022,Other UK Airports,HUMBERSIDE,10576,10576,0
2022-07-01,July 2022,Other UK Airports,INVERNESS,78152,78152,0
2022-07-01,July 2022,Other UK Airports,ISLAY,2469,2469,0
2022-07-01,July 2022,Non UK Reporting Airports,ISLE OF MAN,48606,48606,0
2022-07-01,July 2022,Other UK Airports,ISLES OF SCILLY (ST.MARYS),10374,10374,0
2022-07-01,July 2022,Non UK Reporting Airports,JERSEY,152373,152373,0
2022-07-01,July 2022,Other UK Airports,KIRKWALL,13754,12829,925
2022-07-01,July 2022,Other UK Airports,LANDS END (ST JUST),7990,7990,0
2022-07-01,July 2022,Other UK Airports,LEEDS BRADFORD,416784,416663,121
2022-07-01,July 2022,Other UK Airports,LERWICK (TINGWALL),342,342,0
2022-07-01,July 2022,Other UK Airports,LIVERPOOL (JOHN LENNON),385021,385021,0
2022-07-01,July 2022,London Area Airports,LONDON CITY,327753,327753,0
2022-07-01,July 2022,London Area Airports,LUTON,1443241,1442912,329
2022-07-01,July 2022,Other UK Airports,LYDD,0,0,0
2022-07-01,July 2022,Other UK Airports,MANCHESTER,2610219,2607064,3155
2022-07-01,July 2022,Other UK Airports,NEWCASTLE,503376,503320,56
2022-07-01,July 2022,Other UK Airports,NEWQUAY,37749,37749,0
2022-07-01,July 2022,Other UK Airports,NORWICH,36876,36876,0
2022-07-01,July 2022,Other UK Airports,OXFORD (KIDLINGTON),0,0,0
2022-07-01,July 2022,Other UK Airports,PRESTWICK,56313,56299,14
2022-07-01,July 2022,Other UK Airports,SOUTHAMPTON,71353,71353,0
2022-07-01,July 2022,London Area Airports,SOUTHEND,16163,16163,0
2022-07-01,July 2022,London Area Airports,STANSTED,2472875,2472875,0
2022-07-01,July 2022,Other UK Airports,STORNOWAY,9946,9855,91
2022-07-01,July 2022,Other UK Airports,SUMBURGH,24644,24644,0
2022-07-01,July 2022,Other UK Airports,TEESSIDE INTERNATIONAL AIRPORT,21632,21632,0
2022-07-01,July 2022,Other UK Airports,TIREE,1446,1442,4
2022-07-01,July 2022,Other UK Airports,WICK JOHN O GROATS,788,788,0
2022-08-01,August 2022,Other UK Airports,ABERDEEN,183451,183451,0
2022-08-01,August 2022,Non UK Reporting Airports,ALDERNEY,5524,5524,0
2022-08-01,August 2022,Other UK Airports,BARRA,1493,1493,0
2022-08-01,August 2022,Other UK Airports,BELFAST CITY (GEORGE BEST),174713,174713,0
2022-08-01,August 2022,Other UK Airports,BELFAST INTERNATIONAL,520708,520708,0
2022-08-01,August 2022,Other UK Airports,BENBECULA,2831,2815,16
2022-08-01,August 2022,Other UK Airports,BIGGIN HILL,297,297,0
2022-08-01,August 2022,Other UK Airports,BIRMINGHAM,1172123,1171941,182
2022-08-01,August 2022,Other UK Airports,BLACKPOOL,1220,1220,0
2022-08-01,August 2022,Other UK Airports,BOURNEMOUTH,99071,99071,0
2022-08-01,August 2022,Other UK Airports,BRISTOL,973302,973005,297
2022-08-01,August 2022,Other UK Airports,CAMPBELTOWN,822,822,0
2022-08-01,August 2022,Other UK Airports,CARDIFF WALES,133734,133370,364
2022-08-01,August 2022,Other UK Airports,CITY OF DERRY (EGLINTON),19448,19448,0
2022-08-01,August 2022,Other UK Airports,DONCASTER SHEFFIELD,160816,160629,187
2022-08-01,August 2022,Other UK Airports,DUNDEE,3931,3678,253
2022-08-01,August 2022,Other UK Airports,EAST MIDLANDS INTERNATIONAL,428554,428554,0
2022-08-01,August 2022,Other UK Airports,EDINBURGH,1199075,1199075,0
2022-08-01,August 2022,Other UK Airports,EXETER,50399,50399,0
2022-08-01,August 2022,London Area Airports,GATWICK,4089241,4088505,736
2022-08-01,August 2022,Other UK Airports,GLASGOW,698374,697879,495
2022-08-01,August 2022,Non UK Reporting Airports,GUERNSEY,74224,73934,290
2022-08-01,August 2022,London Area Airports,HEATHROW,6040270,6039987,283
2022-08-01,August 2022,Other UK Airports,HUMBERSIDE,11546,11546,0
2022-08-01,August 2022,Other UK Airports,INVERNESS,76564,76564,0
2022-08-01,August 2022,Other UK Airports,ISLAY,2690,2678,12
2022-08-01,August 2022,Non UK Reporting Airports,ISLE OF MAN,51428,51428,0
2022-08-01,August 2022,Other UK Airports,ISLES OF SCILLY (ST.MARYS),12038,12038,0
2022-08-01,August 2022,Non UK Reporting Airports,JERSEY,157311,157301,10
2022-08-01,August 2022,Other UK Airports,KIRKWALL,13640,12783,857
2022-08-01,August 2022,Other UK Airports,LANDS END (ST JUST),8185,8157,28
2022-08-01,August 2022,Other UK Airports,LEEDS BRADFORD,435307,435307,0
2022-08-01,August 2022,Other UK Airports,LERWICK (TINGWALL),458,458,0
2022-08-01,August 2022,Other UK Airports,LIVERPOOL (JOHN LENNON),401742,401742,0
2022-08-01,August 2022,London Area Airports,LONDON CITY,299526,299526,0
2022-08-01,August 2022,London Area Airports,LUTON,1520604,1520222,382
2022-08-01,August 2022,Other UK Airports,MANCHESTER,2731641,2729451,2190
2022-08-01,August 2022,Other UK Airports,NEWCASTLE,515857,515656,201
2022-08-01,August 2022,Other UK Airports,NEWQUAY,36768,36768,0
2022-08-01,August 2022,Other UK Airports,NORWICH,39262,39262,0
2022-08-01,August 2022,Other UK Airports,OXFORD (KIDLINGTON),120,120,0
2022-08-01,August 2022,Other UK Airports,PRESTWICK,55489,55488,1
2022-08-01,August 2022,Other UK Airports,SOUTHAMPTON,70579,70579,0
2022-08-01,August 2022,London Area Airports,SOUTHEND,15506,15506,0
2022-08-01,August 2022,London Area Airports,STANSTED,2605863,2605863,0
2022-08-01,August 2022,Other UK Airports,STORNOWAY,9854,9733,121
2022-08-01,August 2022,Other UK Airports,SUMBURGH,24927,24927,0
2022-08-01,August 2022,Other UK Airports,TEESSIDE INTERNATIONAL AIRPORT,23358,23358,0
2022-08-01,August 2022,Other UK Airports,TIREE,1377,1368,9
2022-08-01,August 2022,Other UK Airports,WICK JOHN O GROATS,773,773,0
2022-09-01,September 2022,Other UK Airports,ABERDEEN,185991,185991,0
2022-09-01,September 2022,Non UK Reporting Airports,ALDERNEY,5375,5375,0
2022-09-01,September 2022,Other UK Airports,BARRA,1365,1365,0
2022-09-01,September 2022,Other UK Airports,BELFAST CITY (GEORGE BEST),164938,164938,0
2022-09-01,September 2022,Other UK Airports,BELFAST INTERNATIONAL,461149,461149,0
2022-09-01,September 2022,Other UK Airports,BENBECULA,2959,2937,22
2022-09-01,September 2022,Other UK Airports,BIGGIN HILL,318,318,0
2022-09-01,September 2022,Other UK Airports,BIRMINGHAM,1076828,1076693,135
2022-09-01,September 2022,Other UK Airports,BLACKPOOL,1497,1497,0
2022-09-01,September 2022,Other UK Airports,BOURNEMOUTH,89227,89227,0
2022-09-01,September 2022,Other UK Airports,BRISTOL,877571,876669,902
2022-09-01,September 2022,Other UK Airports,CAMPBELTOWN,762,762,0
2022-09-01,September 2022,Other UK Airports,CARDIFF WALES,111325,110618,707
2022-09-01,September 2022,Other UK Airports,CITY OF DERRY (EGLINTON),13534,13534,0
2022-09-01,September 2022,Other UK Airports,DONCASTER SHEFFIELD,139070,138960,110
2022-09-01,September 2022,Other UK Airports,DUNDEE,3760,3532,228
2022-09-01,September 2022,Other UK Airports,EAST MIDLANDS INTERNATIONAL,371767,371767,0
2022-09-01,September 2022,Other UK Airports,EDINBURGH,1181049,1180233,816
2022-09-01,September 2022,Other UK Airports,EXETER,44286,44286,0
2022-09-01,September 2022,London Area Airports,GATWICK,3627709,3627394,315
2022-09-01,September 2022,Other UK Airports,GLASGOW,700548,700548,0
2022-09-01,September 2022,Non UK Reporting Airports,GUERNSEY,66494,66342,152
2022-09-01,September 2022,London Area Airports,HEATHROW,5780628,5780445,183
2022-09-01,September 2022,Other UK Airports,HUMBERSIDE,11001,11001,0
2022-09-01,September 2022,Other UK Airports,INVERNESS,72083,72083,0
2022-09-01,September 2022,Other UK Airports,ISLAY,2846,2840,6
2022-09-01,September 2022,Non UK Reporting Airports,ISLE OF MAN,48425,48425,0
2022-09-01,September 2022,Other UK Airports,ISLES OF SCILLY (ST.MARYS),11628,11628,0
2022-09-01,September 2022,Non UK Reporting Airports,JERSEY,139029,138969,60
2022-09-01,September 2022,Other UK Airports,KIRKWALL,12316,11540,776
2022-09-01,September 2022,Other UK Airports,LANDS END (ST JUST),7588,7567,21
2022-09-01,September 2022,Other UK Airports,LEEDS BRADFORD,389723,389543,180
2022-09-01,September 2022,Other UK Airports,LERWICK (TINGWALL),343,343,0
2022-09-01,September 2022,Other UK Airports,LIVERPOOL (JOHN LENNON),353449,353449,0
2022-09-01,September 2022,London Area Airports,LONDON CITY,310369,310369,0
2022-09-01,September 2022,London Area Airports,LUTON,1354773,1354224,549
2022-09-01,September 2022,Other UK Airports,MANCHESTER,2523947,2522732,1215
2022-09-01,September 2022,Other UK Airports,NEWCASTLE,477651,477577,74
2022-09-01,September 2022,Other UK Airports,NEWQUAY,26906,26906,0
2022-09-01,September 2022,Other UK Airports,NORWICH,40885,40885,0
2022-09-01,September 2022,Other UK Airports,OXFORD (KIDLINGTON),0,0,0
2022-09-01,September 2022,Other UK Airports,PRESTWICK,53240,53075,165
2022-09-01,September 2022,Other UK Airports,SOUTHAMPTON,65169,65169,0
2022-09-01,September 2022,London Area Airports,SOUTHEND,15284,15284,0
2022-09-01,September 2022,London Area Airports,STANSTED,2374367,2374367,0
2022-09-01,September 2022,Other UK Airports,STORNOWAY,9669,9608,61
2022-09-01,September 2022,Other UK Airports,SUMBURGH,22297,22283,14
2022-09-01,September 2022,Other UK Airports,TEESSIDE INTERNATIONAL AIRPORT,21894,21890,4
2022-09-01,September 2022,Other UK Airports,TIREE,1156,1147,9
2022-09-01,September 2022,Other UK Airports,WICK JOHN O GROATS,790,790,0
2022-10-01,October 2022,Other UK Airports,ABERDEEN,194594,194409,185
2022-10-01,October 2022,Non UK Reporting Airports,ALDERNEY,4305,4305,0
2022-10-01,October 2022,Other UK Airports,BARRA,1042,1042,0
2022-10-01,October 2022,Other UK Airports,BELFAST CITY (GEORGE BEST),175105,175105,0
2022-10-01,October 2022,Other UK Airports,BELFAST INTERNATIONAL,438274,438274,0
2022-10-01,October 2022,Other UK Airports,BENBECULA,3060,3060,0
2022-10-01,October 2022,Other UK Airports,BIGGIN HILL,302,302,0
2022-10-01,October 2022,Other UK Airports,BIRMINGHAM,967609,967197,412
2022-10-01,October 2022,Other UK Airports,BLACKPOOL,1537,1537,0
2022-10-01,October 2022,Other UK Airports,BOURNEMOUTH,75960,75911,49
2022-10-01,October 2022,Other UK Airports,BRISTOL,801940,801754,186
2022-10-01,October 2022,Other UK Airports,CAMPBELTOWN,501,501,0
2022-10-01,October 2022,Other UK Airports,CARDIFF WALES,73572,73572,0
2022-10-01,October 2022,Other UK Airports,CITY OF DERRY (EGLINTON),14677,14677,0
2022-10-01,October 2022,Other UK Airports,DONCASTER SHEFFIELD,89824,89824,0
2022-10-01,October 2022,Other UK Airports,DUNDEE,4075,3813,262
2022-10-01,October 2022,Other UK Airports,EAST MIDLANDS INTERNATIONAL,353217,353217,0
2022-10-01,October 2022,Other UK Airports,EDINBURGH,1172305,1172081,224
2022-10-01,October 2022,Other UK Airports,EXETER,36117,36117,0
2022-10-01,October 2022,London Area Airports,GATWICK,3357779,3357649,130
2022-10-01,October 2022,Other UK Airports,GLASGOW,684379,684379,0
2022-10-01,October 2022,Non UK Reporting Airports,GUERNSEY,61596,61421,175
2022-10-01,October 2022,London Area Airports,HEATHROW,5893221,5892869,352
2022-10-01,October 2022,Other UK Airports,HUMBERSIDE,8941,8941,0
2022-10-01,October 2022,Other UK Airports,INVERNESS,74522,74522,0
2022-10-01,October 2022,Other UK Airports,ISLAY,2654,2651,3
2022-10-01,October 2022,Non UK Reporting Airports,ISLE OF MAN,50288,50288,0
2022-10-01,October 2022,Other UK Airports,ISLES OF SCILLY (ST.MARYS),7305,7305,0
2022-10-01,October 2022,Non UK Reporting Airports,JERSEY,122062,122062,0
2022-10-01,October 2022,Other UK Airports,KIRKWALL,12006,10969,1037
2022-10-01,October 2022,Other UK Airports,LANDS END (ST JUST),5525,5500,25
2022-10-01,October 2022,Other UK Airports,LEEDS BRADFORD,336376,336376,0
2022-10-01,October 2022,Other UK Airports,LERWICK (TINGWALL),262,262,0
2022-10-01,October 2022,Other UK Airports,LIVERPOOL (JOHN LENNON),360621,360621,0
2022-10-01,October 2022,London Area Airports,LONDON CITY,301737,301737,0
2022-10-01,October 2022,London Area Airports,LUTON,1328090,1327454,636
2022-10-01,October 2022,Other UK Airports,MANCHESTER,2316232,2314593,1639
2022-10-01,October 2022,Other UK Airports,NEWCASTLE,439216,439216,0
2022-10-01,October 2022,Other UK Airports,NEWQUAY,23248,23248,0
2022-10-01,October 2022,Other UK Airports,NORWICH,34559,34559,0
2022-10-01,October 2022,Other UK Airports,PRESTWICK,52275,52275,0
2022-10-01,October 2022,Other UK Airports,SOUTHAMPTON,61929,61929,0
2022-10-01,October 2022,London Area Airports,SOUTHEND,13124,13124,0
2022-10-01,October 2022,London Area Airports,STANSTED,2338638,2338638,0
2022-10-01,October 2022,Other UK Airports,STORNOWAY,9751,9658,93
2022-10-01,October 2022,Other UK Airports,SUMBURGH,23387,23378,9
2022-10-01,October 2022,Other UK Airports,TEESSIDE INTERNATIONAL AIRPORT,16662,16661,1
2022-10-01,October 2022,Other UK Airports,TIREE,809,805,4
2022-10-01,October 2022,Other UK Airports,WICK JOHN O GROATS,926,926,0
2022-11-01,November 2022,Other UK Airports,ABERDEEN,170410,170410,0
2022-11-01,November 2022,Non UK Reporting Airports,ALDERNEY,3466,3466,0
2022-11-01,November 2022,Other UK Airports,BARRA,758,758,0
2022-11-01,November 2022,Other UK Airports,BELFAST CITY (GEORGE BEST),171154,171154,0
2022-11-01,November 2022,Other UK Airports,BELFAST INTERNATIONAL,301791,301791,0
2022-11-01,November 2022,Other UK Airports,BENBECULA,2579,2545,34
2022-11-01,November 2022,Other UK Airports,BIGGIN HILL,240,240,0
2022-11-01,November 2022,Other UK Airports,BIRMINGHAM,652130,651937,193
2022-11-01,November 2022,Other UK Airports,BLACKPOOL,1295,1295,0
2022-11-01,November 2022,Other UK Airports,BOURNEMOUTH,29313,29313,0
2022-11-01,November 2022,Other UK Airports,BRISTOL,455994,455818,176
2022-11-01,November 2022,Other UK Airports,CAMPBELTOWN,400,400,0
2022-11-01,November 2022,Other UK Airports,CARDIFF WALES,44111,44111,0
2022-11-01,November 2022,Other UK Airports,CITY OF DERRY (EGLINTON),11332,11332,0
2022-11-01,November 2022,Other UK Airports,DONCASTER SHEFFIELD,2247,2247,0
2022-11-01,November 2022,Other UK Airports,DUNDEE,3628,3490,138
2022-11-01,November 2022,Other UK Airports,EAST MIDLANDS INTERNATIONAL,145838,145838,0
2022-11-01,November 2022,Other UK Airports,EDINBURGH,849350,849203,147
2022-11-01,November 2022,Other UK Airports,EXETER,21876,21876,0
2022-11-01,November 2022,London Area Airports,GATWICK,2179976,2179605,371
2022-11-01,November 2022,Other UK Airports,GLASGOW,446067,446067,0
2022-11-01,November 2022,Non UK Reporting Airports,GUERNSEY,49833,49833,0
2022-11-01,November 2022,London Area Airports,HEATHROW,5563958,5558658,5300
2022-11-01,November 2022,Other UK Airports,HUMBERSIDE,7970,7970,0
2022-11-01,November 2022,Other UK Airports,INVERNESS,50884,50884,0
2022-11-01,November 2022,Other UK Airports,ISLAY,2217,2217,0
2022-11-01,November 2022,Non UK Reporting Airports,ISLE OF MAN,45096,45096,0
2022-11-01,November 2022,Other UK Airports,ISLES OF SCILLY (ST.MARYS),2896,2896,0
2022-11-01,November 2022,Non UK Reporting Airports,JERSEY,85442,85442,0
2022-11-01,November 2022,Other UK Airports,KIRKWALL,10452,9767,685
2022-11-01,November 2022,Other UK Airports,LANDS END (ST JUST),2751,2751,0
2022-11-01,November 2022,Other UK Airports,LEEDS BRADFORD,181705,181705,0
2022-11-01,November 2022,Other UK Airports,LERWICK (TINGWALL),54,54,0
2022-11-01,November 2022,Other UK Airports,LIVERPOOL (JOHN LENNON),236530,236530,0
2022-11-01,November 2022,London Area Airports,LONDON CITY,273520,273520,0
2022-11-01,November 2022,London Area Airports,LUTON,913292,913292,0
2022-11-01,November 2022,Other UK Airports,MANCHESTER,1629427,1627732,1695
2022-11-01,November 2022,Other UK Airports,NEWCASTLE,249263,249263,0
2022-11-01,November 2022,Other UK Airports,NEWQUAY,16125,16125,0
2022-11-01,November 2022,Other UK Airports,NORWICH,20680,20680,0
2022-11-01,November 2022,Other UK Airports,PRESTWICK,16537,16314,223
2022-11-01,November 2022,Other UK Airports,SOUTHAMPTON,54704,54704,0
2022-11-01,November 2022,London Area Airports,SOUTHEND,46,46,0
2022-11-01,November 2022,London Area Airports,STANSTED,1834694,1834694,0
2022-11-01,November 2022,Other UK Airports,STORNOWAY,9067,8955,112
2022-11-01,November 2022,Other UK Airports,SUMBURGH,20065,20031,34
2022-11-01,November 2022,Other UK Airports,TEESSIDE INTERNATIONAL AIRPORT,11241,11200,41
2022-11-01,November 2022,Other UK Airports,TIREE,590,588,2
2022-11-01,November 2022,Other UK Airports,WICK JOHN O GROATS,832,832,0
2022-12-01,December 2022,Other UK Airports,ABERDEEN,158127,158127,0
2022-12-01,December 2022,Non UK Reporting Airports,ALDERNEY,3412,3412,0
2022-12-01,December 2022,Other UK Airports,BARRA,691,691,0
2022-12-01,December 2022,Other UK Airports,BELFAST CITY (GEORGE BEST),165298,165298,0
2022-12-01,December 2022,Other UK Airports,BELFAST INTERNATIONAL,312912,312912,0
2022-12-01,December 2022,Other UK Airports,BENBECULA,2351,2351,0
2022-12-01,December 2022,Other UK Airports,BIGGIN HILL,271,271,0
2022-12-01,December 2022,Other UK Airports,BIRMINGHAM,698784,698742,42
2022-12-01,December 2022,Other UK Airports,BLACKPOOL,1132,1132,0
2022-12-01,December 2022,Other UK Airports,BOURNEMOUTH,37013,37013,0
2022-12-01,December 2022,Other UK Airports,BRISTOL,513877,513766,111
2022-12-01,December 2022,Other UK Airports,CAMPBELTOWN,361,343,18
2022-12-01,December 2022,Other UK Airports,CARDIFF WALES,38402,38171,231
2022-12-01,December 2022,Other UK Airports,CITY OF DERRY (EGLINTON),12896,12896,0
2022-12-01,December 2022,Other UK Airports,DONCASTER SHEFFIELD,0,0,0
2022-12-01,December 2022,Other UK Airports,DUNDEE,2961,2903,58
2022-12-01,December 2022,Other UK Airports,EAST MIDLANDS INTERNATIONAL,153922,153922,0
2022-12-01,December 2022,Other UK Airports,EDINBURGH,895789,895789,0
2022-12-01,December 2022,Other UK Airports,EXETER,23442,23442,0
2022-12-01,December 2022,London Area Airports,GATWICK,2593235,2592894,341
2022-12-01,December 2022,Other UK Airports,GLASGOW,427858,427344,514
2022-12-01,December 2022,Non UK Reporting Airports,GUERNSEY,50251,50251,0
2022-12-01,December 2022,London Area Airports,HEATHROW,5950200,5943354,6846
2022-12-01,December 2022,Other UK Airports,HUMBERSIDE,8960,8960,0
2022-12-01,December 2022,Other UK Airports,INVERNESS,49826,49826,0
2022-12-01,December 2022,Other UK Airports,ISLAY,1488,1470,18
2022-12-01,December 2022,Non UK Reporting Airports,ISLE OF MAN,49492,49492,0
2022-12-01,December 2022,Other UK Airports,ISLES OF SCILLY (ST.MARYS),2920,2920,0
2022-12-01,December 2022,Non UK Reporting Airports,JERSEY,92342,92342,0
2022-12-01,December 2022,Other UK Airports,KIRKWALL,9137,8581,556
2022-12-01,December 2022,Other UK Airports,LANDS END (ST JUST),2852,2852,0
2022-12-01,December 2022,Other UK Airports,LEEDS BRADFORD,188706,188537,169
2022-12-01,December 2022,Other UK Airports,LERWICK (TINGWALL),53,53,0
2022-12-01,December 2022,Other UK Airports,LIVERPOOL (JOHN LENNON),252884,252884,0
2022-12-01,December 2022,London Area Airports,LONDON CITY,251458,251458,0
2022-12-01,December 2022,London Area Airports,LUTON,1086141,1086141,0
2022-12-01,December 2022,Other UK Airports,MANCHESTER,1728481,1726394,2087
2022-12-01,December 2022,Other UK Airports,NEWCASTLE,252620,252559,61
2022-12-01,December 2022,Other UK Airports,NEWQUAY,16405,16405,0
2022-12-01,December 2022,Other UK Airports,NORWICH,20950,20950,0
2022-12-01,December 2022,Other UK Airports,PRESTWICK,16446,16085,361
2022-12-01,December 2022,Other UK Airports,SOUTHAMPTON,54120,54049,71
2022-12-01,December 2022,London Area Airports,STANSTED,1852146,1852146,0
2022-12-01,December 2022,Other UK Airports,STORNOWAY,7739,7658,81
2022-12-01,December 2022,Other UK Airports,SUMBURGH,16671,16617,54
2022-12-01,December 2022,Other UK Airports,TEESSIDE INTERNATIONAL AIRPORT,10992,10992,0
2022-12-01,December 2022,Other UK Airports,TIREE,598,588,10
2022-12-01,December 2022,Other UK Airports,WICK JOHN O GROATS,711,711,0
2023-01-01,January 2023,Other UK Airports,ABERDEEN,148392,148392,0
2023-01-01,January 2023,Non UK Reporting Airports,ALDERNEY,3043,3043,0
2023-01-01,January 2023,Other UK Airports,BARRA,593,593,0
2023-01-01,January 2023,Other UK Airports,BELFAST CITY (GEORGE BEST),143536,143536,0
2023-01-01,January 2023,Other UK Airports,BELFAST INTERNATIONAL,290880,290713,167
2023-01-01,January 2023,Other UK Airports,BENBECULA,2047,2019,28
2023-01-01,January 2023,Other UK Airports,BIGGIN HILL,476,476,0
2023-01-01,January 2023,Other UK Airports,BIRMINGHAM,638341,636962,1379
2023-01-01,January 2023,Other UK Airports,BLACKPOOL,1127,1127,0
2023-01-01,January 2023,Other UK Airports,BOURNEMOUTH,39415,39415,0
2023-01-01,January 2023,Other UK Airports,BRISTOL,467014,466740,274
2023-01-01,January 2023,Other UK Airports,CAMPBELTOWN,323,306,17
2023-01-01,January 2023,Other UK Airports,CARDIFF WALES,37377,37265,112
2023-01-01,January 2023,Other UK Airports,CITY OF DERRY (EGLINTON),10400,10400,0
2023-01-01,January 2023,Other UK Airports,DONCASTER SHEFFIELD,0,0,0
2023-01-01,January 2023,Other UK Airports,DUNDEE,2566,2456,110
2023-01-01,January 2023,Other UK Airports,EAST MIDLANDS INTERNATIONAL,137182,137182,0
2023-01-01,January 2023,Other UK Airports,EDINBURGH,823542,823542,0
2023-01-01,January 2023,Other UK Airports,EXETER,19736,19736,0
2023-01-01,January 2023,London Area Airports,GATWICK,2158602,2158265,337
2023-01-01,January 2023,Other UK Airports,GLASGOW,403866,403866,0
2023-01-01,January 2023,Non UK Reporting Airports,GUERNSEY,39072,39072,0
2023-01-01,January 2023,London Area Airports,HEATHROW,5488215,5481559,6656
2023-01-01,January 2023,Other UK Airports,HUMBERSIDE,7591,7591,0
2023-01-01,January 2023,Other UK Airports,INVERNESS,40730,40701,29
2023-01-01,January 2023,Other UK Airports,ISLAY,1325,1321,4
2023-01-01,January 2023,Non UK Reporting Airports,ISLE OF MAN,42868,42868,0
2023-01-01,January 2023,Other UK Airports,ISLES OF SCILLY (ST.MARYS),2510,2510,0
2023-01-01,January 2023,Non UK Reporting Airports,JERSEY,72820,72820,0
2023-01-01,January 2023,Other UK Airports,KIRKWALL,8796,7932,864
2023-01-01,January 2023,Other UK Airports,LANDS END (ST JUST),2196,2196,0
2023-01-01,January 2023,Other UK Airports,LEEDS BRADFORD,174167,174167,0
2023-01-01,January 2023,Other UK Airports,LERWICK (TINGWALL),73,73,0
2023-01-01,January 2023,Other UK Airports,LIVERPOOL (JOHN LENNON),239480,239480,0
2023-01-01,January 2023,London Area Airports,LONDON CITY,218265,218265,0
2023-01-01,January 2023,London Area Airports,LUTON,989393,989234,159
2023-01-01,January 2023,Other UK Airports,MANCHESTER,1633728,1632018,1710
2023-01-01,January 2023,Other UK Airports,NEWCASTLE,240146,240146,0
2023-01-01,January 2023,Other UK Airports,NEWQUAY,14764,14764,0
2023-01-01,January 2023,Other UK Airports,NORWICH,19114,19114,0
2023-01-01,January 2023,Other UK Airports,PRESTWICK,17156,17156,0
2023-01-01,January 2023,Other UK Airports,SOUTHAMPTON,46918,46906,12
2023-01-01,January 2023,London Area Airports,STANSTED,1821006,1821006,0
2023-01-01,January 2023,Other UK Airports,STORNOWAY,6800,6697,103
2023-01-01,January 2023,Other UK Airports,SUMBURGH,17183,17026,157
2023-01-01,January 2023,Other UK Airports,TEESSIDE INTERNATIONAL AIRPORT,10822,10730,92
2023-01-01,January 2023,Other UK Airports,TIREE,518,499,19
2023-01-01,January 2023,Other UK Airports,WICK JOHN O GROATS,628,628,0
2023-02-01,February 2023,Other UK Airports,ABERDEEN,150397,150397,0
2023-02-01,February 2023,Non UK Reporting Airports,ALDERNEY,2919,2919,0
2023-02-01,February 2023,Other UK Airports,BARRA,790,790,0
2023-02-01,February 2023,Other UK Airports,BELFAST CITY (GEORGE BEST),145217,145217,0
2023-02-01,February 2023,Other UK Airports,BELFAST INTERNATIONAL,333051,333051,0
2023-02-01,February 2023,Other UK Airports,BENBECULA,2179,2162,17
2023-02-01,February 2023,Other UK Airports,BIGGIN HILL,427,427,0
2023-02-01,February 2023,Other UK Airports,BIRMINGHAM,659385,659385,0
2023-02-01,February 2023,Other UK Airports,BLACKPOOL,968,968,0
2023-02-01,February 2023,Other UK Airports,BOURNEMOUTH,35980,35980,0
2023-02-01,February 2023,Other UK Airports,BRISTOL,552035,551797,238
2023-02-01,February 2023,Other UK Airports,CAMPBELTOWN,438,431,7
2023-02-01,February 2023,Other UK Airports,CARDIFF WALES,35765,35765,0
2023-02-01,February 2023,Other UK Airports,CITY OF DERRY (EGLINTON),11256,11256,0
2023-02-01,February 2023,Other UK Airports,DONCASTER SHEFFIELD,0,0,0
2023-02-01,February 2023,Other UK Airports,DUNDEE,2345,2248,97
2023-02-01,February 2023,Other UK Airports,EAST MIDLANDS INTERNATIONAL,137266,137266,0
2023-02-01,February 2023,Other UK Airports,EDINBURGH,835047,835047,0
2023-02-01,February 2023,Other UK Airports,EXETER,20830,20830,0
2023-02-01,February 2023,London Area Airports,GATWICK,2405123,2405015,108
2023-02-01,February 2023,Other UK Airports,GLASGOW,410440,410440,0
2023-02-01,February 2023,Non UK Reporting Airports,GUERNSEY,42945,42945,0
2023-02-01,February 2023,London Area Airports,HEATHROW,5200424,5194577,5847
2023-02-01,February 2023,Other UK Airports,HUMBERSIDE,7515,7515,0
2023-02-01,February 2023,Other UK Airports,INVERNESS,46874,46765,109
2023-02-01,February 2023,Other UK Airports,ISLAY,1683,1671,12
2023-02-01,February 2023,Non UK Reporting Airports,ISLE OF MAN,46477,46477,0
2023-02-01,February 2023,Other UK Airports,ISLES OF SCILLY (ST.MARYS),2396,2396,0
2023-02-01,February 2023,Non UK Reporting Airports,JERSEY,81313,81313,0
2023-02-01,February 2023,Other UK Airports,KIRKWALL,9105,8262,843
2023-02-01,February 2023,Other UK Airports,LANDS END (ST JUST),2388,2388,0
2023-02-01,February 2023,Other UK Airports,LEEDS BRADFORD,193486,193486,0
2023-02-01,February 2023,Other UK Airports,LERWICK (TINGWALL),121,121,0
2023-02-01,February 2023,Other UK Airports,LIVERPOOL (JOHN LENNON),255893,255893,0
2023-02-01,February 2023,London Area Airports,LONDON CITY,226255,226255,0
2023-02-01,February 2023,London Area Airports,LUTON,1069833,1069833,0
2023-02-01,February 2023,Other UK Airports,MANCHESTER,1663358,1662059,1299
2023-02-01,February 2023,Other UK Airports,NEWCASTLE,244258,244122,136
2023-02-01,February 2023,Other UK Airports,NEWQUAY,11078,11078,0
2023-02-01,February 2023,Other UK Airports,NORWICH,19578,19578,0
2023-02-01,February 2023,Other UK Airports,PRESTWICK,16680,16680,0
2023-02-01,February 2023,Other UK Airports,SOUTHAMPTON,50383,50383,0
2023-02-01,February 2023,London Area Airports,STANSTED,1711580,1711580,0
2023-02-01,February 2023,Other UK Airports,STORNOWAY,6876,6787,89
2023-02-01,February 2023,Other UK Airports,SUMBURGH,17009,16884,125
2023-02-01,February 2023,Other UK Airports,TEESSIDE INTERNATIONAL AIRPORT,10888,10887,1
2023-02-01,February 2023,Other UK Airports,TIREE,557,545,12
2023-02-01,February 2023,Other UK Airports,WICK JOHN O GROATS,668,668,0
2023-03-01,March 2023,Other UK Airports,ABERDEEN,173898,173898,0
2023-03-01,March 2023,Non UK Reporting Airports,ALDERNEY,3548,3548,0
2023-03-01,March 2023,Other UK Airports,BARRA,898,898,0
2023-03-01,March 2023,Other UK Airports,BELFAST CITY (GEORGE BEST),163251,163251,0
2023-03-01,March 2023,Other UK Airports,BELFAST INTERNATIONAL,392405,392405,0
2023-03-01,March 2023,Other UK Airports,BENBECULA,2493,2487,6
2023-03-01,March 2023,Other UK Airports,BIGGIN HILL,265,265,0
2023-03-01,March 2023,Other UK Airports,BIRMINGHAM,779097,779097,0
2023-03-01,March 2023,Other UK Airports,BLACKPOOL,1184,1184,0
2023-03-01,March 2023,Other UK Airports,BOURNEMOUTH,44161,44161,0
2023-03-01,March 2023,Other UK Airports,BRISTOL,648477,648346,131
2023-03-01,March 2023,Other UK Airports,CAMPBELTOWN,462,462,0
2023-03-01,March 2023,Other UK Airports,CARDIFF WALES,44798,44798,0
2023-03-01,March 2023,Other UK Airports,CITY OF DERRY (EGLINTON),11764,11764,0
2023-03-01,March 2023,Other UK Airports,DONCASTER SHEFFIELD,0,0,0
2023-03-01,March 2023,Other UK Airports,DUNDEE,2794,2653,141
2023-03-01,March 2023,Other UK Airports,EAST MIDLANDS INTERNATIONAL,183500,183500,0
2023-03-01,March 2023,Other UK Airports,EDINBURGH,1009599,1009433,166
2023-03-01,March 2023,Other UK Airports,EXETER,24749,24749,0
2023-03-01,March 2023,London Area Airports,GATWICK,2902591,2902321,270
2023-03-01,March 2023,Other UK Airports,GLASGOW,516429,516257,172
2023-03-01,March 2023,Non UK Reporting Airports,GUERNSEY,50603,50603,0
2023-03-01,March 2023,London Area Airports,HEATHROW,6234096,6229551,4545
2023-03-01,March 2023,Other UK Airports,HUMBERSIDE,8915,8915,0
2023-03-01,March 2023,Other UK Airports,INVERNESS,53838,53746,92
2023-03-01,March 2023,Other UK Airports,ISLAY,2333,2332,1
2023-03-01,March 2023,Non UK Reporting Airports,ISLE OF MAN,51471,51471,0
2023-03-01,March 2023,Other UK Airports,ISLES OF SCILLY (ST.MARYS),3237,3237,0
2023-03-01,March 2023,Non UK Reporting Airports,JERSEY,100464,100464,0
2023-03-01,March 2023,Other UK Airports,KIRKWALL,10460,10183,277
2023-03-01,March 2023,Other UK Airports,LANDS END (ST JUST),3086,3081,5
2023-03-01,March 2023,Other UK Airports,LEEDS BRADFORD,235958,235958,0
2023-03-01,March 2023,Other UK Airports,LERWICK (TINGWALL),174,174,0
2023-03-01,March 2023,Other UK Airports,LIVERPOOL (JOHN LENNON),287818,287818,0
2023-03-01,March 2023,London Area Airports,LONDON CITY,289335,289335,0
2023-03-01,March 2023,London Area Airports,LUTON,1245137,1244931,206
2023-03-01,March 2023,Other UK Airports,MANCHESTER,1914129,1912702,1427
2023-03-01,March 2023,Other UK Airports,NEWCASTLE,300969,300520,449
2023-03-01,March 2023,Other UK Airports,NEWQUAY,17537,17537,0
2023-03-01,March 2023,Other UK Airports,NORWICH,22063,22063,0
2023-03-01,March 2023,Other UK Airports,PRESTWICK,25280,25280,0
2023-03-01,March 2023,Other UK Airports,SOUTHAMPTON,60667,60636,31
2023-03-01,March 2023,London Area Airports,SOUTHEND,221,221,0
2023-03-01,March 2023,London Area Airports,STANSTED,1969449,1969449,0
2023-03-01,March 2023,Other UK Airports,STORNOWAY,8100,8062,38
2023-03-01,March 2023,Other UK Airports,SUMBURGH,20277,20277,0
2023-03-01,March 2023,Other UK Airports,TEESSIDE INTERNATIONAL AIRPORT,12944,12928,16
2023-03-01,March 2023,Other UK Airports,TIREE,742,732,10
2023-03-01,March 2023,Other UK Airports,WICK JOHN O GROATS,810,810,0
2023-04-01,April 2023,Other UK Airports,ABERDEEN,180809,180809,0
2023-04-01,April 2023,Non UK Reporting Airports,ALDERNEY,4282,4282,0
2023-04-01,April 2023,Other UK Airports,BARRA,1184,1184,0
2023-04-01,April 2023,Other UK Airports,BELFAST CITY (GEORGE BEST),170172,170172,0
2023-04-01,April 2023,Other UK Airports,BELFAST INTERNATIONAL,540744,540744,0
2023-04-01,April 2023,Other UK Airports,BENBECULA,2519,2483,36
2023-04-01,April 2023,Other UK Airports,BIGGIN HILL,209,209,0
2023-04-01,April 2023,Other UK Airports,BIRMINGHAM,858919,858919,0
2023-04-01,April 2023,Other UK Airports,BLACKPOOL,1042,1042,0
2023-04-01,April 2023,Other UK Airports,BOURNEMOUTH,64013,64013,0
2023-04-01,April 2023,Other UK Airports,BRISTOL,812327,812235,92
2023-04-01,April 2023,Other UK Airports,CAMPBELTOWN,517,517,0
2023-04-01,April 2023,Other UK Airports,CARDIFF WALES,54398,54398,0
2023-04-01,April 2023,Other UK Airports,CITY OF DERRY (EGLINTON),13443,13443,0
2023-04-01,April 2023,Other UK Airports,DONCASTER SHEFFIELD,0,0,0
2023-04-01,April 2023,Other UK Airports,DUNDEE,3398,2979,419
2023-04-01,April 2023,Other UK Airports,EAST MIDLANDS INTERNATIONAL,312723,312723,0
2023-04-01,April 2023,Other UK Airports,EDINBURGH,1198258,1198082,176
2023-04-01,April 2023,Other UK Airports,EXETER,32116,32116,0
2023-04-01,April 2023,London Area Airports,GATWICK,3297791,3297495,296
2023-04-01,April 2023,Other UK Airports,GLASGOW,590851,590378,473
2023-04-01,April 2023,Non UK Reporting Airports,GUERNSEY,57855,57798,57
2023-04-01,April 2023,London Area Airports,HEATHROW,6398870,6398870,0
2023-04-01,April 2023,Other UK Airports,HUMBERSIDE,9128,9128,0
2023-04-01,April 2023,Other UK Airports,INVERNESS,76009,75944,65
2023-04-01,April 2023,Other UK Airports,ISLAY,2491,2487,4
2023-04-01,April 2023,Non UK Reporting Airports,ISLE OF MAN,55312,55312,0
2023-04-01,April 2023,Other UK Airports,ISLES OF SCILLY (ST.MARYS),6059,6059,0
2023-04-01,April 2023,Non UK Reporting Airports,JERSEY,128377,128369,8
2023-04-01,April 2023,Other UK Airports,KIRKWALL,10531,10407,124
2023-04-01,April 2023,Other UK Airports,LANDS END (ST JUST),5055,5029,26
2023-04-01,April 2023,Other UK Airports,LEEDS BRADFORD,304588,304588,0
2023-04-01,April 2023,Other UK Airports,LERWICK (TINGWALL),232,232,0
2023-04-01,April 2023,Other UK Airports,LIVERPOOL (JOHN LENNON),373572,373386,186
2023-04-01,April 2023,London Area Airports,LONDON CITY,286692,286692,0
2023-04-01,April 2023,London Area Airports,LUTON,1402365,1402233,132
2023-04-01,April 2023,Other UK Airports,MANCHESTER,2177868,2176729,1139
2023-04-01,April 2023,Other UK Airports,NEWCASTLE,366331,366199,132
2023-04-01,April 2023,Other UK Airports,NEWQUAY,36676,36676,0
2023-04-01,April 2023,Other UK Airports,NORWICH,22910,22910,0
2023-04-01,April 2023,Other UK Airports,PRESTWICK,56820,56634,186
2023-04-01,April 2023,Other UK Airports,SOUTHAMPTON,61999,61971,28
2023-04-01,April 2023,London Area Airports,SOUTHEND,2860,2860,0
2023-04-01,April 2023,London Area Airports,STANSTED,2351488,2351488,0
2023-04-01,April 2023,Other UK Airports,STORNOWAY,7416,7416,0
2023-04-01,April 2023,Other UK Airports,SUMBURGH,20786,20786,0
2023-04-01,April 2023,Other UK Airports,TEESSIDE INTERNATIONAL AIRPORT,17988,17988,0
2023-04-01,April 2023,Other UK Airports,TIREE,1083,1075,8
2023-04-01,April 2023,Other UK Airports,WICK JOHN O GROATS,890,890,0
2023-05-01,May 2023,Other UK Airports,ABERDEEN,202154,202154,0
2023-05-01,May 2023,Non UK Reporting Airports,ALDERNEY,4668,4668,0
2023-05-01,May 2023,Other UK Airports,BARRA,1366,1366,0
2023-05-01,May 2023,Other UK Airports,BELFAST CITY (GEORGE BEST),166854,166854,0
2023-05-01,May 2023,Other UK Airports,BELFAST INTERNATIONAL,562200,562200,0
2023-05-01,May 2023,Other UK Airports,BENBECULA,2914,2898,16
2023-05-01,May 2023,Other UK Airports,BIGGIN HILL,850,850,0
2023-05-01,May 2023,Other UK Airports,BIRMINGHAM,1002343,1002343,0
2023-05-01,May 2023,Other UK Airports,BLACKPOOL,1245,1245,0
2023-05-01,May 2023,Other UK Airports,BOURNEMOUTH,101150,101150,0
2023-05-01,May 2023,Other UK Airports,BRISTOL,957782,957778,4
2023-05-01,May 2023,Other UK Airports,CAMPBELTOWN,745,741,4
2023-05-01,May 2023,Other UK Airports,CARDIFF WALES,78213,78213,0
2023-05-01,May 2023,Other UK Airports,CITY OF DERRY (EGLINTON),12896,12896,0
2023-05-01,May 2023,Other UK Airports,DONCASTER SHEFFIELD,0,0,0
2023-05-01,May 2023,Other UK Airports,DUNDEE,3570,3068,502
2023-05-01,May 2023,Other UK Airports,EAST MIDLANDS INTERNATIONAL,392481,392481,0
2023-05-01,May 2023,Other UK Airports,EDINBURGH,1289223,1289127,96
2023-05-01,May 2023,Other UK Airports,EXETER,43040,43040,0
2023-05-01,May 2023,London Area Airports,GATWICK,3677630,3677456,174
2023-05-01,May 2023,Other UK Airports,GLASGOW,728760,728587,173
2023-05-01,May 2023,Non UK Reporting Airports,GUERNSEY,61680,61549,131
2023-05-01,May 2023,London Area Airports,HEATHROW,6726921,6726921,0
2023-05-01,May 2023,Other UK Airports,HUMBERSIDE,12349,12349,0
2023-05-01,May 2023,Other UK Airports,INVERNESS,82344,82318,26
2023-05-01,May 2023,Other UK Airports,ISLAY,2983,2974,9
2023-05-01,May 2023,Non UK Reporting Airports,ISLE OF MAN,54156,54156,0
2023-05-01,May 2023,Other UK Airports,ISLES OF SCILLY (ST.MARYS),8871,8871,0
2023-05-01,May 2023,Non UK Reporting Airports,JERSEY,132217,132217,0
2023-05-01,May 2023,Other UK Airports,KIRKWALL,13984,13149,835
2023-05-01,May 2023,Other UK Airports,LANDS END (ST JUST),6713,6686,27
2023-05-01,May 2023,Other UK Airports,LEEDS BRADFORD,385372,385372,0
2023-05-01,May 2023,Other UK Airports,LERWICK (TINGWALL),313,313,0
2023-05-01,May 2023,Other UK Airports,LIVERPOOL (JOHN LENNON),380454,380454,0
2023-05-01,May 2023,London Area Airports,LONDON CITY,308845,308845,0
2023-05-01,May 2023,London Area Airports,LUTON,1536722,1536151,571
2023-05-01,May 2023,Other UK Airports,MANCHESTER,2505927,2503869,2058
2023-05-01,May 2023,Other UK Airports,NEWCASTLE,467480,467457,23
2023-05-01,May 2023,Other UK Airports,NEWQUAY,39946,39946,0
2023-05-01,May 2023,Other UK Airports,NORWICH,38104,38104,0
2023-05-01,May 2023,Other UK Airports,PRESTWICK,59235,59089,146
2023-05-01,May 2023,Other UK Airports,SOUTHAMPTON,63598,63534,64
2023-05-01,May 2023,London Area Airports,SOUTHEND,9603,9603,0
2023-05-01,May 2023,London Area Airports,STANSTED,2549334,2549159,175
2023-05-01,May 2023,Other UK Airports,STORNOWAY,9926,9849,77
2023-05-01,May 2023,Other UK Airports,SUMBURGH,23587,23528,59
2023-05-01,May 2023,Other UK Airports,TEESSIDE INTERNATIONAL AIRPORT,21494,21464,30
2023-05-01,May 2023,Other UK Airports,TIREE,1316,1297,19
2023-05-01,May 2023,Other UK Airports,WICK JOHN O GROATS,916,916,0
2023-06-01,June 2023,Other UK Airports,ABERDEEN,208531,208531,0
2023-06-01,June 2023,Non UK Reporting Airports,ALDERNEY,4328,4328,0
2023-06-01,June 2023,Other UK Airports,BARRA,1395,1395,0
2023-06-01,June 2023,Other UK Airports,BELFAST CITY (GEORGE BEST),178618,178618,0
2023-06-01,June 2023,Other UK Airports,BELFAST INTERNATIONAL,591027,591027,0
2023-06-01,June 2023,Other UK Airports,BENBECULA,2845,2845,0
2023-06-01,June 2023,Other UK Airports,BIGGIN HILL,592,592,0
2023-06-01,June 2023,Other UK Airports,BIRMINGHAM,1131416,1131069,347
2023-06-01,June 2023,Other UK Airports,BLACKPOOL,1415,1415,0
2023-06-01,June 2023,Other UK Airports,BOURNEMOUTH,114958,114958,0
2023-06-01,June 2023,Other UK Airports,BRISTOL,1028307,1028307,0
2023-06-01,June 2023,Other UK Airports,CAMPBELTOWN,715,714,1
2023-06-01,June 2023,Other UK Airports,CARDIFF WALES,102267,102267,0
2023-06-01,June 2023,Other UK Airports,CITY OF DERRY (EGLINTON),14138,14138,0
2023-06-01,June 2023,Other UK Airports,DONCASTER SHEFFIELD,0,0,0
2023-06-01,June 2023,Other UK Airports,DUNDEE,3840,3074,766
2023-06-01,June 2023,Other UK Airports,EAST MIDLANDS INTERNATIONAL,487747,487747,0
2023-06-01,June 2023,Other UK Airports,EDINBURGH,1398433,1398247,186
2023-06-01,June 2023,Other UK Airports,EXETER,51894,51894,0
2023-06-01,June 2023,London Area Airports,GATWICK,4052394,4051908,486
2023-06-01,June 2023,Other UK Airports,GLASGOW,763264,763264,0
2023-06-01,June 2023,Non UK Reporting Airports,GUERNSEY,66697,66509,188
2023-06-01,June 2023,London Area Airports,HEATHROW,7041003,7041003,0
2023-06-01,June 2023,Other UK Airports,HUMBERSIDE,14395,14395,0
2023-06-01,June 2023,Other UK Airports,INVERNESS,82594,82594,0
2023-06-01,June 2023,Other UK Airports,ISLAY,3025,3007,18
2023-06-01,June 2023,Non UK Reporting Airports,ISLE OF MAN,66050,66050,0
2023-06-01,June 2023,Other UK Airports,ISLES OF SCILLY (ST.MARYS),8453,8453,0
2023-06-01,June 2023,Non UK Reporting Airports,JERSEY,145542,145542,0
2023-06-01,June 2023,Other UK Airports,KIRKWALL,14503,13561,942
2023-06-01,June 2023,Other UK Airports,LANDS END (ST JUST),6464,6453,11
2023-06-01,June 2023,Other UK Airports,LEEDS BRADFORD,447022,447022,0
2023-06-01,June 2023,Other UK Airports,LERWICK (TINGWALL),446,446,0
2023-06-01,June 2023,Other UK Airports,LIVERPOOL (JOHN LENNON),399269,399089,180
2023-06-01,June 2023,London Area Airports,LONDON CITY,325284,325284,0
2023-06-01,June 2023,London Area Airports,LUTON,1549590,1548839,751
2023-06-01,June 2023,Other UK Airports,MANCHESTER,2789681,2787361,2320
2023-06-01,June 2023,Other UK Airports,NEWCASTLE,515135,515135,0
2023-06-01,June 2023,Other UK Airports,NEWQUAY,47396,47396,0
2023-06-01,June 2023,Other UK Airports,NORWICH,40130,40130,0
2023-06-01,June 2023,Other UK Airports,PRESTWICK,61812,61516,296
2023-06-01,June 2023,Other UK Airports,SOUTHAMPTON,68875,68875,0
2023-06-01,June 2023,London Area Airports,SOUTHEND,23794,23794,0
2023-06-01,June 2023,London Area Airports,STANSTED,2593216,2593216,0
2023-06-01,June 2023,Other UK Airports,STORNOWAY,9617,9521,96
2023-06-01,June 2023,Other UK Airports,SUMBURGH,24064,23964,100
2023-06-01,June 2023,Other UK Airports,TEESSIDE INTERNATIONAL AIRPORT,25939,25939,0
2023-06-01,June 2023,Other UK Airports,TIREE,1268,1258,10
2023-06-01,June 2023,Other UK Airports,WICK JOHN O GROATS,954,954,0
2023-07-01,July 2023,Other UK Airports,ABERDEEN,213863,213863,0
2023-07-01,July 2023,Non UK Reporting Airports,ALDERNEY,5397,5397,0
2023-07-01,July 2023,Other UK Airports,BARRA,1567,1567,0
2023-07-01,July 2023,Other UK Airports,BELFAST CITY (GEORGE BEST),197262,197262,0
2023-07-01,July 2023,Other UK Airports,BELFAST INTERNATIONAL,629618,629618,0
2023-07-01,July 2023,Other UK Airports,BENBECULA,2905,2905,0
2023-07-01,July 2023,Other UK Airports,BIGGIN HILL,1298,1298,0
2023-07-01,July 2023,Other UK Airports,BIRMINGHAM,1229335,1229335,0
2023-07-01,July 2023,Other UK Airports,BLACKPOOL,1482,1482,0
2023-07-01,July 2023,Other UK Airports,BOURNEMOUTH,122707,122707,0
2023-07-01,July 2023,Other UK Airports,BRISTOL,1081278,1081278,0
2023-07-01,July 2023,Other UK Airports,CAMPBELTOWN,830,830,0
2023-07-01,July 2023,Other UK Airports,CARDIFF WALES,106407,106407,0
2023-07-01,July 2023,Other UK Airports,CITY OF DERRY (EGLINTON),18743,18743,0
2023-07-01,July 2023,Other UK Airports,DONCASTER SHEFFIELD,0,0,0
2023-07-01,July 2023,Other UK Airports,DUNDEE,4230,3276,954
2023-07-01,July 2023,Other UK Airports,EAST MIDLANDS INTERNATIONAL,495809,495809,0
2023-07-01,July 2023,Other UK Airports,EDINBURGH,1528829,1528829,0
2023-07-01,July 2023,Other UK Airports,EXETER,53755,53755,0
2023-07-01,July 2023,London Area Airports,GATWICK,4467244,4466876,368
2023-07-01,July 2023,Other UK Airports,GLASGOW,765095,764104,991
2023-07-01,July 2023,Non UK Reporting Airports,GUERNSEY,72112,71914,198
2023-07-01,July 2023,London Area Airports,HEATHROW,7662071,7661331,740
2023-07-01,July 2023,Other UK Airports,HUMBERSIDE,14641,14641,0
2023-07-01,July 2023,Other UK Airports,INVERNESS,82990,82974,16
2023-07-01,July 2023,Other UK Airports,ISLAY,2579,2579,0
2023-07-01,July 2023,Non UK Reporting Airports,ISLE OF MAN,53443,53443,0
2023-07-01,July 2023,Other UK Airports,ISLES OF SCILLY (ST.MARYS),9652,9652,0
2023-07-01,July 2023,Non UK Reporting Airports,JERSEY,165972,165972,0
2023-07-01,July 2023,Other UK Airports,KIRKWALL,13516,12765,751
2023-07-01,July 2023,Other UK Airports,LANDS END (ST JUST),6497,6467,30
2023-07-01,July 2023,Other UK Airports,LEEDS BRADFORD,482773,482773,0
2023-07-01,July 2023,Other UK Airports,LERWICK (TINGWALL),356,356,0
2023-07-01,July 2023,Other UK Airports,LIVERPOOL (JOHN LENNON),426521,426521,0
2023-07-01,July 2023,London Area Airports,LONDON CITY,304757,304757,0
2023-07-01,July 2023,London Area Airports,LUTON,1643467,1642427,1040
2023-07-01,July 2023,Other UK Airports,MANCHESTER,2997751,2995630,2121
2023-07-01,July 2023,Other UK Airports,NEWCASTLE,546147,546147,0
2023-07-01,July 2023,Other UK Airports,NEWQUAY,57421,57421,0
2023-07-01,July 2023,Other UK Airports,NORWICH,40403,40403,0
2023-07-01,July 2023,Other UK Airports,PRESTWICK,65092,65092,0
2023-07-01,July 2023,Other UK Airports,SOUTHAMPTON,73962,73962,0
2023-07-01,July 2023,London Area Airports,SOUTHEND,17443,17443,0
2023-07-01,July 2023,London Area Airports,STANSTED,2802889,2802889,0
2023-07-01,July 2023,Other UK Airports,STORNOWAY,10337,10243,94
2023-07-01,July 2023,Other UK Airports,SUMBURGH,25600,25546,54
2023-07-01,July 2023,Other UK Airports,TEESSIDE INTERNATIONAL AIRPORT,25369,25369,0
2023-07-01,July 2023,Other UK Airports,TIREE,1472,1460,12
2023-07-01,July 2023,Other UK Airports,WICK JOHN O GROATS,922,922,0
2023-08-01,August 2023,Other UK Airports,ABERDEEN,212899,212899,0
2023-08-01,August 2023,Non UK Reporting Airports,ALDERNEY,5717,5717,0
2023-08-01,August 2023,Other UK Airports,BARRA,1584,1584,0
2023-08-01,August 2023,Other UK Airports,BELFAST CITY (GEORGE BEST),203706,203706,0
2023-08-01,August 2023,Other UK Airports,BELFAST INTERNATIONAL,633084,633084,0
2023-08-01,August 2023,Other UK Airports,BENBECULA,2976,2976,0
2023-08-01,August 2023,Other UK Airports,BIGGIN HILL,1012,1012,0
2023-08-01,August 2023,Other UK Airports,BIRMINGHAM,1307941,1307821,120
2023-08-01,August 2023,Other UK Airports,BLACKPOOL,1145,1145,0
2023-08-01,August 2023,Other UK Airports,BOURNEMOUTH,124761,124583,178
2023-08-01,August 2023,Other UK Airports,BRISTOL,1127752,1127752,0
2023-08-01,August 2023,Other UK Airports,CAMPBELTOWN,949,949,0
2023-08-01,August 2023,Other UK Airports,CARDIFF WALES,110950,110950,0
2023-08-01,August 2023,Other UK Airports,CITY OF DERRY (EGLINTON),17380,17380,0
2023-08-01,August 2023,Other UK Airports,DONCASTER SHEFFIELD,0,0,0
2023-08-01,August 2023,Other UK Airports,DUNDEE,3554,2803,751
2023-08-01,August 2023,Other UK Airports,EAST MIDLANDS INTERNATIONAL,528672,528672,0
2023-08-01,August 2023,Other UK Airports,EDINBURGH,1480878,1480561,317
2023-08-01,August 2023,Other UK Airports,EXETER,53422,53422,0
2023-08-01,August 2023,London Area Airports,GATWICK,4502986,4502675,311
2023-08-01,August 2023,Other UK Airports,GLASGOW,708820,708583,237
2023-08-01,August 2023,Non UK Reporting Airports,GUERNSEY,72942,72780,162
2023-08-01,August 2023,London Area Airports,HEATHROW,7554482,7553785,697
2023-08-01,August 2023,Other UK Airports,HUMBERSIDE,14824,14824,0
2023-08-01,August 2023,Other UK Airports,INVERNESS,80393,80292,101
2023-08-01,August 2023,Other UK Airports,ISLAY,3009,3001,8
2023-08-01,August 2023,Non UK Reporting Airports,ISLE OF MAN,55622,55622,0
2023-08-01,August 2023,Other UK Airports,ISLES OF SCILLY (ST.MARYS),8567,8567,0
2023-08-01,August 2023,Non UK Reporting Airports,JERSEY,171654,171654,0
2023-08-01,August 2023,Other UK Airports,KIRKWALL,14465,13507,958
2023-08-01,August 2023,Other UK Airports,LANDS END (ST JUST),5575,5554,21
2023-08-01,August 2023,Other UK Airports,LEEDS BRADFORD,506239,506239,0
2023-08-01,August 2023,Other UK Airports,LERWICK (TINGWALL),311,311,0
2023-08-01,August 2023,Other UK Airports,LIVERPOOL (JOHN LENNON),439584,439584,0
2023-08-01,August 2023,London Area Airports,LONDON CITY,303960,303960,0
2023-08-01,August 2023,London Area Airports,LUTON,1691587,1691067,520
2023-08-01,August 2023,Other UK Airports,MANCHESTER,3086665,3084865,1800
2023-08-01,August 2023,Other UK Airports,NEWCASTLE,559301,559301,0
2023-08-01,August 2023,Other UK Airports,NEWQUAY,57536,57536,0
2023-08-01,August 2023,Other UK Airports,NORWICH,41249,41249,0
2023-08-01,August 2023,Other UK Airports,OXFORD (KIDLINGTON),0,0,0
2023-08-01,August 2023,Other UK Airports,PRESTWICK,62947,62947,0
2023-08-01,August 2023,Other UK Airports,SOUTHAMPTON,75554,75436,118
2023-08-01,August 2023,London Area Airports,SOUTHEND,17557,17557,0
2023-08-01,August 2023,London Area Airports,STANSTED,2912864,2912864,0
2023-08-01,August 2023,Other UK Airports,STORNOWAY,9741,9697,44
2023-08-01,August 2023,Other UK Airports,SUMBURGH,25256,25215,41
2023-08-01,August 2023,Other UK Airports,TEESSIDE INTERNATIONAL AIRPORT,25901,25901,0
2023-08-01,August 2023,Other UK Airports,TIREE,1520,1505,15
2023-08-01,August 2023,Other UK Airports,WICK JOHN O GROATS,1161,1161,0
2023-09-01,September 2023,Other UK Airports,ABERDEEN,206027,206027,0
2023-09-01,September 2023,Non UK Reporting Airports,ALDERNEY,5158,5158,0
2023-09-01,September 2023,Other UK Airports,BARRA,1369,1369,0
2023-09-01,September 2023,Other UK Airports,BELFAST CITY (GEORGE BEST),184001,184001,0
2023-09-01,September 2023,Other UK Airports,BELFAST INTERNATIONAL,542297,542297,0
2023-09-01,September 2023,Other UK Airports,BENBECULA,2605,2605,0
2023-09-01,September 2023,Other UK Airports,BIGGIN HILL,457,457,0
2023-09-01,September 2023,Other UK Airports,BIRMINGHAM,1206555,1206555,0
2023-09-01,September 2023,Other UK Airports,BLACKPOOL,1115,1115,0
2023-09-01,September 2023,Other UK Airports,BOURNEMOUTH,117881,117881,0
2023-09-01,September 2023,Other UK Airports,BRISTOL,1053062,1053062,0
2023-09-01,September 2023,Other UK Airports,CAMPBELTOWN,630,630,0
2023-09-01,September 2023,Other UK Airports,CARDIFF WALES,108076,107217,859
2023-09-01,September 2023,Other UK Airports,CITY OF DERRY (EGLINTON),12204,12204,0
2023-09-01,September 2023,Other UK Airports,DONCASTER SHEFFIELD,0,0,0
2023-09-01,September 2023,Other UK Airports,DUNDEE,3565,2862,703
2023-09-01,September 2023,Other UK Airports,EAST MIDLANDS INTERNATIONAL,464168,464168,0
2023-09-01,September 2023,Other UK Airports,EDINBURGH,1387610,1387610,0
2023-09-01,September 2023,Other UK Airports,EXETER,49255,49255,0
2023-09-01,September 2023,London Area Airports,GATWICK,4078736,4078479,257
2023-09-01,September 2023,Other UK Airports,GLASGOW,728905,728270,635
2023-09-01,September 2023,Non UK Reporting Airports,GUERNSEY,66731,66690,41
2023-09-01,September 2023,London Area Airports,HEATHROW,7076251,7075332,919
2023-09-01,September 2023,Other UK Airports,HUMBERSIDE,14387,14387,0
2023-09-01,September 2023,Other UK Airports,INVERNESS,79179,78994,185
2023-09-01,September 2023,Other UK Airports,ISLAY,3085,3085,0
2023-09-01,September 2023,Non UK Reporting Airports,ISLE OF MAN,54348,54348,0
2023-09-01,September 2023,Other UK Airports,ISLES OF SCILLY (ST.MARYS),9442,9442,0
2023-09-01,September 2023,Non UK Reporting Airports,JERSEY,143066,143066,0
2023-09-01,September 2023,Other UK Airports,KIRKWALL,13807,12851,956
2023-09-01,September 2023,Other UK Airports,LANDS END (ST JUST),6711,6650,61
2023-09-01,September 2023,Other UK Airports,LEEDS BRADFORD,453227,453227,0
2023-09-01,September 2023,Other UK Airports,LERWICK (TINGWALL),303,303,0
2023-09-01,September 2023,Other UK Airports,LIVERPOOL (JOHN LENNON),395792,395611,181
2023-09-01,September 2023,London Area Airports,LONDON CITY,296126,296126,0
2023-09-01,September 2023,London Area Airports,LUTON,1531651,1531112,539
2023-09-01,September 2023,Other UK Airports,MANCHESTER,2831595,2830539,1056
2023-09-01,September 2023,Other UK Airports,NEWCASTLE,518141,517797,344
2023-09-01,September 2023,Other UK Airports,NEWQUAY,44479,44469,10
2023-09-01,September 2023,Other UK Airports,NORWICH,40374,40374,0
2023-09-01,September 2023,Other UK Airports,PRESTWICK,61052,60796,256
2023-09-01,September 2023,Other UK Airports,SOUTHAMPTON,70466,70466,0
2023-09-01,September 2023,London Area Airports,SOUTHEND,24250,24250,0
2023-09-01,September 2023,London Area Airports,STANSTED,2621650,2621650,0
2023-09-01,September 2023,Other UK Airports,STORNOWAY,9908,9798,110
2023-09-01,September 2023,Other UK Airports,SUMBURGH,22209,22209,0
2023-09-01,September 2023,Other UK Airports,TEESSIDE INTERNATIONAL AIRPORT,27323,27323,0
2023-09-01,September 2023,Other UK Airports,TIREE,1203,1188,15
2023-09-01,September 2023,Other UK Airports,WICK JOHN O GROATS,976,976,0
2023-10-01,October 2023,Other UK Airports,ABERDEEN,201899,201899,0
2023-10-01,October 2023,Non UK Reporting Airports,ALDERNEY,4371,4371,0
2023-10-01,October 2023,Other UK Airports,BARRA,956,956,0
2023-10-01,October 2023,Other UK Airports,BELFAST CITY (GEORGE BEST),184616,184616,0
2023-10-01,October 2023,Other UK Airports,BELFAST INTERNATIONAL,556692,556692,0
2023-10-01,October 2023,Other UK Airports,BENBECULA,2631,2631,0
2023-10-01,October 2023,Other UK Airports,BIGGIN HILL,385,385,0
2023-10-01,October 2023,Other UK Airports,BIRMINGHAM,1104492,1104308,184
2023-10-01,October 2023,Other UK Airports,BLACKPOOL,1412,1412,0
2023-10-01,October 2023,Other UK Airports,BOURNEMOUTH,98262,98262,0
2023-10-01,October 2023,Other UK Airports,BRISTOL,969450,969436,14
2023-10-01,October 2023,Other UK Airports,CAMPBELTOWN,656,651,5
2023-10-01,October 2023,Other UK Airports,CARDIFF WALES,74768,74417,351
2023-10-01,October 2023,Other UK Airports,CITY OF DERRY (EGLINTON),12623,12623,0
2023-10-01,October 2023,Other UK Airports,DONCASTER SHEFFIELD,0,0,0
2023-10-01,October 2023,Other UK Airports,DUNDEE,2883,2395,488
2023-10-01,October 2023,Other UK Airports,EAST MIDLANDS INTERNATIONAL,412871,412871,0
2023-10-01,October 2023,Other UK Airports,EDINBURGH,1388463,1388463,0
2023-10-01,October 2023,Other UK Airports,EXETER,40180,40180,0
2023-10-01,October 2023,London Area Airports,GATWICK,3720264,3720264,0
2023-10-01,October 2023,Other UK Airports,GLASGOW,723268,723268,0
2023-10-01,October 2023,Non UK Reporting Airports,GUERNSEY,62387,62387,0
2023-10-01,October 2023,London Area Airports,HEATHROW,6960495,6959659,836
2023-10-01,October 2023,Other UK Airports,HUMBERSIDE,12354,12354,0
2023-10-01,October 2023,Other UK Airports,INVERNESS,79255,79062,193
2023-10-01,October 2023,Other UK Airports,ISLAY,2946,2946,0
2023-10-01,October 2023,Non UK Reporting Airports,ISLE OF MAN,58662,58662,0
2023-10-01,October 2023,Other UK Airports,ISLES OF SCILLY (ST.MARYS),4608,4608,0
2023-10-01,October 2023,Non UK Reporting Airports,JERSEY,128480,128480,0
2023-10-01,October 2023,Other UK Airports,KIRKWALL,13041,12080,961
2023-10-01,October 2023,Other UK Airports,LANDS END (ST JUST),4247,4247,0
2023-10-01,October 2023,Other UK Airports,LEEDS BRADFORD,382494,382494,0
2023-10-01,October 2023,Other UK Airports,LERWICK (TINGWALL),309,309,0
2023-10-01,October 2023,Other UK Airports,LIVERPOOL (JOHN LENNON),386482,386482,0
2023-10-01,October 2023,London Area Airports,LONDON CITY,300889,300889,0
2023-10-01,October 2023,London Area Airports,LUTON,1433213,1433213,0
2023-10-01,October 2023,Other UK Airports,MANCHESTER,2626368,2625194,1174
2023-10-01,October 2023,Other UK Airports,NEWCASTLE,469174,469174,0
2023-10-01,October 2023,Other UK Airports,NEWQUAY,37338,37338,0
2023-10-01,October 2023,Other UK Airports,NORWICH,34535,34535,0
2023-10-01,October 2023,Other UK Airports,PRESTWICK,57393,57346,47
2023-10-01,October 2023,Other UK Airports,SOUTHAMPTON,65118,65118,0
2023-10-01,October 2023,London Area Airports,SOUTHEND,24880,24880,0
2023-10-01,October 2023,London Area Airports,STANSTED,2570210,2570210,0
2023-10-01,October 2023,Other UK Airports,STORNOWAY,10497,10374,123
2023-10-01,October 2023,Other UK Airports,SUMBURGH,24745,24745,0
2023-10-01,October 2023,Other UK Airports,TEESSIDE INTERNATIONAL AIRPORT,21949,21949,0
2023-10-01,October 2023,Other UK Airports,TIREE,925,904,21
2023-10-01,October 2023,Other UK Airports,WICK JOHN O GROATS,1000,1000,0
2023-11-01,November 2023,Other UK Airports,ABERDEEN,172545,172545,0
2023-11-01,November 2023,Non UK Reporting Airports,ALDERNEY,2929,2929,0
2023-11-01,November 2023,Other UK Airports,BARRA,604,604,0
2023-11-01,November 2023,Other UK Airports,BELFAST CITY (GEORGE BEST),187085,187085,0
2023-11-01,November 2023,Other UK Airports,BELFAST INTERNATIONAL,431856,431856,0
2023-11-01,November 2023,Other UK Airports,BENBECULA,2394,2394,0
2023-11-01,November 2023,Other UK Airports,BIGGIN HILL,207,207,0
2023-11-01,November 2023,Other UK Airports,BIRMINGHAM,765082,765082,0
2023-11-01,November 2023,Other UK Airports,BLACKPOOL,1169,1169,0
2023-11-01,November 2023,Other UK Airports,BOURNEMOUTH,38666,38666,0
2023-11-01,November 2023,Other UK Airports,BRISTOL,563339,563132,207
2023-11-01,November 2023,Other UK Airports,CAMPBELTOWN,563,559,4
2023-11-01,November 2023,Other UK Airports,CARDIFF WALES,43493,43493,0
2023-11-01,November 2023,Other UK Airports,CITY OF DERRY (EGLINTON),9436,9436,0
2023-11-01,November 2023,Other UK Airports,DONCASTER SHEFFIELD,0,0,0
2023-11-01,November 2023,Other UK Airports,DUNDEE,3047,2675,372
2023-11-01,November 2023,Other UK Airports,EAST MIDLANDS INTERNATIONAL,188735,188735,0
2023-11-01,November 2023,Other UK Airports,EDINBURGH,990227,990099,128
2023-11-01,November 2023,Other UK Airports,EXETER,21376,21376,0
2023-11-01,November 2023,London Area Airports,GATWICK,2537735,2537529,206
2023-11-01,November 2023,Other UK Airports,GLASGOW,505896,505896,0
2023-11-01,November 2023,Non UK Reporting Airports,GUERNSEY,48261,48261,0
2023-11-01,November 2023,London Area Airports,HEATHROW,6131574,6127210,4364
2023-11-01,November 2023,Other UK Airports,HUMBERSIDE,10076,10076,0
2023-11-01,November 2023,Other UK Airports,INVERNESS,49932,49852,80
2023-11-01,November 2023,Other UK Airports,ISLAY,2015,2015,0
2023-11-01,November 2023,Non UK Reporting Airports,ISLE OF MAN,48027,48027,0
2023-11-01,November 2023,Other UK Airports,ISLES OF SCILLY (ST.MARYS),3039,3039,0
2023-11-01,November 2023,Non UK Reporting Airports,JERSEY,91868,91866,2
2023-11-01,November 2023,Other UK Airports,KIRKWALL,11039,10230,809
2023-11-01,November 2023,Other UK Airports,LANDS END (ST JUST),3029,3029,0
2023-11-01,November 2023,Other UK Airports,LEEDS BRADFORD,219356,219356,0
2023-11-01,November 2023,Other UK Airports,LERWICK (TINGWALL),188,188,0
2023-11-01,November 2023,Other UK Airports,LIVERPOOL (JOHN LENNON),280639,280639,0
2023-11-01,November 2023,London Area Airports,LONDON CITY,289506,289506,0
2023-11-01,November 2023,London Area Airports,LUTON,1081825,1081825,0
2023-11-01,November 2023,Other UK Airports,MANCHESTER,1852505,1850893,1612
2023-11-01,November 2023,Other UK Airports,NEWCASTLE,299259,299259,0
2023-11-01,November 2023,Other UK Airports,NEWQUAY,23038,23038,0
2023-11-01,November 2023,Other UK Airports,NORWICH,19197,19197,0
2023-11-01,November 2023,Other UK Airports,OXFORD (KIDLINGTON),2,2,0
2023-11-01,November 2023,Other UK Airports,PRESTWICK,20664,20664,0
2023-11-01,November 2023,Other UK Airports,SOUTHAMPTON,56489,56489,0
2023-11-01,November 2023,London Area Airports,SOUTHEND,11256,11256,0
2023-11-01,November 2023,London Area Airports,STANSTED,1971055,1971055,0
2023-11-01,November 2023,Other UK Airports,STORNOWAY,9120,8981,139
2023-11-01,November 2023,Other UK Airports,SUMBURGH,20386,20382,4
2023-11-01,November 2023,Other UK Airports,TEESSIDE INTERNATIONAL AIRPORT,13680,13609,71
2023-11-01,November 2023,Other UK Airports,TIREE,719,676,43
2023-11-01,November 2023,Other UK Airports,WICK JOHN O GROATS,1007,1007,0
2023-12-01,December 2023,Other UK Airports,ABERDEEN,158504,158504,0
2023-12-01,December 2023,Non UK Reporting Airports,ALDERNEY,3186,3186,0
2023-12-01,December 2023,Other UK Airports,BARRA,543,543,0
2023-12-01,December 2023,Other UK Airports,BELFAST CITY (GEORGE BEST),190835,190835,0
2023-12-01,December 2023,Other UK Airports,BELFAST INTERNATIONAL,453201,453201,0
2023-12-01,December 2023,Other UK Airports,BENBECULA,2271,2255,16
2023-12-01,December 2023,Other UK Airports,BIGGIN HILL,317,317,0
2023-12-01,December 2023,Other UK Airports,BIRMINGHAM,798459,798459,0
2023-12-01,December 2023,Other UK Airports,BLACKPOOL,1061,1061,0
2023-12-01,December 2023,Other UK Airports,BOURNEMOUTH,48252,48252,0
2023-12-01,December 2023,Other UK Airports,BRISTOL,652188,652016,172
2023-12-01,December 2023,Other UK Airports,CAMPBELTOWN,292,292,0
2023-12-01,December 2023,Other UK Airports,CARDIFF WALES,42062,42062,0
2023-12-01,December 2023,Other UK Airports,CITY OF DERRY (EGLINTON),10203,10203,0
2023-12-01,December 2023,Other UK Airports,DUNDEE,2716,2373,343
2023-12-01,December 2023,Other UK Airports,EAST MIDLANDS INTERNATIONAL,191343,191343,0
2023-12-01,December 2023,Other UK Airports,EDINBURGH,1066685,1066423,262
2023-12-01,December 2023,Other UK Airports,EXETER,22761,22761,0
2023-12-01,December 2023,London Area Airports,GATWICK,3096560,3095959,601
2023-12-01,December 2023,Other UK Airports,GLASGOW,513234,513074,160
2023-12-01,December 2023,Non UK Reporting Airports,GUERNSEY,53673,53621,52
2023-12-01,December 2023,London Area Airports,HEATHROW,6706032,6699244,6788
2023-12-01,December 2023,Other UK Airports,HUMBERSIDE,10801,10801,0
2023-12-01,December 2023,Other UK Airports,INVERNESS,48200,48096,104
2023-12-01,December 2023,Other UK Airports,ISLAY,1508,1508,0
2023-12-01,December 2023,Non UK Reporting Airports,ISLE OF MAN,52183,52183,0
2023-12-01,December 2023,Other UK Airports,ISLES OF SCILLY (ST.MARYS),2570,2570,0
2023-12-01,December 2023,Non UK Reporting Airports,JERSEY,107047,107039,8
2023-12-01,December 2023,Other UK Airports,KIRKWALL,9846,9196,650
2023-12-01,December 2023,Other UK Airports,LANDS END (ST JUST),2556,2556,0
2023-12-01,December 2023,Other UK Airports,LEEDS BRADFORD,204723,204723,0
2023-12-01,December 2023,Other UK Airports,LERWICK (TINGWALL),87,87,0
2023-12-01,December 2023,Other UK Airports,LIVERPOOL (JOHN LENNON),328119,328119,0
2023-12-01,December 2023,London Area Airports,LONDON CITY,279770,279770,0
2023-12-01,December 2023,London Area Airports,LUTON,1229001,1229001,0
2023-12-01,December 2023,Other UK Airports,LYDD,7,7,0
2023-12-01,December 2023,Other UK Airports,MANCHESTER,2017208,2015800,1408
2023-12-01,December 2023,Other UK Airports,NEWCASTLE,293628,293628,0
2023-12-01,December 2023,Other UK Airports,NEWQUAY,21707,21707,0
2023-12-01,December 2023,Other UK Airports,NORWICH,20195,20195,0
2023-12-01,December 2023,Other UK Airports,PRESTWICK,20749,20749,0
2023-12-01,December 2023,Other UK Airports,SOUTHAMPTON,60902,60902,0
2023-12-01,December 2023,London Area Airports,SOUTHEND,14208,14208,0
2023-12-01,December 2023,London Area Airports,STANSTED,2077234,2077234,0
2023-12-01,December 2023,Other UK Airports,STORNOWAY,7899,7831,68
2023-12-01,December 2023,Other UK Airports,SUMBURGH,17966,17916,50
2023-12-01,December 2023,Other UK Airports,TEESSIDE INTERNATIONAL AIRPORT,12260,12239,21
2023-12-01,December 2023,Other UK Airports,TIREE,575,568,7
2023-12-01,December 2023,Other UK Airports,WICK JOHN O GROATS,787,787,0
2024-01-01,January 2024,Other UK Airports,ABERDEEN,147266,147266,0
2024-01-01,January 2024,Non UK Reporting Airports,ALDERNEY,2931,2931,0
2024-01-01,January 2024,Other UK Airports,BARRA,477,473,4
2024-01-01,January 2024,Other UK Airports,BELFAST CITY (GEORGE BEST),153226,153212,14
2024-01-01,January 2024,Other UK Airports,BELFAST INTERNATIONAL,364664,364664,0
2024-01-01,January 2024,Other UK Airports,BENBECULA,1522,1522,0
2024-01-01,January 2024,Other UK Airports,BIGGIN HILL,118,118,0
2024-01-01,January 2024,Other UK Airports,BIRMINGHAM,716326,716326,0
2024-01-01,January 2024,Other UK Airports,BLACKPOOL,1536,1536,0
2024-01-01,January 2024,Other UK Airports,BOURNEMOUTH,43720,43720,0
2024-01-01,January 2024,Other UK Airports,BRISTOL,519767,519362,405
2024-01-01,January 2024,Other UK Airports,CAMPBELTOWN,395,395,0
2024-01-01,January 2024,Other UK Airports,CARDIFF WALES,35347,35347,0
2024-01-01,January 2024,Other UK Airports,CITY OF DERRY (EGLINTON),8575,8575,0
2024-01-01,January 2024,Other UK Airports,DUNDEE,2075,1969,106
2024-01-01,January 2024,Other UK Airports,EAST MIDLANDS INTERNATIONAL,175712,175512,200
2024-01-01,January 2024,Other UK Airports,EDINBURGH,894763,894538,225
2024-01-01,January 2024,Other UK Airports,EXETER,20886,20886,0
2024-01-01,January 2024,Other UK Airports,FARNBOROUGH,2376,2376,0
2024-01-01,January 2024,London Area Airports,GATWICK,2370450,2370018,432
2024-01-01,January 2024,Other UK Airports,GLASGOW,432447,432447,0
2024-01-01,January 2024,Non UK Reporting Airports,GUERNSEY,40454,40454,0
2024-01-01,January 2024,London Area Airports,HEATHROW,6004576,5996142,8434
2024-01-01,January 2024,Other UK Airports,HUMBERSIDE,9577,9577,0
2024-01-01,January 2024,Other UK Airports,INVERNESS,37209,37183,26
2024-01-01,January 2024,Other UK Airports,ISLAY,1280,1280,0
2024-01-01,January 2024,Non UK Reporting Airports,ISLE OF MAN,37080,37080,0
2024-01-01,January 2024,Other UK Airports,ISLES OF SCILLY (ST.MARYS),2346,2346,0
2024-01-01,January 2024,Non UK Reporting Airports,JERSEY,76544,76544,0
2024-01-01,January 2024,Other UK Airports,KIRKWALL,7524,6979,545
2024-01-01,January 2024,Other UK Airports,LANDS END (ST JUST),2115,2115,0
2024-01-01,January 2024,Other UK Airports,LEEDS BRADFORD,183548,183548,0
2024-01-01,January 2024,Other UK Airports,LERWICK (TINGWALL),127,127,0
2024-01-01,January 2024,Other UK Airports,LIVERPOOL (JOHN LENNON),273739,273561,178
2024-01-01,January 2024,London Area Airports,LONDON CITY,215374,215374,0
2024-01-01,January 2024,London Area Airports,LUTON,1019360,1019360,0
2024-01-01,January 2024,Other UK Airports,MANCHESTER,1790158,1788581,1577
2024-01-01,January 2024,Other UK Airports,NEWCASTLE,263165,263042,123
2024-01-01,January 2024,Other UK Airports,NEWQUAY,18325,18325,0
2024-01-01,January 2024,Other UK Airports,NORWICH,15863,15863,0
2024-01-01,January 2024,Other UK Airports,PRESTWICK,20902,20902,0
2024-01-01,January 2024,Other UK Airports,SOUTHAMPTON,50441,50441,0
2024-01-01,January 2024,London Area Airports,SOUTHEND,11302,11302,0
2024-01-01,January 2024,London Area Airports,STANSTED,1946934,1946934,0
2024-01-01,January 2024,Other UK Airports,STORNOWAY,5840,5785,55
2024-01-01,January 2024,Other UK Airports,SUMBURGH,15147,15011,136
2024-01-01,January 2024,Other UK Airports,TEESSIDE INTERNATIONAL AIRPORT,12026,12015,11
2024-01-01,January 2024,Other UK Airports,TIREE,417,399,18
2024-01-01,January 2024,Other UK Airports,WICK JOHN O GROATS,706,706,0
2024-02-01,February 2024,Other UK Airports,ABERDEEN,156482,156482,0
2024-02-01,February 2024,Non UK Reporting Airports,ALDERNEY,2756,2756,0
2024-02-01,February 2024,Other UK Airports,BARRA,686,683,3
2024-02-01,February 2024,Other UK Airports,BELFAST CITY (GEORGE BEST),177630,177630,0
2024-02-01,February 2024,Other UK Airports,BELFAST INTERNATIONAL,451515,451515,0
2024-02-01,February 2024,Other UK Airports,BENBECULA,2093,2093,0
2024-02-01,February 2024,Other UK Airports,BIGGIN HILL,249,249,0
2024-02-01,February 2024,Other UK Airports,BIRMINGHAM,772060,772060,0
2024-02-01,February 2024,Other UK Airports,BLACKPOOL,1374,1374,0
2024-02-01,February 2024,Other UK Airports,BOURNEMOUTH,45130,45130,0
2024-02-01,February 2024,Other UK Airports,BRISTOL,606785,606569,216
2024-02-01,February 2024,Other UK Airports,CAMPBELTOWN,465,444,21
2024-02-01,February 2024,Other UK Airports,CARDIFF WALES,41466,41466,0
2024-02-01,February 2024,Other UK Airports,CITY OF DERRY (EGLINTON),9192,9192,0
2024-02-01,February 2024,Other UK Airports,DUNDEE,2115,2115,0
2024-02-01,February 2024,Other UK Airports,EAST MIDLANDS INTERNATIONAL,183232,183232,0
2024-02-01,February 2024,Other UK Airports,EDINBURGH,948005,948005,0
2024-02-01,February 2024,Other UK Airports,EXETER,21700,21700,0
2024-02-01,February 2024,Other UK Airports,FARNBOROUGH,2623,2623,0
2024-02-01,February 2024,London Area Airports,GATWICK,2772374,2771652,722
2024-02-01,February 2024,Other UK Airports,GLASGOW,475854,475271,583
2024-02-01,February 2024,Non UK Reporting Airports,GUERNSEY,43173,43173,0
2024-02-01,February 2024,London Area Airports,HEATHROW,5801997,5795633,6364
2024-02-01,February 2024,Other UK Airports,HUMBERSIDE,10150,10150,0
2024-02-01,February 2024,Other UK Airports,INVERNESS,43964,43956,8
2024-02-01,February 2024,Other UK Airports,ISLAY,1736,1736,0
2024-02-01,February 2024,Non UK Reporting Airports,ISLE OF MAN,45372,45372,0
2024-02-01,February 2024,Other UK Airports,ISLES OF SCILLY (ST.MARYS),2554,2554,0
2024-02-01,February 2024,Non UK Reporting Airports,JERSEY,87380,87380,0
2024-02-01,February 2024,Other UK Airports,KIRKWALL,10662,8817,1845
2024-02-01,February 2024,Other UK Airports,LANDS END (ST JUST),2242,2242,0
2024-02-01,February 2024,Other UK Airports,LEEDS BRADFORD,207557,207557,0
2024-02-01,February 2024,Other UK Airports,LERWICK (TINGWALL),153,153,0
2024-02-01,February 2024,Other UK Airports,LIVERPOOL (JOHN LENNON),299183,299183,0
2024-02-01,February 2024,London Area Airports,LONDON CITY,251844,251844,0
2024-02-01,February 2024,London Area Airports,LUTON,1136905,1136815,90
2024-02-01,February 2024,Other UK Airports,MANCHESTER,1899430,1898148,1282
2024-02-01,February 2024,Other UK Airports,NEWCASTLE,276472,276379,93
2024-02-01,February 2024,Other UK Airports,NEWQUAY,22947,22947,0
2024-02-01,February 2024,Other UK Airports,NORWICH,18379,18379,0
2024-02-01,February 2024,Other UK Airports,PRESTWICK,18110,18110,0
2024-02-01,February 2024,Other UK Airports,SOUTHAMPTON,58553,58482,71
2024-02-01,February 2024,London Area Airports,SOUTHEND,15457,15457,0
2024-02-01,February 2024,London Area Airports,STANSTED,1919756,1919756,0
2024-02-01,February 2024,Other UK Airports,STORNOWAY,7150,7083,67
2024-02-01,February 2024,Other UK Airports,SUMBURGH,21985,21415,570
2024-02-01,February 2024,Other UK Airports,TEESSIDE INTERNATIONAL AIRPORT,13171,13171,0
2024-02-01,February 2024,Other UK Airports,TIREE,679,637,42
2024-02-01,February 2024,Other UK Airports,WICK JOHN O GROATS,843,843,0
2024-03-01,March 2024,Other UK Airports,ABERDEEN,174666,174666,0
2024-03-01,March 2024,Non UK Reporting Airports,ALDERNEY,3761,3761,0
2024-03-01,March 2024,Other UK Airports,BARRA,789,789,0
2024-03-01,March 2024,Other UK Airports,BELFAST CITY (GEORGE BEST),205287,205287,0
2024-03-01,March 2024,Other UK Airports,BELFAST INTERNATIONAL,509163,509163,0
2024-03-01,March 2024,Other UK Airports,BENBECULA,1991,1991,0
2024-03-01,March 2024,Other UK Airports,BIGGIN HILL,190,190,0
2024-03-01,March 2024,Other UK Airports,BIRMINGHAM,912547,912192,355
2024-03-01,March 2024,Other UK Airports,BLACKPOOL,1520,1520,0
2024-03-01,March 2024,Other UK Airports,BOURNEMOUTH,53830,53830,0
2024-03-01,March 2024,Other UK Airports,BRISTOL,738356,738165,191
2024-03-01,March 2024,Other UK Airports,CAMPBELTOWN,563,563,0
2024-03-01,March 2024,Other UK Airports,CARDIFF WALES,58172,58172,0
2024-03-01,March 2024,Other UK Airports,CITY OF DERRY (EGLINTON),10604,10604,0
2024-03-01,March 2024,Other UK Airports,DUNDEE,2718,2282,436
2024-03-01,March 2024,Other UK Airports,EAST MIDLANDS INTERNATIONAL,240182,240182,0
2024-03-01,March 2024,Other UK Airports,EDINBURGH,1118057,1117970,87
2024-03-01,March 2024,Other UK Airports,EXETER,24385,24385,0
2024-03-01,March 2024,Other UK Airports,FARNBOROUGH,0,0,0
2024-03-01,March 2024,London Area Airports,GATWICK,3191689,3191365,324
2024-03-01,March 2024,Other UK Airports,GLASGOW,568517,568517,0
2024-03-01,March 2024,Non UK Reporting Airports,GUERNSEY,53807,53807,0
2024-03-01,March 2024,London Area Airports,HEATHROW,6726250,6725714,536
2024-03-01,March 2024,Other UK Airports,HUMBERSIDE,11554,11554,0
2024-03-01,March 2024,Other UK Airports,INVERNESS,51219,51198,21
2024-03-01,March 2024,Other UK Airports,ISLAY,2591,2591,0
2024-03-01,March 2024,Non UK Reporting Airports,ISLE OF MAN,51761,51761,0
2024-03-01,March 2024,Other UK Airports,ISLES OF SCILLY (ST.MARYS),3504,3504,0
2024-03-01,March 2024,Non UK Reporting Airports,JERSEY,106622,106622,0
2024-03-01,March 2024,Other UK Airports,KIRKWALL,12233,10274,1959
2024-03-01,March 2024,Other UK Airports,LANDS END (ST JUST),3031,3016,15
2024-03-01,March 2024,Other UK Airports,LEEDS BRADFORD,265727,265580,147
2024-03-01,March 2024,Other UK Airports,LERWICK (TINGWALL),220,220,0
2024-03-01,March 2024,Other UK Airports,LIVERPOOL (JOHN LENNON),341875,341875,0
2024-03-01,March 2024,London Area Airports,LONDON CITY,287650,287650,0
2024-03-01,March 2024,London Area Airports,LUTON,1255771,1255771,0
2024-03-01,March 2024,Other UK Airports,MANCHESTER,2150162,2148774,1388
2024-03-01,March 2024,Other UK Airports,NEWCASTLE,339130,338888,242
2024-03-01,March 2024,Other UK Airports,NEWQUAY,29807,29807,0
2024-03-01,March 2024,Other UK Airports,NORWICH,19473,19473,0
2024-03-01,March 2024,Other UK Airports,PRESTWICK,28114,28114,0
2024-03-01,March 2024,Other UK Airports,SOUTHAMPTON,67160,67160,0
2024-03-01,March 2024,London Area Airports,SOUTHEND,15078,15078,0
2024-03-01,March 2024,London Area Airports,STANSTED,2185239,2185239,0
2024-03-01,March 2024,Other UK Airports,STORNOWAY,8262,8203,59
2024-03-01,March 2024,Other UK Airports,SUMBURGH,22967,22453,514
2024-03-01,March 2024,Other UK Airports,TEESSIDE INTERNATIONAL AIRPORT,14396,14396,0
2024-03-01,March 2024,Other UK Airports,TIREE,718,706,12
2024-03-01,March 2024,Other UK Airports,WICK JOHN O GROATS,994,994,0
2024-04-01,April 2024,Other UK Airports,ABERDEEN,189148,189148,0
2024-04-01,April 2024,Non UK Reporting Airports,ALDERNEY,4099,4099,0
2024-04-01,April 2024,Other UK Airports,BARRA,856,856,0
2024-04-01,April 2024,Other UK Airports,BELFAST CITY (GEORGE BEST),193160,193160,0
2024-04-01,April 2024,Other UK Airports,BELFAST INTERNATIONAL,555835,555835,0
2024-04-01,April 2024,Other UK Airports,BENBECULA,2018,1995,23
2024-04-01,April 2024,Other UK Airports,BIGGIN HILL,339,339,0
2024-04-01,April 2024,Other UK Airports,BIRMINGHAM,989116,989116,0
2024-04-01,April 2024,Other UK Airports,BLACKPOOL,1379,1379,0
2024-04-01,April 2024,Other UK Airports,BOURNEMOUTH,86068,86068,0
2024-04-01,April 2024,Other UK Airports,BRISTOL,869074,868895,179
2024-04-01,April 2024,Other UK Airports,CAMPBELTOWN,585,585,0
2024-04-01,April 2024,Other UK Airports,CARDIFF WALES,52353,52353,0
2024-04-01,April 2024,Other UK Airports,CITY OF DERRY (EGLINTON),14662,14662,0
2024-04-01,April 2024,Other UK Airports,DUNDEE,3123,2395,728
2024-04-01,April 2024,Other UK Airports,EAST MIDLANDS INTERNATIONAL,328703,328703,0
2024-04-01,April 2024,Other UK Airports,EDINBURGH,1283382,1283382,0
2024-04-01,April 2024,Other UK Airports,EXETER,34200,34200,0
2024-04-01,April 2024,Other UK Airports,FARNBOROUGH,2575,2575,0
2024-04-01,April 2024,London Area Airports,GATWICK,3467333,3466713,620
2024-04-01,April 2024,Other UK Airports,GLASGOW,637960,637314,646
2024-04-01,April 2024,Non UK Reporting Airports,GUERNSEY,55805,55786,19
2024-04-01,April 2024,London Area Airports,HEATHROW,6705732,6705450,282
2024-04-01,April 2024,Other UK Airports,HUMBERSIDE,10701,10701,0
2024-04-01,April 2024,Other UK Airports,INVERNESS,74380,74325,55
2024-04-01,April 2024,Other UK Airports,ISLAY,2873,2873,0
2024-04-01,April 2024,Non UK Reporting Airports,ISLE OF MAN,49401,49401,0
2024-04-01,April 2024,Other UK Airports,ISLES OF SCILLY (ST.MARYS),5075,5075,0
2024-04-01,April 2024,Non UK Reporting Airports,JERSEY,118664,118664,0
2024-04-01,April 2024,Other UK Airports,KIRKWALL,12661,10531,2130
2024-04-01,April 2024,Other UK Airports,LANDS END (ST JUST),4206,4185,21
2024-04-01,April 2024,Other UK Airports,LEEDS BRADFORD,312032,311948,84
2024-04-01,April 2024,Other UK Airports,LERWICK (TINGWALL),217,217,0
2024-04-01,April 2024,Other UK Airports,LIVERPOOL (JOHN LENNON),430200,430200,0
2024-04-01,April 2024,London Area Airports,LONDON CITY,290967,290967,0
2024-04-01,April 2024,London Area Airports,LUTON,1440344,1439848,496
2024-04-01,April 2024,Other UK Airports,MANCHESTER,2414033,2411741,2292
2024-04-01,April 2024,Other UK Airports,NEWCASTLE,388922,388706,216
2024-04-01,April 2024,Other UK Airports,NEWQUAY,32478,32478,0
2024-04-01,April 2024,Other UK Airports,NORWICH,29471,29471,0
2024-04-01,April 2024,Other UK Airports,PRESTWICK,53446,53342,104
2024-04-01,April 2024,Other UK Airports,SOUTHAMPTON,64734,64684,50
2024-04-01,April 2024,London Area Airports,SOUTHEND,15971,15971,0
2024-04-01,April 2024,London Area Airports,STANSTED,2479728,2479724,4
2024-04-01,April 2024,Other UK Airports,STORNOWAY,8054,8054,0
2024-04-01,April 2024,Other UK Airports,SUMBURGH,24463,23759,704
2024-04-01,April 2024,Other UK Airports,TEESSIDE INTERNATIONAL AIRPORT,17684,17684,0
2024-04-01,April 2024,Other UK Airports,TIREE,659,656,3
2024-04-01,April 2024,Other UK Airports,WICK JOHN O GROATS,887,887,0
2024-05-01,May 2024,Other UK Airports,ABERDEEN,203708,203708,0
2024-05-01,May 2024,Non UK Reporting Airports,ALDERNEY,4560,4560,0
2024-05-01,May 2024,Other UK Airports,BARRA,1186,1186,0
2024-05-01,May 2024,Other UK Airports,BELFAST CITY (GEORGE BEST),210261,210261,0
2024-05-01,May 2024,Other UK Airports,BELFAST INTERNATIONAL,631539,631539,0
2024-05-01,May 2024,Other UK Airports,BENBECULA,2316,2316,0
2024-05-01,May 2024,Other UK Airports,BIGGIN HILL,1300,1300,0
2024-05-01,May 2024,Other UK Airports,BIRMINGHAM,1176265,1176265,0
2024-05-01,May 2024,Other UK Airports,BLACKPOOL,1402,1402,0
2024-05-01,May 2024,Other UK Airports,BOURNEMOUTH,113343,113343,0
2024-05-01,May 2024,Other UK Airports,BRISTOL,1044874,1044847,27
2024-05-01,May 2024,Other UK Airports,CAMPBELTOWN,843,843,0
2024-05-01,May 2024,Other UK Airports,CARDIFF WALES,84741,84741,0
2024-05-01,May 2024,Other UK Airports,CITY OF DERRY (EGLINTON),15402,15402,0
2024-05-01,May 2024,Other UK Airports,DUNDEE,3484,2694,790
2024-05-01,May 2024,Other UK Airports,EAST MIDLANDS INTERNATIONAL,434909,434909,0
2024-05-01,May 2024,Other UK Airports,EDINBURGH,1494105,1494105,0
2024-05-01,May 2024,Other UK Airports,EXETER,47461,47461,0
2024-05-01,May 2024,Other UK Airports,FARNBOROUGH,3380,3380,0
2024-05-01,May 2024,London Area Airports,GATWICK,3904579,3903979,600
2024-05-01,May 2024,Other UK Airports,GLASGOW,796343,795852,491
2024-05-01,May 2024,Non UK Reporting Airports,GUERNSEY,64362,64135,227
2024-05-01,May 2024,London Area Airports,HEATHROW,7175463,7175463,0
2024-05-01,May 2024,Other UK Airports,HUMBERSIDE,12837,12837,0
2024-05-01,May 2024,Other UK Airports,INVERNESS,81413,81359,54
2024-05-01,May 2024,Other UK Airports,ISLAY,3379,3379,0
2024-05-01,May 2024,Non UK Reporting Airports,ISLE OF MAN,60664,60664,0
2024-05-01,May 2024,Other UK Airports,ISLES OF SCILLY (ST.MARYS),9525,9525,0
2024-05-01,May 2024,Non UK Reporting Airports,JERSEY,139208,139191,17
2024-05-01,May 2024,Other UK Airports,KIRKWALL,13585,12577,1008
2024-05-01,May 2024,Other UK Airports,LANDS END (ST JUST),6474,6474,0
2024-05-01,May 2024,Other UK Airports,LEEDS BRADFORD,414449,414449,0
2024-05-01,May 2024,Other UK Airports,LERWICK (TINGWALL),360,360,0
2024-05-01,May 2024,Other UK Airports,LIVERPOOL (JOHN LENNON),511005,511005,0
2024-05-01,May 2024,London Area Airports,LONDON CITY,319262,319262,0
2024-05-01,May 2024,London Area Airports,LUTON,1573903,1573903,0
2024-05-01,May 2024,Other UK Airports,MANCHESTER,2784046,2779904,4142
2024-05-01,May 2024,Other UK Airports,NEWCASTLE,497759,497759,0
2024-05-01,May 2024,Other UK Airports,NEWQUAY,38882,38882,0
2024-05-01,May 2024,Other UK Airports,NORWICH,44346,44346,0
2024-05-01,May 2024,Other UK Airports,PRESTWICK,57358,57358,0
2024-05-01,May 2024,Other UK Airports,SOUTHAMPTON,76752,76752,0
2024-05-01,May 2024,London Area Airports,SOUTHEND,27579,27579,0
2024-05-01,May 2024,London Area Airports,STANSTED,2711601,2711601,0
2024-05-01,May 2024,Other UK Airports,STORNOWAY,9128,9128,0
2024-05-01,May 2024,Other UK Airports,SUMBURGH,26220,26165,55
2024-05-01,May 2024,Other UK Airports,TEESSIDE INTERNATIONAL AIRPORT,20994,20994,0
2024-05-01,May 2024,Other UK Airports,TIREE,1165,1143,22
2024-05-01,May 2024,Other UK Airports,WICK JOHN O GROATS,845,845,0
2024-06-01,June 2024,Other UK Airports,ABERDEEN,211464,211464,0
2024-06-01,June 2024,Non UK Reporting Airports,ALDERNEY,4638,4638,0
2024-06-01,June 2024,Other UK Airports,BARRA,1209,1209,0
2024-06-01,June 2024,Other UK Airports,BELFAST CITY (GEORGE BEST),211831,211831,0
2024-06-01,June 2024,Other UK Airports,BELFAST INTERNATIONAL,625270,625270,0
2024-06-01,June 2024,Other UK Airports,BENBECULA,2345,2345,0
2024-06-01,June 2024,Other UK Airports,BIGGIN HILL,1217,1217,0
2024-06-01,June 2024,Other UK Airports,BIRMINGHAM,1264664,1264500,164
2024-06-01,June 2024,Other UK Airports,BLACKPOOL,1369,1369,0
2024-06-01,June 2024,Other UK Airports,BOURNEMOUTH,132742,132742,0
2024-06-01,June 2024,Other UK Airports,BRISTOL,1115246,1115246,0
2024-06-01,June 2024,Other UK Airports,CAMPBELTOWN,723,723,0
2024-06-01,June 2024,Other UK Airports,CARDIFF WALES,112098,111569,529
2024-06-01,June 2024,Other UK Airports,CITY OF DERRY (EGLINTON),15625,15625,0
2024-06-01,June 2024,Other UK Airports,DUNDEE,3536,2865,671
2024-06-01,June 2024,Other UK Airports,EAST MIDLANDS INTERNATIONAL,502067,502067,0
2024-06-01,June 2024,Other UK Airports,EDINBURGH,1560119,1560119,0
2024-06-01,June 2024,Other UK Airports,EXETER,51608,51608,0
2024-06-01,June 2024,Other UK Airports,FARNBOROUGH,4353,4353,0
2024-06-01,June 2024,London Area Airports,GATWICK,4213955,4212315,1640
2024-06-01,June 2024,Other UK Airports,GLASGOW,830479,830479,0
2024-06-01,June 2024,Non UK Reporting Airports,GUERNSEY,64717,64552,165
2024-06-01,June 2024,London Area Airports,HEATHROW,7433044,7432458,586
2024-06-01,June 2024,Other UK Airports,HUMBERSIDE,15330,15330,0
2024-06-01,June 2024,Other UK Airports,INVERNESS,81332,81261,71
2024-06-01,June 2024,Other UK Airports,ISLAY,3082,3082,0
2024-06-01,June 2024,Non UK Reporting Airports,ISLE OF MAN,68716,68716,0
2024-06-01,June 2024,Other UK Airports,ISLES OF SCILLY (ST.MARYS),9301,9301,0
2024-06-01,June 2024,Non UK Reporting Airports,JERSEY,144309,144280,29
2024-06-01,June 2024,Other UK Airports,KIRKWALL,14095,13059,1036
2024-06-01,June 2024,Other UK Airports,LANDS END (ST JUST),6221,6219,2
2024-06-01,June 2024,Other UK Airports,LEEDS BRADFORD,488265,488265,0
2024-06-01,June 2024,Other UK Airports,LERWICK (TINGWALL),283,283,0
2024-06-01,June 2024,Other UK Airports,LIVERPOOL (JOHN LENNON),507191,507191,0
2024-06-01,June 2024,London Area Airports,LONDON CITY,320394,320394,0
2024-06-01,June 2024,London Area Airports,LUTON,1609854,1608637,1217
2024-06-01,June 2024,Other UK Airports,MANCHESTER,2980106,2975746,4360
2024-06-01,June 2024,Other UK Airports,NEWCASTLE,544111,544111,0
2024-06-01,June 2024,Other UK Airports,NEWQUAY,46705,46705,0
2024-06-01,June 2024,Other UK Airports,NORWICH,46956,46956,0
2024-06-01,June 2024,Other UK Airports,PRESTWICK,60185,60019,166
2024-06-01,June 2024,Other UK Airports,SOUTHAMPTON,81562,81562,0
2024-06-01,June 2024,London Area Airports,SOUTHEND,37450,37450,0
2024-06-01,June 2024,London Area Airports,STANSTED,2807915,2807915,0
2024-06-01,June 2024,Other UK Airports,STORNOWAY,9196,9196,0
2024-06-01,June 2024,Other UK Airports,SUMBURGH,26623,26506,117
2024-06-01,June 2024,Other UK Airports,TEESSIDE INTERNATIONAL AIRPORT,28166,28166,0
2024-06-01,June 2024,Other UK Airports,TIREE,1038,1024,14
2024-06-01,June 2024,Other UK Airports,WICK JOHN O GROATS,798,798,0
2024-07-01,July 2024,Other UK Airports,ABERDEEN,229349,229349,0
2024-07-01,July 2024,Non UK Reporting Airports,ALDERNEY,4961,4961,0
2024-07-01,July 2024,Other UK Airports,BARRA,1417,1417,0
2024-07-01,July 2024,Other UK Airports,BELFAST CITY (GEORGE BEST),225886,225886,0
2024-07-01,July 2024,Other UK Airports,BELFAST INTERNATIONAL,709170,709170,0
2024-07-01,July 2024,Other UK Airports,BENBECULA,2728,2728,0
2024-07-01,July 2024,Other UK Airports,BIGGIN HILL,1754,1754,0
2024-07-01,July 2024,Other UK Airports,BIRMINGHAM,1343822,1343822,0
2024-07-01,July 2024,Other UK Airports,BLACKPOOL,1608,1608,0
2024-07-01,July 2024,Other UK Airports,BOURNEMOUTH,135652,135652,0
2024-07-01,July 2024,Other UK Airports,BRISTOL,1158076,1158076,0
2024-07-01,July 2024,Other UK Airports,CAMPBELTOWN,688,688,0
2024-07-01,July 2024,Other UK Airports,CARDIFF WALES,110572,110572,0
2024-07-01,July 2024,Other UK Airports,CITY OF DERRY (EGLINTON),19153,19153,0
2024-07-01,July 2024,Other UK Airports,DUNDEE,3873,2963,910
2024-07-01,July 2024,Other UK Airports,EAST MIDLANDS INTERNATIONAL,521093,521093,0
2024-07-01,July 2024,Other UK Airports,EDINBURGH,1626726,1626726,0
2024-07-01,July 2024,Other UK Airports,EXETER,53934,53934,0
2024-07-01,July 2024,Other UK Airports,FARNBOROUGH,4541,4541,0
2024-07-01,July 2024,London Area Airports,GATWICK,4554987,4554245,742
2024-07-01,July 2024,Other UK Airports,GLASGOW,846819,846250,569
2024-07-01,July 2024,Non UK Reporting Airports,GUERNSEY,69405,69309,96
2024-07-01,July 2024,London Area Airports,HEATHROW,7981129,7980064,1065
2024-07-01,July 2024,Other UK Airports,HUMBERSIDE,16129,16129,0
2024-07-01,July 2024,Other UK Airports,INVERNESS,87489,87429,60
2024-07-01,July 2024,Other UK Airports,ISLAY,3177,3177,0
2024-07-01,July 2024,Non UK Reporting Airports,ISLE OF MAN,56631,56631,0
2024-07-01,July 2024,Other UK Airports,ISLES OF SCILLY (ST.MARYS),8214,8214,0
2024-07-01,July 2024,Non UK Reporting Airports,JERSEY,162607,162583,24
2024-07-01,July 2024,Other UK Airports,KIRKWALL,14998,13888,1110
2024-07-01,July 2024,Other UK Airports,LANDS END (ST JUST),5368,5348,20
2024-07-01,July 2024,Other UK Airports,LEEDS BRADFORD,484488,484488,0
2024-07-01,July 2024,Other UK Airports,LERWICK (TINGWALL),334,334,0
2024-07-01,July 2024,Other UK Airports,LIVERPOOL (JOHN LENNON),528897,528897,0
2024-07-01,July 2024,London Area Airports,LONDON CITY,328649,328649,0
2024-07-01,July 2024,London Area Airports,LUTON,1655100,1654927,173
2024-07-01,July 2024,Other UK Airports,MANCHESTER,3202172,3197675,4497
2024-07-01,July 2024,Other UK Airports,NEWCASTLE,572577,572577,0
2024-07-01,July 2024,Other UK Airports,NEWQUAY,55171,55171,0
2024-07-01,July 2024,Other UK Airports,NORWICH,50407,50407,0
2024-07-01,July 2024,Other UK Airports,PRESTWICK,63619,63619,0
2024-07-01,July 2024,Other UK Airports,SOUTHAMPTON,81622,81622,0
2024-07-01,July 2024,London Area Airports,SOUTHEND,33372,33372,0
2024-07-01,July 2024,London Area Airports,STANSTED,2898479,2898479,0
2024-07-01,July 2024,Other UK Airports,STORNOWAY,9578,9578,0
2024-07-01,July 2024,Other UK Airports,SUMBURGH,30243,29956,287
2024-07-01,July 2024,Other UK Airports,TEESSIDE INTERNATIONAL AIRPORT,24054,23995,59
2024-07-01,July 2024,Other UK Airports,TIREE,1366,1349,17
2024-07-01,July 2024,Other UK Airports,WICK JOHN O GROATS,971,971,0
2024-08-01,August 2024,Other UK Airports,ABERDEEN,222672,222672,0
2024-08-01,August 2024,Non UK Reporting Airports,ALDERNEY,5351,5351,0
2024-08-01,August 2024,Other UK Airports,BARRA,1420,1420,0
2024-08-01,August 2024,Other UK Airports,BELFAST CITY (GEORGE BEST),230220,230220,0
2024-08-01,August 2024,Other UK Airports,BELFAST INTERNATIONAL,707906,707906,0
2024-08-01,August 2024,Other UK Airports,BENBECULA,2676,2676,0
2024-08-01,August 2024,Other UK Airports,BIGGIN HILL,1350,1350,0
2024-08-01,August 2024,Other UK Airports,BIRMINGHAM,1450441,1450441,0
2024-08-01,August 2024,Other UK Airports,BLACKPOOL,1470,1470,0
2024-08-01,August 2024,Other UK Airports,BOURNEMOUTH,147455,147455,0
2024-08-01,August 2024,Other UK Airports,BRISTOL,1203832,1203799,33
2024-08-01,August 2024,Other UK Airports,CAMPBELTOWN,773,773,0
2024-08-01,August 2024,Other UK Airports,CARDIFF WALES,115547,115547,0
2024-08-01,August 2024,Other UK Airports,CITY OF DERRY (EGLINTON),18989,18989,0
2024-08-01,August 2024,Other UK Airports,DUNDEE,3724,2838,886
2024-08-01,August 2024,Other UK Airports,EAST MIDLANDS INTERNATIONAL,545002,545002,0
2024-08-01,August 2024,Other UK Airports,EDINBURGH,1617538,1617324,214
2024-08-01,August 2024,Other UK Airports,EXETER,57167,57167,0
2024-08-01,August 2024,Other UK Airports,FARNBOROUGH,3763,3763,0
2024-08-01,August 2024,London Area Airports,GATWICK,4740309,4739389,920
2024-08-01,August 2024,Other UK Airports,GLASGOW,793832,793832,0
2024-08-01,August 2024,Non UK Reporting Airports,GUERNSEY,72395,72197,198
2024-08-01,August 2024,London Area Airports,HEATHROW,7969837,7969837,0
2024-08-01,August 2024,Other UK Airports,HUMBERSIDE,15693,15693,0
2024-08-01,August 2024,Other UK Airports,INVERNESS,84020,83952,68
2024-08-01,August 2024,Other UK Airports,ISLAY,3049,3049,0
2024-08-01,August 2024,Non UK Reporting Airports,ISLE OF MAN,59877,59877,0
2024-08-01,August 2024,Other UK Airports,ISLES OF SCILLY (ST.MARYS),9277,9277,0
2024-08-01,August 2024,Non UK Reporting Airports,JERSEY,174471,174467,4
2024-08-01,August 2024,Other UK Airports,KIRKWALL,15019,13993,1026
2024-08-01,August 2024,Other UK Airports,LANDS END (ST JUST),6284,6284,0
2024-08-01,August 2024,Other UK Airports,LEEDS BRADFORD,518453,518453,0
2024-08-01,August 2024,Other UK Airports,LERWICK (TINGWALL),272,272,0
2024-08-01,August 2024,Other UK Airports,LIVERPOOL (JOHN LENNON),550251,550251,0
2024-08-01,August 2024,London Area Airports,LONDON CITY,311282,311282,0
2024-08-01,August 2024,London Area Airports,LUTON,1741816,1741461,355
2024-08-01,August 2024,Other UK Airports,MANCHESTER,3359697,3356747,2950
2024-08-01,August 2024,Other UK Airports,NEWCASTLE,594372,594372,0
2024-08-01,August 2024,Other UK Airports,NEWQUAY,55985,55985,0
2024-08-01,August 2024,Other UK Airports,NORWICH,51677,51677,0
2024-08-01,August 2024,Other UK Airports,PRESTWICK,63116,62919,197
2024-08-01,August 2024,Other UK Airports,SOUTHAMPTON,87899,87899,0
2024-08-01,August 2024,London Area Airports,SOUTHEND,35168,35168,0
2024-08-01,August 2024,London Area Airports,STANSTED,3061500,3061500,0
2024-08-01,August 2024,Other UK Airports,STORNOWAY,9196,9196,0
2024-08-01,August 2024,Other UK Airports,SUMBURGH,28372,28242,130
2024-08-01,August 2024,Other UK Airports,TEESSIDE INTERNATIONAL AIRPORT,26180,26098,82
2024-08-01,August 2024,Other UK Airports,TIREE,1164,1147,17
2024-08-01,August 2024,Other UK Airports,WICK JOHN O GROATS,1114,1114,0
2024-09-01,September 2024,Other UK Airports,ABERDEEN,208600,208600,0
2024-09-01,September 2024,Non UK Reporting Airports,ALDERNEY,4750,4750,0
2024-09-01,September 2024,Other UK Airports,BARRA,1133,1133,0
2024-09-01,September 2024,Other UK Airports,BELFAST CITY (GEORGE BEST),200619,200619,0
2024-09-01,September 2024,Other UK Airports,BELFAST INTERNATIONAL,618734,618734,0
2024-09-01,September 2024,Other UK Airports,BENBECULA,2170,2170,0
2024-09-01,September 2024,Other UK Airports,BIGGIN HILL,680,680,0
2024-09-01,September 2024,Other UK Airports,BIRMINGHAM,1308488,1308488,0
2024-09-01,September 2024,Other UK Airports,BLACKPOOL,1565,1565,0
2024-09-01,September 2024,Other UK Airports,BOURNEMOUTH,133005,133005,0
2024-09-01,September 2024,Other UK Airports,BRISTOL,1092172,1092155,17
2024-09-01,September 2024,Other UK Airports,CAMPBELTOWN,735,735,0
2024-09-01,September 2024,Other UK Airports,CARDIFF WALES,106160,105975,185
2024-09-01,September 2024,Other UK Airports,CITY OF DERRY (EGLINTON),14371,14371,0
2024-09-01,September 2024,Other UK Airports,DUNDEE,3554,2906,648
2024-09-01,September 2024,Other UK Airports,EAST MIDLANDS INTERNATIONAL,487169,487169,0
2024-09-01,September 2024,Other UK Airports,EDINBURGH,1528637,1528637,0
2024-09-01,September 2024,Other UK Airports,EXETER,52359,52359,0
2024-09-01,September 2024,Other UK Airports,FARNBOROUGH,3428,3428,0
2024-09-01,September 2024,London Area Airports,GATWICK,4263877,4263118,759
2024-09-01,September 2024,Other UK Airports,GLASGOW,801653,801395,258
2024-09-01,September 2024,Non UK Reporting Airports,GUERNSEY,65564,65540,24
2024-09-01,September 2024,London Area Airports,HEATHROW,7286467,7286337,130
2024-09-01,September 2024,Other UK Airports,HUMBERSIDE,14430,14430,0
2024-09-01,September 2024,Other UK Airports,INVERNESS,77981,77926,55
2024-09-01,September 2024,Other UK Airports,ISLAY,3230,3230,0
2024-09-01,September 2024,Non UK Reporting Airports,ISLE OF MAN,57237,57237,0
2024-09-01,September 2024,Other UK Airports,ISLES OF SCILLY (ST.MARYS),7973,7973,0
2024-09-01,September 2024,Non UK Reporting Airports,JERSEY,141456,141401,55
2024-09-01,September 2024,Other UK Airports,KIRKWALL,14067,13130,937
2024-09-01,September 2024,Other UK Airports,LANDS END (ST JUST),5503,5470,33
2024-09-01,September 2024,Other UK Airports,LEEDS BRADFORD,463333,463333,0
2024-09-01,September 2024,Other UK Airports,LERWICK (TINGWALL),335,335,0
2024-09-01,September 2024,Other UK Airports,LIVERPOOL (JOHN LENNON),493515,493515,0
2024-09-01,September 2024,London Area Airports,LONDON CITY,324495,324495,0
2024-09-01,September 2024,London Area Airports,LUTON,1560372,1560372,0
2024-09-01,September 2024,Other UK Airports,MANCHESTER,3056554,3054392,2162
2024-09-01,September 2024,Other UK Airports,NEWCASTLE,541120,541120,0
2024-09-01,September 2024,Other UK Airports,NEWQUAY,42569,42569,0
2024-09-01,September 2024,Other UK Airports,NORWICH,49292,49292,0
2024-09-01,September 2024,Other UK Airports,OXFORD (KIDLINGTON),2,2,0
2024-09-01,September 2024,Other UK Airports,PRESTWICK,62389,62389,0
2024-09-01,September 2024,Other UK Airports,SOUTHAMPTON,82258,82258,0
2024-09-01,September 2024,London Area Airports,SOUTHEND,35448,35448,0
2024-09-01,September 2024,London Area Airports,STANSTED,2709707,2709707,0
2024-09-01,September 2024,Other UK Airports,STORNOWAY,9028,9028,0
2024-09-01,September 2024,Other UK Airports,SUMBURGH,25956,25956,0
2024-09-01,September 2024,Other UK Airports,TEESSIDE INTERNATIONAL AIRPORT,25808,25714,94
2024-09-01,September 2024,Other UK Airports,TIREE,1078,1063,15
2024-09-01,September 2024,Other UK Airports,WICK JOHN O GROATS,852,852,0
2024-10-01,October 2024,Other UK Airports,ABERDEEN,212638,212638,0
2024-10-01,October 2024,Non UK Reporting Airports,ALDERNEY,4102,4102,0
2024-10-01,October 2024,Other UK Airports,BARRA,773,773,0
2024-10-01,October 2024,Other UK Airports,BELFAST CITY (GEORGE BEST),200345,200345,0
2024-10-01,October 2024,Other UK Airports,BELFAST INTERNATIONAL,607728,607728,0
2024-10-01,October 2024,Other UK Airports,BENBECULA,2561,2561,0
2024-10-01,October 2024,Other UK Airports,BIGGIN HILL,504,504,0
2024-10-01,October 2024,Other UK Airports,BIRMINGHAM,1192645,1192645,0
2024-10-01,October 2024,Other UK Airports,BLACKPOOL,1894,1894,0
2024-10-01,October 2024,Other UK Airports,BOURNEMOUTH,98825,98825,0
2024-10-01,October 2024,Other UK Airports,BRISTOL,979913,979858,55
2024-10-01,October 2024,Other UK Airports,CAMPBELTOWN,542,542,0
2024-10-01,October 2024,Other UK Airports,CARDIFF WALES,77521,77521,0
2024-10-01,October 2024,Other UK Airports,CITY OF DERRY (EGLINTON),14836,14836,0
2024-10-01,October 2024,Other UK Airports,DUNDEE,3343,2802,541
2024-10-01,October 2024,Other UK Airports,EAST MIDLANDS INTERNATIONAL,400080,400080,0
2024-10-01,October 2024,Other UK Airports,EDINBURGH,1465440,1465440,0
2024-10-01,October 2024,Other UK Airports,EXETER,43302,43302,0
2024-10-01,October 2024,Other UK Airports,FARNBOROUGH,3656,3656,0
2024-10-01,October 2024,London Area Airports,GATWICK,3864863,3864770,93
2024-10-01,October 2024,Other UK Airports,GLASGOW,779305,778958,347
2024-10-01,October 2024,Non UK Reporting Airports,GUERNSEY,57520,57520,0
2024-10-01,October 2024,London Area Airports,HEATHROW,7215710,7214851,859
2024-10-01,October 2024,Other UK Airports,HUMBERSIDE,13029,13029,0
2024-10-01,October 2024,Other UK Airports,INVERNESS,76333,76193,140
2024-10-01,October 2024,Other UK Airports,ISLAY,2770,2770,0
2024-10-01,October 2024,Non UK Reporting Airports,ISLE OF MAN,53647,53647,0
2024-10-01,October 2024,Other UK Airports,ISLES OF SCILLY (ST.MARYS),5255,5255,0
2024-10-01,October 2024,Non UK Reporting Airports,JERSEY,123564,123556,8
2024-10-01,October 2024,Other UK Airports,KIRKWALL,13579,12545,1034
2024-10-01,October 2024,Other UK Airports,LANDS END (ST JUST),4064,4064,0
2024-10-01,October 2024,Other UK Airports,LEEDS BRADFORD,405390,405390,0
2024-10-01,October 2024,Other UK Airports,LERWICK (TINGWALL),256,256,0
2024-10-01,October 2024,Other UK Airports,LIVERPOOL (JOHN LENNON),463962,463962,0
2024-10-01,October 2024,London Area Airports,LONDON CITY,334624,334624,0
2024-10-01,October 2024,London Area Airports,LUTON,1499019,1498859,160
2024-10-01,October 2024,Other UK Airports,MANCHESTER,2809491,2807078,2413
2024-10-01,October 2024,Other UK Airports,NEWCASTLE,487742,487742,0
2024-10-01,October 2024,Other UK Airports,NEWQUAY,33074,33074,0
2024-10-01,October 2024,Other UK Airports,NORWICH,43278,43278,0
2024-10-01,October 2024,Other UK Airports,PRESTWICK,58731,58731,0
2024-10-01,October 2024,Other UK Airports,SOUTHAMPTON,74226,74188,38
2024-10-01,October 2024,London Area Airports,SOUTHEND,31429,31429,0
2024-10-01,October 2024,London Area Airports,STANSTED,2649531,2649531,0
2024-10-01,October 2024,Other UK Airports,STORNOWAY,9852,9852,0
2024-10-01,October 2024,Other UK Airports,SUMBURGH,26457,26457,0
2024-10-01,October 2024,Other UK Airports,TEESSIDE INTERNATIONAL AIRPORT,21225,21174,51
2024-10-01,October 2024,Other UK Airports,TIREE,654,639,15
2024-10-01,October 2024,Other UK Airports,WICK JOHN O GROATS,822,822,0
2024-11-01,November 2024,Other UK Airports,ABERDEEN,175310,175310,0
2024-11-01,November 2024,Non UK Reporting Airports,ALDERNEY,3012,3012,0
2024-11-01,November 2024,Other UK Airports,BARRA,642,642,0
2024-11-01,November 2024,Other UK Airports,BELFAST CITY (GEORGE BEST),193502,193502,0
2024-11-01,November 2024,Other UK Airports,BELFAST INTERNATIONAL,456616,456616,0
2024-11-01,November 2024,Other UK Airports,BENBECULA,2042,2042,0
2024-11-01,November 2024,Other UK Airports,BIGGIN HILL,307,307,0
2024-11-01,November 2024,Other UK Airports,BIRMINGHAM,835914,835914,0
2024-11-01,November 2024,Other UK Airports,BLACKPOOL,1813,1813,0
2024-11-01,November 2024,Other UK Airports,BOURNEMOUTH,45520,45520,0
2024-11-01,November 2024,Other UK Airports,BRISTOL,610175,610079,96
2024-11-01,November 2024,Other UK Airports,CAMPBELTOWN,417,417,0
2024-11-01,November 2024,Other UK Airports,CARDIFF WALES,42118,41895,223
2024-11-01,November 2024,Other UK Airports,CITY OF DERRY (EGLINTON),17572,17572,0
2024-11-01,November 2024,Other UK Airports,DUNDEE,2363,2363,0
2024-11-01,November 2024,Other UK Airports,EAST MIDLANDS INTERNATIONAL,158920,158920,0
2024-11-01,November 2024,Other UK Airports,EDINBURGH,1090264,1090264,0
2024-11-01,November 2024,Other UK Airports,EXETER,20539,20539,0
2024-11-01,November 2024,Other UK Airports,FARNBOROUGH,2202,2202,0
2024-11-01,November 2024,London Area Airports,GATWICK,2725070,2724945,125
2024-11-01,November 2024,Other UK Airports,GLASGOW,558251,558251,0
2024-11-01,November 2024,Non UK Reporting Airports,GUERNSEY,48297,48297,0
2024-11-01,November 2024,London Area Airports,HEATHROW,6503969,6500380,3589
2024-11-01,November 2024,Other UK Airports,HUMBERSIDE,10200,10200,0
2024-11-01,November 2024,Other UK Airports,INVERNESS,51154,51102,52
2024-11-01,November 2024,Other UK Airports,ISLAY,1945,1945,0
2024-11-01,November 2024,Non UK Reporting Airports,ISLE OF MAN,47894,47894,0
2024-11-01,November 2024,Other UK Airports,ISLES OF SCILLY (ST.MARYS),2695,2695,0
2024-11-01,November 2024,Non UK Reporting Airports,JERSEY,95348,95348,0
2024-11-01,November 2024,Other UK Airports,KIRKWALL,10894,10278,616
2024-11-01,November 2024,Other UK Airports,LANDS END (ST JUST),2114,2114,0
2024-11-01,November 2024,Other UK Airports,LEEDS BRADFORD,250347,250347,0
2024-11-01,November 2024,Other UK Airports,LERWICK (TINGWALL),161,161,0
2024-11-01,November 2024,Other UK Airports,LIVERPOOL (JOHN LENNON),330154,330154,0
2024-11-01,November 2024,London Area Airports,LONDON CITY,307769,307769,0
2024-11-01,November 2024,London Area Airports,LUTON,1149540,1149406,134
2024-11-01,November 2024,Other UK Airports,MANCHESTER,2103488,2100311,3177
2024-11-01,November 2024,Other UK Airports,NEWCASTLE,320191,320191,0
2024-11-01,November 2024,Other UK Airports,NEWQUAY,20644,20644,0
2024-11-01,November 2024,Other UK Airports,NORWICH,22986,22986,0
2024-11-01,November 2024,Other UK Airports,OXFORD (KIDLINGTON),0,0,0
2024-11-01,November 2024,Other UK Airports,PRESTWICK,24649,24647,2
2024-11-01,November 2024,Other UK Airports,SOUTHAMPTON,62723,62723,0
2024-11-01,November 2024,London Area Airports,SOUTHEND,13555,13555,0
2024-11-01,November 2024,London Area Airports,STANSTED,2117176,2117176,0
2024-11-01,November 2024,Other UK Airports,STORNOWAY,8409,8409,0
2024-11-01,November 2024,Other UK Airports,SUMBURGH,20771,20771,0
2024-11-01,November 2024,Other UK Airports,TEESSIDE INTERNATIONAL AIRPORT,12041,12041,0
2024-11-01,November 2024,Other UK Airports,TIREE,640,622,18
2024-11-01,November 2024,Other UK Airports,WICK JOHN O GROATS,654,654,0
2024-12-01,December 2024,Other UK Airports,ABERDEEN,169354,169354,0
2024-12-01,December 2024,Non UK Reporting Airports,ALDERNEY,2815,2815,0
2024-12-01,December 2024,Other UK Airports,BARRA,476,476,0
2024-12-01,December 2024,Other UK Airports,BELFAST CITY (GEORGE BEST),189157,189089,68
2024-12-01,December 2024,Other UK Airports,BELFAST INTERNATIONAL,495809,495809,0
2024-12-01,December 2024,Other UK Airports,BENBECULA,2032,2032,0
2024-12-01,December 2024,Other UK Airports,BIGGIN HILL,345,345,0
2024-12-01,December 2024,Other UK Airports,BIRMINGHAM,885913,885913,0
2024-12-01,December 2024,Other UK Airports,BLACKPOOL,1799,1799,0
2024-12-01,December 2024,Other UK Airports,BOURNEMOUTH,53080,53080,0
2024-12-01,December 2024,Other UK Airports,BRISTOL,677594,677364,230
2024-12-01,December 2024,Other UK Airports,CAMPBELTOWN,299,299,0
2024-12-01,December 2024,Other UK Airports,CARDIFF WALES,39556,39556,0
2024-12-01,December 2024,Other UK Airports,CITY OF DERRY (EGLINTON),20114,20114,0
2024-12-01,December 2024,Other UK Airports,DUNDEE,2163,2163,0
2024-12-01,December 2024,Other UK Airports,EAST MIDLANDS INTERNATIONAL,156329,156329,0
2024-12-01,December 2024,Other UK Airports,EDINBURGH,1153317,1152981,336
2024-12-01,December 2024,Other UK Airports,EXETER,22181,22181,0
2024-12-01,December 2024,Other UK Airports,FARNBOROUGH,2728,2728,0
2024-12-01,December 2024,London Area Airports,GATWICK,3179796,3179646,150
2024-12-01,December 2024,Other UK Airports,GLASGOW,546225,546225,0
2024-12-01,December 2024,Non UK Reporting Airports,GUERNSEY,49055,49012,43
2024-12-01,December 2024,London Area Airports,HEATHROW,7077966,7074968,2998
2024-12-01,December 2024,Other UK Airports,HUMBERSIDE,10985,10985,0
2024-12-01,December 2024,Other UK Airports,INVERNESS,50565,50524,41
2024-12-01,December 2024,Other UK Airports,ISLAY,1423,1423,0
2024-12-01,December 2024,Non UK Reporting Airports,ISLE OF MAN,50858,50858,0
2024-12-01,December 2024,Other UK Airports,ISLES OF SCILLY (ST.MARYS),2367,2367,0
2024-12-01,December 2024,Non UK Reporting Airports,JERSEY,99811,99808,3
2024-12-01,December 2024,Other UK Airports,KIRKWALL,10186,9509,677
2024-12-01,December 2024,Other UK Airports,LANDS END (ST JUST),2049,2049,0
2024-12-01,December 2024,Other UK Airports,LEEDS BRADFORD,228898,228898,0
2024-12-01,December 2024,Other UK Airports,LERWICK (TINGWALL),122,122,0
2024-12-01,December 2024,Other UK Airports,LIVERPOOL (JOHN LENNON),344294,344294,0
2024-12-01,December 2024,London Area Airports,LONDON CITY,280940,280940,0
2024-12-01,December 2024,London Area Airports,LUTON,1297918,1297759,159
2024-12-01,December 2024,Other UK Airports,LYDD,5,5,0
2024-12-01,December 2024,Other UK Airports,MANCHESTER,2239719,2236481,3238
2024-12-01,December 2024,Other UK Airports,NEWCASTLE,317851,317851,0
2024-12-01,December 2024,Other UK Airports,NEWQUAY,19402,19402,0
2024-12-01,December 2024,Other UK Airports,NORWICH,22971,22971,0
2024-12-01,December 2024,Other UK Airports,PRESTWICK,24951,24951,0
2024-12-01,December 2024,Other UK Airports,SOUTHAMPTON,64797,64730,67
2024-12-01,December 2024,London Area Airports,SOUTHEND,15949,15949,0
2024-12-01,December 2024,London Area Airports,STANSTED,2206750,2206750,0
2024-12-01,December 2024,Other UK Airports,STORNOWAY,7295,7295,0
2024-12-01,December 2024,Other UK Airports,SUMBURGH,20520,20520,0
2024-12-01,December 2024,Other UK Airports,TEESSIDE INTERNATIONAL AIRPORT,12381,12336,45
2024-12-01,December 2024,Other UK Airports,TIREE,448,444,4
2024-12-01,December 2024,Other UK Airports,WICK JOHN O GROATS,477,477,0
2025-01-01,January 2025,Other UK Airports,ABERDEEN,149243,149243,0
2025-01-01,January 2025,Non UK Reporting Airports,ALDERNEY,2456,2456,0
2025-01-01,January 2025,Other UK Airports,BARRA,509,507,2
2025-01-01,January 2025,Other UK Airports,BELFAST CITY (GEORGE BEST),165373,165373,0
2025-01-01,January 2025,Other UK Airports,BELFAST INTERNATIONAL,390629,390629,0
2025-01-01,January 2025,Other UK Airports,BENBECULA,1546,1546,0
2025-01-01,January 2025,Other UK Airports,BIGGIN HILL,247,247,0
2025-01-01,January 2025,Other UK Airports,BIRMINGHAM,781639,780708,931
2025-01-01,January 2025,Other UK Airports,BLACKPOOL,1068,1068,0
2025-01-01,January 2025,Other UK Airports,BOURNEMOUTH,44728,44728,0
2025-01-01,January 2025,Other UK Airports,BRISTOL,560729,560572,157
2025-01-01,January 2025,Other UK Airports,CAMPBELTOWN,414,375,39
2025-01-01,January 2025,Other UK Airports,CARDIFF WALES,37894,37894,0
2025-01-01,January 2025,Other UK Airports,CITY OF DERRY (EGLINTON),15064,15064,0
2025-01-01,January 2025,Other UK Airports,DUNDEE,1661,1661,0
2025-01-01,January 2025,Other UK Airports,EAST MIDLANDS INTERNATIONAL,136573,136573,0
2025-01-01,January 2025,Other UK Airports,EDINBURGH,949376,949376,0
2025-01-01,January 2025,Other UK Airports,EXETER,17608,17608,0
2025-01-01,January 2025,Other UK Airports,FARNBOROUGH,2262,2262,0
2025-01-01,January 2025,London Area Airports,GATWICK,2542892,2541908,984
2025-01-01,January 2025,Other UK Airports,GLASGOW,469823,469823,0
2025-01-01,January 2025,Non UK Reporting Airports,GUERNSEY,39751,39720,31
2025-01-01,January 2025,London Area Airports,HEATHROW,6324137,6319244,4893
2025-01-01,January 2025,Other UK Airports,HUMBERSIDE,10016,10016,0
2025-01-01,January 2025,Other UK Airports,INVERNESS,42151,42110,41
2025-01-01,January 2025,Other UK Airports,ISLAY,1388,1388,0
2025-01-01,January 2025,Non UK Reporting Airports,ISLE OF MAN,39462,39462,0
2025-01-01,January 2025,Other UK Airports,ISLES OF SCILLY (ST.MARYS),2511,2511,0
2025-01-01,January 2025,Non UK Reporting Airports,JERSEY,77283,77283,0
2025-01-01,January 2025,Other UK Airports,KIRKWALL,8855,8309,546
2025-01-01,January 2025,Other UK Airports,LANDS END (ST JUST),2080,2080,0
2025-01-01,January 2025,Other UK Airports,LEEDS BRADFORD,197442,197442,0
2025-01-01,January 2025,Other UK Airports,LERWICK (TINGWALL),126,126,0
2025-01-01,January 2025,Other UK Airports,LIVERPOOL (JOHN LENNON),301329,301329,0
2025-01-01,January 2025,London Area Airports,LONDON CITY,229818,229818,0
2025-01-01,January 2025,London Area Airports,LUTON,1140509,1140509,0
2025-01-01,January 2025,Other UK Airports,LYDD,1,1,0
2025-01-01,January 2025,Other UK Airports,MANCHESTER,1941101,1937964,3137
2025-01-01,January 2025,Other UK Airports,NEWCASTLE,279356,279356,0
2025-01-01,January 2025,Other UK Airports,NEWQUAY,15255,15255,0
2025-01-01,January 2025,Other UK Airports,NORWICH,20347,20347,0
2025-01-01,January 2025,Other UK Airports,PRESTWICK,21665,21665,0
2025-01-01,January 2025,Other UK Airports,SOUTHAMPTON,52131,52131,0
2025-01-01,January 2025,London Area Airports,SOUTHEND,10967,10967,0
2025-01-01,January 2025,London Area Airports,STANSTED,1844805,1844805,0
2025-01-01,January 2025,Other UK Airports,STORNOWAY,6004,6004,0
2025-01-01,January 2025,Other UK Airports,SUMBURGH,19610,19584,26
2025-01-01,January 2025,Other UK Airports,TEESSIDE INTERNATIONAL AIRPORT,11344,11291,53
2025-01-01,January 2025,Other UK Airports,TIREE,553,494,59
2025-01-01,January 2025,Other UK Airports,WICK JOHN O GROATS,589,589,0
2025-02-01,February 2025,Other UK Airports,ABERDEEN,154494,154459,35
2025-02-01,February 2025,Non UK Reporting Airports,ALDERNEY,2913,2913,0
2025-02-01,February 2025,Other UK Airports,BARRA,676,676,0
2025-02-01,February 2025,Other UK Airports,BELFAST CITY (GEORGE BEST),177746,177746,0
2025-02-01,February 2025,Other UK Airports,BELFAST INTERNATIONAL,465109,465109,0
2025-02-01,February 2025,Other UK Airports,BENBECULA,1707,1707,0
2025-02-01,February 2025,Other UK Airports,BIGGIN HILL,539,539,0
2025-02-01,February 2025,Other UK Airports,BIRMINGHAM,819761,819761,0
2025-02-01,February 2025,Other UK Airports,BLACKPOOL,1676,1676,0
2025-02-01,February 2025,Other UK Airports,BOURNEMOUTH,56125,56121,4
2025-02-01,February 2025,Other UK Airports,BRISTOL,656983,656825,158
2025-02-01,February 2025,Other UK Airports,CAMPBELTOWN,424,424,0
2025-02-01,February 2025,Other UK Airports,CARDIFF WALES,45284,45284,0
2025-02-01,February 2025,Other UK Airports,CITY OF DERRY (EGLINTON),17313,17313,0
2025-02-01,February 2025,Other UK Airports,DUNDEE,1739,1739,0
2025-02-01,February 2025,Other UK Airports,EAST MIDLANDS INTERNATIONAL,142507,142507,0
2025-02-01,February 2025,Other UK Airports,EDINBURGH,1016219,1016219,0
2025-02-01,February 2025,Other UK Airports,EXETER,18560,18560,0
2025-02-01,February 2025,Other UK Airports,FARNBOROUGH,2248,2248,0
2025-02-01,February 2025,London Area Airports,GATWICK,2743711,2743711,0
2025-02-01,February 2025,Other UK Airports,GLASGOW,491097,491097,0
2025-02-01,February 2025,Non UK Reporting Airports,GUERNSEY,43767,43717,50
2025-02-01,February 2025,London Area Airports,HEATHROW,5713253,5709132,4121
2025-02-01,February 2025,Other UK Airports,HUMBERSIDE,10520,10520,0
2025-02-01,February 2025,Other UK Airports,INVERNESS,45881,45847,34
2025-02-01,February 2025,Other UK Airports,ISLAY,1813,1813,0
2025-02-01,February 2025,Non UK Reporting Airports,ISLE OF MAN,46292,46292,0
2025-02-01,February 2025,Other UK Airports,ISLES OF SCILLY (ST.MARYS),2952,2952,0
2025-02-01,February 2025,Non UK Reporting Airports,JERSEY,87946,87946,0
2025-02-01,February 2025,Other UK Airports,KIRKWALL,10137,9380,757
2025-02-01,February 2025,Other UK Airports,LANDS END (ST JUST),2440,2440,0
2025-02-01,February 2025,Other UK Airports,LEEDS BRADFORD,228584,228584,0
2025-02-01,February 2025,Other UK Airports,LERWICK (TINGWALL),177,177,0
2025-02-01,February 2025,Other UK Airports,LIVERPOOL (JOHN LENNON),336121,336121,0
2025-02-01,February 2025,London Area Airports,LONDON CITY,254443,254443,0
2025-02-01,February 2025,London Area Airports,LUTON,1184162,1183984,178
2025-02-01,February 2025,Other UK Airports,MANCHESTER,2012172,2009620,2552
2025-02-01,February 2025,Other UK Airports,NEWCASTLE,298765,298765,0
2025-02-01,February 2025,Other UK Airports,NEWQUAY,16872,16868,4
2025-02-01,February 2025,Other UK Airports,NORWICH,21088,21088,0
2025-02-01,February 2025,Other UK Airports,PRESTWICK,25267,25267,0
2025-02-01,February 2025,Other UK Airports,SOUTHAMPTON,58631,58631,0
2025-02-01,February 2025,London Area Airports,SOUTHEND,14698,14698,0
2025-02-01,February 2025,London Area Airports,STANSTED,1998004,1998004,0
2025-02-01,February 2025,Other UK Airports,STORNOWAY,6851,6851,0
2025-02-01,February 2025,Other UK Airports,SUMBURGH,20193,20179,14
2025-02-01,February 2025,Other UK Airports,TEESSIDE INTERNATIONAL AIRPORT,11768,11768,0
2025-02-01,February 2025,Other UK Airports,TIREE,630,614,16
2025-02-01,February 2025,Other UK Airports,WICK JOHN O GROATS,550,550,0
2025-03-01,March 2025,Other UK Airports,ABERDEEN,173821,173821,0
2025-03-01,March 2025,Non UK Reporting Airports,ALDERNEY,3588,3588,0
2025-03-01,March 2025,Other UK Airports,BARRA,938,938,0
2025-03-01,March 2025,Other UK Airports,BELFAST CITY (GEORGE BEST),198496,198496,0
2025-03-01,March 2025,Other UK Airports,BELFAST INTERNATIONAL,507361,507361,0
2025-03-01,March 2025,Other UK Airports,BENBECULA,1939,1938,1
2025-03-01,March 2025,Other UK Airports,BIGGIN HILL,319,319,0
2025-03-01,March 2025,Other UK Airports,BIRMINGHAM,947510,947510,0
2025-03-01,March 2025,Other UK Airports,BLACKPOOL,1453,1453,0
2025-03-01,March 2025,Other UK Airports,BOURNEMOUTH,68303,68303,0
2025-03-01,March 2025,Other UK Airports,BRISTOL,763688,763541,147
2025-03-01,March 2025,Other UK Airports,CAMPBELTOWN,507,507,0
2025-03-01,March 2025,Other UK Airports,CARDIFF WALES,47909,47909,0
2025-03-01,March 2025,Other UK Airports,CITY OF DERRY (EGLINTON),17431,17431,0
2025-03-01,March 2025,Other UK Airports,DUNDEE,1924,1897,27
2025-03-01,March 2025,Other UK Airports,EAST MIDLANDS INTERNATIONAL,200133,200133,0
2025-03-01,March 2025,Other UK Airports,EDINBURGH,1190545,1190545,0
2025-03-01,March 2025,Other UK Airports,EXETER,25653,25653,0
2025-03-01,March 2025,Other UK Airports,FARNBOROUGH,2384,2384,0
2025-03-01,March 2025,London Area Airports,GATWICK,3146347,3146106,241
2025-03-01,March 2025,Other UK Airports,GLASGOW,586778,586592,186
2025-03-01,March 2025,Non UK Reporting Airports,GUERNSEY,52498,52463,35
2025-03-01,March 2025,London Area Airports,HEATHROW,6220512,6218116,2396
2025-03-01,March 2025,Other UK Airports,HUMBERSIDE,11555,11555,0
2025-03-01,March 2025,Other UK Airports,INVERNESS,54684,54631,53
2025-03-01,March 2025,Other UK Airports,ISLAY,2715,2715,0
2025-03-01,March 2025,Non UK Reporting Airports,ISLE OF MAN,50682,50682,0
2025-03-01,March 2025,Other UK Airports,ISLES OF SCILLY (ST.MARYS),3982,3982,0
2025-03-01,March 2025,Non UK Reporting Airports,JERSEY,104587,104581,6
2025-03-01,March 2025,Other UK Airports,KIRKWALL,11810,11153,657
2025-03-01,March 2025,Other UK Airports,LANDS END (ST JUST),3042,3042,0
2025-03-01,March 2025,Other UK Airports,LEEDS BRADFORD,279945,279945,0
2025-03-01,March 2025,Other UK Airports,LERWICK (TINGWALL),218,218,0
2025-03-01,March 2025,Other UK Airports,LIVERPOOL (JOHN LENNON),403398,403398,0
2025-03-01,March 2025,London Area Airports,LONDON CITY,306648,306648,0
2025-03-01,March 2025,London Area Airports,LUTON,1334231,1334095,136
2025-03-01,March 2025,Other UK Airports,MANCHESTER,2241820,2238629,3191
2025-03-01,March 2025,Other UK Airports,NEWCASTLE,356036,356036,0
2025-03-01,March 2025,Other UK Airports,NEWQUAY,23630,23630,0
2025-03-01,March 2025,Other UK Airports,NORWICH,24625,24625,0
2025-03-01,March 2025,Other UK Airports,PRESTWICK,35302,35302,0
2025-03-01,March 2025,Other UK Airports,SOUTHAMPTON,68717,68717,0
2025-03-01,March 2025,London Area Airports,SOUTHEND,17795,17795,0
2025-03-01,March 2025,London Area Airports,STANSTED,2291560,2291560,0
2025-03-01,March 2025,Other UK Airports,STORNOWAY,8317,8317,0
2025-03-01,March 2025,Other UK Airports,SUMBURGH,22100,22100,0
2025-03-01,March 2025,Other UK Airports,TEESSIDE INTERNATIONAL AIRPORT,15181,15152,29
2025-03-01,March 2025,Other UK Airports,TIREE,707,705,2
2025-03-01,March 2025,Other UK Airports,WICK JOHN O GROATS,646,646,0
2025-04-01,April 2025,Other UK Airports,ABERDEEN,189632,189632,0
2025-04-01,April 2025,Non UK Reporting Airports,ALDERNEY,4177,4177,0
2025-04-01,April 2025,Other UK Airports,BARRA,1147,1147,0
2025-04-01,April 2025,Other UK Airports,BELFAST CITY (GEORGE BEST),197920,197920,0
2025-04-01,April 2025,Other UK Airports,BELFAST INTERNATIONAL,552566,552566,0
2025-04-01,April 2025,Other UK Airports,BENBECULA,2372,2369,3
2025-04-01,April 2025,Other UK Airports,BIGGIN HILL,395,395,0
2025-04-01,April 2025,Other UK Airports,BIRMINGHAM,1090931,1090931,0
2025-04-01,April 2025,Other UK Airports,BLACKPOOL,1942,1942,0
2025-04-01,April 2025,Other UK Airports,BOURNEMOUTH,105482,105482,0
2025-04-01,April 2025,Other UK Airports,BRISTOL,893015,893015,0
2025-04-01,April 2025,Other UK Airports,CAMPBELTOWN,678,678,0
2025-04-01,April 2025,Other UK Airports,CARDIFF WALES,58461,58461,0
2025-04-01,April 2025,Other UK Airports,CITY OF DERRY (EGLINTON),17434,17434,0
2025-04-01,April 2025,Other UK Airports,DUNDEE,2762,2188,574
2025-04-01,April 2025,Other UK Airports,EAST MIDLANDS INTERNATIONAL,319449,319449,0
2025-04-01,April 2025,Other UK Airports,EDINBURGH,1393452,1393452,0
2025-04-01,April 2025,Other UK Airports,EXETER,42761,42761,0
2025-04-01,April 2025,Other UK Airports,FARNBOROUGH,2532,2532,0
2025-04-01,April 2025,London Area Airports,GATWICK,3556618,3556255,363
2025-04-01,April 2025,Other UK Airports,GLASGOW,669761,669645,116
2025-04-01,April 2025,Non UK Reporting Airports,GUERNSEY,57839,57776,63
2025-04-01,April 2025,London Area Airports,HEATHROW,7099310,7098836,474
2025-04-01,April 2025,Other UK Airports,HUMBERSIDE,12410,12410,0
2025-04-01,April 2025,Other UK Airports,INVERNESS,79035,78759,276
2025-04-01,April 2025,Other UK Airports,ISLAY,2874,2874,0
2025-04-01,April 2025,Non UK Reporting Airports,ISLE OF MAN,47170,47100,70
2025-04-01,April 2025,Other UK Airports,ISLES OF SCILLY (ST.MARYS),7119,7119,0
2025-04-01,April 2025,Non UK Reporting Airports,JERSEY,122900,122886,14
2025-04-01,April 2025,Other UK Airports,KIRKWALL,13176,12290,886
2025-04-01,April 2025,Other UK Airports,LANDS END (ST JUST),5264,5241,23
2025-04-01,April 2025,Other UK Airports,LEEDS BRADFORD,365033,365033,0
2025-04-01,April 2025,Other UK Airports,LERWICK (TINGWALL),322,322,0
2025-04-01,April 2025,Other UK Airports,LIVERPOOL (JOHN LENNON),465418,465418,0
2025-04-01,April 2025,London Area Airports,LONDON CITY,313986,313986,0
2025-04-01,April 2025,London Area Airports,LUTON,1527436,1527353,83
2025-04-01,April 2025,Other UK Airports,LYDD,1,1,0
2025-04-01,April 2025,Other UK Airports,MANCHESTER,2632285,2631970,315
2025-04-01,April 2025,Other UK Airports,NEWCASTLE,423471,423471,0
2025-04-01,April 2025,Other UK Airports,NEWQUAY,34118,34103,15
2025-04-01,April 2025,Other UK Airports,NORWICH,31437,31437,0
2025-04-01,April 2025,Other UK Airports,PRESTWICK,66209,66209,0
2025-04-01,April 2025,Other UK Airports,SOUTHAMPTON,76515,76515,0
2025-04-01,April 2025,London Area Airports,SOUTHEND,75466,75466,0
2025-04-01,April 2025,London Area Airports,STANSTED,2509637,2509637,0
2025-04-01,April 2025,Other UK Airports,STORNOWAY,8282,8282,0
2025-04-01,April 2025,Other UK Airports,SUMBURGH,24155,24155,0
2025-04-01,April 2025,Other UK Airports,TEESSIDE INTERNATIONAL AIRPORT,22448,22397,51
2025-04-01,April 2025,Other UK Airports,TIREE,1047,1024,23
2025-04-01,April 2025,Other UK Airports,WICK JOHN O GROATS,655,655,0
2025-05-01,May 2025,Other UK Airports,ABERDEEN,203135,203135,0
2025-05-01,May 2025,Non UK Reporting Airports,ALDERNEY,4291,4291,0
2025-05-01,May 2025,Other UK Airports,BARRA,1309,1309,0
2025-05-01,May 2025,Other UK Airports,BELFAST CITY (GEORGE BEST),198100,198100,0
2025-05-01,May 2025,Other UK Airports,BELFAST INTERNATIONAL,599543,599543,0
2025-05-01,May 2025,Other UK Airports,BENBECULA,2794,2794,0
2025-05-01,May 2025,Other UK Airports,BIGGIN HILL,1019,1019,0
2025-05-01,May 2025,Other UK Airports,BIRMINGHAM,1263991,1263729,262
2025-05-01,May 2025,Other UK Airports,BLACKPOOL,1198,1198,0
2025-05-01,May 2025,Other UK Airports,BOURNEMOUTH,146487,146487,0
2025-05-01,May 2025,Other UK Airports,BRISTOL,1040187,1040187,0
2025-05-01,May 2025,Other UK Airports,CAMPBELTOWN,869,866,3
2025-05-01,May 2025,Other UK Airports,CARDIFF WALES,98763,98763,0
2025-05-01,May 2025,Other UK Airports,CITY OF DERRY (EGLINTON),18987,18987,0
2025-05-01,May 2025,Other UK Airports,DUNDEE,3068,2374,694
2025-05-01,May 2025,Other UK Airports,EAST MIDLANDS INTERNATIONAL,446768,446768,0
2025-05-01,May 2025,Other UK Airports,EDINBURGH,1575941,1575941,0
2025-05-01,May 2025,Other UK Airports,EXETER,58815,58815,0
2025-05-01,May 2025,Other UK Airports,FARNBOROUGH,3670,3670,0
2025-05-01,May 2025,London Area Airports,GATWICK,3889244,3888864,380
2025-05-01,May 2025,Other UK Airports,GLASGOW,778846,778556,290
2025-05-01,May 2025,Non UK Reporting Airports,GUERNSEY,66466,66072,394
2025-05-01,May 2025,London Area Airports,HEATHROW,7204362,7204092,270
2025-05-01,May 2025,Other UK Airports,HUMBERSIDE,16010,16010,0
2025-05-01,May 2025,Other UK Airports,INVERNESS,84392,84137,255
2025-05-01,May 2025,Other UK Airports,ISLAY,3409,3409,0
2025-05-01,May 2025,Non UK Reporting Airports,ISLE OF MAN,57201,57201,0
2025-05-01,May 2025,Other UK Airports,ISLES OF SCILLY (ST.MARYS),9445,9445,0
2025-05-01,May 2025,Non UK Reporting Airports,JERSEY,135234,135233,1
2025-05-01,May 2025,Other UK Airports,KIRKWALL,15219,14257,962
2025-05-01,May 2025,Other UK Airports,LANDS END (ST JUST),6400,6360,40
2025-05-01,May 2025,Other UK Airports,LEEDS BRADFORD,452908,452908,0
2025-05-01,May 2025,Other UK Airports,LERWICK (TINGWALL),10,10,0
2025-05-01,May 2025,Other UK Airports,LIVERPOOL (JOHN LENNON),558722,558722,0
2025-05-01,May 2025,London Area Airports,LONDON CITY,322461,322461,0
2025-05-01,May 2025,London Area Airports,LUTON,1622766,1622331,435
2025-05-01,May 2025,Other UK Airports,MANCHESTER,2917087,2916632,455
2025-05-01,May 2025,Other UK Airports,NEWCASTLE,536552,536531,21
2025-05-01,May 2025,Other UK Airports,NEWQUAY,40355,40355,0
2025-05-01,May 2025,Other UK Airports,NORWICH,46892,46892,0
2025-05-01,May 2025,Other UK Airports,PRESTWICK,70894,70633,261
2025-05-01,May 2025,Other UK Airports,SOUTHAMPTON,81640,81640,0
2025-05-01,May 2025,London Area Airports,SOUTHEND,83204,83204,0
2025-05-01,May 2025,London Area Airports,STANSTED,2703981,2703981,0
2025-05-01,May 2025,Other UK Airports,STORNOWAY,9398,9398,0
2025-05-01,May 2025,Other UK Airports,SUMBURGH,28844,28815,29
2025-05-01,May 2025,Other UK Airports,TEESSIDE INTERNATIONAL AIRPORT,26792,26665,127
2025-05-01,May 2025,Other UK Airports,TIREE,1198,1181,17
2025-05-01,May 2025,Other UK Airports,WICK JOHN O GROATS,583,583,0
2025-06-01,June 2025,Other UK Airports,ABERDEEN,212941,212941,0
2025-06-01,June 2025,Non UK Reporting Airports,ALDERNEY,4386,4386,0
2025-06-01,June 2025,Other UK Airports,BARRA,1381,1381,0
2025-06-01,June 2025,Other UK Airports,BELFAST CITY (GEORGE BEST),201168,201103,65
2025-06-01,June 2025,Other UK Airports,BELFAST INTERNATIONAL,640102,640102,0
2025-06-01,June 2025,Other UK Airports,BENBECULA,2311,2311,0
2025-06-01,June 2025,Other UK Airports,BIGGIN HILL,1040,1040,0
2025-06-01,June 2025,Other UK Airports,BIRMINGHAM,1361256,1361106,150
2025-06-01,June 2025,Other UK Airports,BLACKPOOL,1583,1583,0
2025-06-01,June 2025,Other UK Airports,BOURNEMOUTH,171288,171288,0
2025-06-01,June 2025,Other UK Airports,BRISTOL,1083518,1083518,0
2025-06-01,June 2025,Other UK Airports,CAMPBELTOWN,656,656,0
2025-06-01,June 2025,Other UK Airports,CARDIFF WALES,116385,116385,0
2025-06-01,June 2025,Other UK Airports,CITY OF DERRY (EGLINTON),17741,17741,0
2025-06-01,June 2025,Other UK Airports,DUNDEE,3296,2494,802
2025-06-01,June 2025,Other UK Airports,EAST MIDLANDS INTERNATIONAL,493071,493071,0
2025-06-01,June 2025,Other UK Airports,EDINBURGH,1643153,1643153,0
2025-06-01,June 2025,Other UK Airports,EXETER,70704,70704,0
2025-06-01,June 2025,Other UK Airports,FARNBOROUGH,4036,4036,0
2025-06-01,June 2025,London Area Airports,GATWICK,4122415,4122078,337
2025-06-01,June 2025,Other UK Airports,GLASGOW,825962,825670,292
2025-06-01,June 2025,Non UK Reporting Airports,GUERNSEY,63864,63492,372
2025-06-01,June 2025,London Area Airports,HEATHROW,7359020,7359020,0
2025-06-01,June 2025,Other UK Airports,HUMBERSIDE,14828,14828,0
2025-06-01,June 2025,Other UK Airports,INVERNESS,82839,82443,396
2025-06-01,June 2025,Other UK Airports,ISLAY,3191,3191,0
2025-06-01,June 2025,Non UK Reporting Airports,ISLE OF MAN,63604,63604,0
2025-06-01,June 2025,Other UK Airports,ISLES OF SCILLY (ST.MARYS),6845,6845,0
2025-06-01,June 2025,Non UK Reporting Airports,JERSEY,137968,137968,0
2025-06-01,June 2025,Other UK Airports,KIRKWALL,15060,14101,959
2025-06-01,June 2025,Other UK Airports,LANDS END (ST JUST),5383,5344,39
2025-06-01,June 2025,Other UK Airports,LEEDS BRADFORD,496774,496774,0
2025-06-01,June 2025,Other UK Airports,LERWICK (TINGWALL),98,98,0
2025-06-01,June 2025,Other UK Airports,LIVERPOOL (JOHN LENNON),556000,556000,0
2025-06-01,June 2025,London Area Airports,LONDON CITY,354195,354195,0
2025-06-01,June 2025,London Area Airports,LUTON,1635088,1634942,146
2025-06-01,June 2025,Other UK Airports,LYDD,2,2,0
2025-06-01,June 2025,Other UK Airports,MANCHESTER,3018402,3018208,194
2025-06-01,June 2025,Other UK Airports,NEWCASTLE,572373,572373,0
2025-06-01,June 2025,Other UK Airports,NEWQUAY,47601,47601,0
2025-06-01,June 2025,Other UK Airports,NORWICH,51179,51179,0
2025-06-01,June 2025,Other UK Airports,PRESTWICK,72603,72603,0
2025-06-01,June 2025,Other UK Airports,SOUTHAMPTON,84515,84515,0
2025-06-01,June 2025,London Area Airports,SOUTHEND,83648,83648,0
2025-06-01,June 2025,London Area Airports,STANSTED,2758809,2758809,0
2025-06-01,June 2025,Other UK Airports,STORNOWAY,9534,9534,0
2025-06-01,June 2025,Other UK Airports,SUMBURGH,28967,28876,91
2025-06-01,June 2025,Other UK Airports,TEESSIDE INTERNATIONAL AIRPORT,28153,28058,95
2025-06-01,June 2025,Other UK Airports,TIREE,994,974,20
2025-06-01,June 2025,Other UK Airports,WICK JOHN O GROATS,561,561,0
2025-07-01,July 2025,Other UK Airports,ABERDEEN,229384,229384,0
2025-07-01,July 2025,Non UK Reporting Airports,ALDERNEY,4698,4698,0
2025-07-01,July 2025,Other UK Airports,BARRA,1187,1187,0
2025-07-01,July 2025,Other UK Airports,BELFAST CITY (GEORGE BEST),222038,222038,0
2025-07-01,July 2025,Other UK Airports,BELFAST INTERNATIONAL,694251,694251,0
2025-07-01,July 2025,Other UK Airports,BENBECULA,2642,2642,0
2025-07-01,July 2025,Other UK Airports,BIGGIN HILL,1437,1437,0
2025-07-01,July 2025,Other UK Airports,BIRMINGHAM,1456744,1455882,862
2025-07-01,July 2025,Other UK Airports,BLACKPOOL,1289,1289,0
2025-07-01,July 2025,Other UK Airports,BOURNEMOUTH,178526,178526,0
2025-07-01,July 2025,Other UK Airports,BRISTOL,1162650,1162650,0
2025-07-01,July 2025,Other UK Airports,CAMPBELTOWN,808,808,0
2025-07-01,July 2025,Other UK Airports,CARDIFF WALES,121460,121460,0
2025-07-01,July 2025,Other UK Airports,CITY OF DERRY (EGLINTON),20924,20924,0
2025-07-01,July 2025,Other UK Airports,DUNDEE,3662,2740,922
2025-07-01,July 2025,Other UK Airports,EAST MIDLANDS INTERNATIONAL,508719,508719,0
2025-07-01,July 2025,Other UK Airports,EDINBURGH,1781758,1781758,0
2025-07-01,July 2025,Other UK Airports,EXETER,72540,72540,0
2025-07-01,July 2025,Other UK Airports,FARNBOROUGH,4693,4693,0
2025-07-01,July 2025,London Area Airports,GATWICK,4434282,4433598,684
2025-07-01,July 2025,Other UK Airports,GLASGOW,843108,843108,0
2025-07-01,July 2025,Non UK Reporting Airports,GUERNSEY,68059,67584,475
2025-07-01,July 2025,London Area Airports,HEATHROW,7981535,7981137,398
2025-07-01,July 2025,Other UK Airports,HUMBERSIDE,16205,16205,0
2025-07-01,July 2025,Other UK Airports,INVERNESS,82908,82474,434
2025-07-01,July 2025,Other UK Airports,ISLAY,2872,2872,0
2025-07-01,July 2025,Non UK Reporting Airports,ISLE OF MAN,51942,51942,0
2025-07-01,July 2025,Other UK Airports,ISLES OF SCILLY (ST.MARYS),8826,8826,0
2025-07-01,July 2025,Non UK Reporting Airports,JERSEY,152596,152585,11
2025-07-01,July 2025,Other UK Airports,KIRKWALL,15812,14801,1011
2025-07-01,July 2025,Other UK Airports,LANDS END (ST JUST),6090,6088,2
2025-07-01,July 2025,Other UK Airports,LEEDS BRADFORD,516022,516022,0
2025-07-01,July 2025,Other UK Airports,LERWICK (TINGWALL),527,527,0
2025-07-01,July 2025,Other UK Airports,LIVERPOOL (JOHN LENNON),576548,576548,0
2025-07-01,July 2025,London Area Airports,LONDON CITY,351402,351402,0
2025-07-01,July 2025,London Area Airports,LUTON,1723731,1723731,0
2025-07-01,July 2025,Other UK Airports,MANCHESTER,3298322,3297920,402
2025-07-01,July 2025,Other UK Airports,NEWCASTLE,599787,599787,0
2025-07-01,July 2025,Other UK Airports,NEWQUAY,51143,51143,0
2025-07-01,July 2025,Other UK Airports,NORWICH,52024,52024,0
2025-07-01,July 2025,Other UK Airports,PRESTWICK,75817,75817,0
2025-07-01,July 2025,Other UK Airports,SOUTHAMPTON,86416,86365,51
2025-07-01,July 2025,London Area Airports,SOUTHEND,73181,73181,0
2025-07-01,July 2025,London Area Airports,STANSTED,2896976,2896976,0
2025-07-01,July 2025,Other UK Airports,STORNOWAY,10070,10070,0
2025-07-01,July 2025,Other UK Airports,SUMBURGH,28187,28090,97
2025-07-01,July 2025,Other UK Airports,TEESSIDE INTERNATIONAL AIRPORT,28335,28270,65
2025-07-01,July 2025,Other UK Airports,TIREE,1335,1322,13
2025-07-01,July 2025,Other UK Airports,WICK JOHN O GROATS,1297,1297,0
2025-08-01,August 2025,Other UK Airports,ABERDEEN,212903,212903,0
2025-08-01,August 2025,Non UK Reporting Airports,ALDERNEY,5673,5673,0
2025-08-01,August 2025,Other UK Airports,BARRA,1323,1323,0
2025-08-01,August 2025,Other UK Airports,BELFAST CITY (GEORGE BEST),218302,218302,0
2025-08-01,August 2025,Other UK Airports,BELFAST INTERNATIONAL,695823,695823,0
2025-08-01,August 2025,Other UK Airports,BENBECULA,2405,2405,0
2025-08-01,August 2025,Other UK Airports,BIGGIN HILL,1060,1060,0
2025-08-01,August 2025,Other UK Airports,BIRMINGHAM,1524140,1524140,0
2025-08-01,August 2025,Other UK Airports,BLACKPOOL,1515,1515,0
2025-08-01,August 2025,Other UK Airports,BOURNEMOUTH,194456,194456,0
2025-08-01,August 2025,Other UK Airports,BRISTOL,1217472,1217472,0
2025-08-01,August 2025,Other UK Airports,CAMPBELTOWN,733,733,0
2025-08-01,August 2025,Other UK Airports,CARDIFF WALES,123785,123785,0
2025-08-01,August 2025,Other UK Airports,CITY OF DERRY (EGLINTON),21274,21274,0
2025-08-01,August 2025,Other UK Airports,DUNDEE,2977,2245,732
2025-08-01,August 2025,Other UK Airports,EAST MIDLANDS INTERNATIONAL,531859,531859,0
2025-08-01,August 2025,Other UK Airports,EDINBURGH,1769586,1769586,0
2025-08-01,August 2025,Other UK Airports,EXETER,77247,77247,0
2025-08-01,August 2025,Other UK Airports,FARNBOROUGH,4157,4157,0
2025-08-01,August 2025,London Area Airports,GATWICK,4662405,4661770,635
2025-08-01,August 2025,Other UK Airports,GLASGOW,822084,821264,820
2025-08-01,August 2025,Non UK Reporting Airports,GUERNSEY,71396,70880,516
2025-08-01,August 2025,London Area Airports,HEATHROW,8036159,8035996,163
2025-08-01,August 2025,Other UK Airports,HUMBERSIDE,17243,17243,0
2025-08-01,August 2025,Other UK Airports,INVERNESS,81075,80643,432
2025-08-01,August 2025,Other UK Airports,ISLAY,3366,3366,0
2025-08-01,August 2025,Non UK Reporting Airports,ISLE OF MAN,55585,55585,0
2025-08-01,August 2025,Other UK Airports,ISLES OF SCILLY (ST.MARYS),10799,10799,0
2025-08-01,August 2025,Non UK Reporting Airports,JERSEY,164238,164226,12
2025-08-01,August 2025,Other UK Airports,KIRKWALL,14622,13645,977
2025-08-01,August 2025,Other UK Airports,LANDS END (ST JUST),7066,7051,15
2025-08-01,August 2025,Other UK Airports,LEEDS BRADFORD,543043,543043,0
2025-08-01,August 2025,Other UK Airports,LERWICK (TINGWALL),393,393,0
2025-08-01,August 2025,Other UK Airports,LIVERPOOL (JOHN LENNON),615733,615733,0
2025-08-01,August 2025,London Area Airports,LONDON CITY,326086,326086,0
2025-08-01,August 2025,London Area Airports,LUTON,1830164,1829839,325
2025-08-01,August 2025,Other UK Airports,MANCHESTER,3480632,3480474,158
2025-08-01,August 2025,Other UK Airports,NEWCASTLE,622134,622134,0
2025-08-01,August 2025,Other UK Airports,NEWQUAY,53689,53689,0
2025-08-01,August 2025,Other UK Airports,NORWICH,54256,54256,0
2025-08-01,August 2025,Other UK Airports,PRESTWICK,70823,70823,0
2025-08-01,August 2025,Other UK Airports,SOUTHAMPTON,88903,88903,0
2025-08-01,August 2025,London Area Airports,SOUTHEND,89586,89586,0
2025-08-01,August 2025,London Area Airports,STANSTED,3044819,3044819,0
2025-08-01,August 2025,Other UK Airports,STORNOWAY,9726,9726,0
2025-08-01,August 2025,Other UK Airports,SUMBURGH,25424,25337,87
2025-08-01,August 2025,Other UK Airports,TEESSIDE INTERNATIONAL AIRPORT,30780,30670,110
2025-08-01,August 2025,Other UK Airports,TIREE,1186,1182,4
2025-08-01,August 2025,Other UK Airports,WICK JOHN O GROATS,560,560,0
2025-09-01,September 2025,Other UK Airports,ABERDEEN,216902,216902,0
2025-09-01,September 2025,Non UK Reporting Airports,ALDERNEY,4831,4831,0
2025-09-01,September 2025,Other UK Airports,BARRA,1244,1244,0
2025-09-01,September 2025,Other UK Airports,BELFAST CITY (GEORGE BEST),187890,187890,0
2025-09-01,September 2025,Other UK Airports,BELFAST INTERNATIONAL,594984,594984,0
2025-09-01,September 2025,Other UK Airports,BENBECULA,2257,2257,0
2025-09-01,September 2025,Other UK Airports,BIGGIN HILL,868,868,0
2025-09-01,September 2025,Other UK Airports,BIRMINGHAM,1346087,1345596,491
2025-09-01,September 2025,Other UK Airports,BLACKPOOL,1610,1610,0
2025-09-01,September 2025,Other UK Airports,BOURNEMOUTH,161589,161589,0
2025-09-01,September 2025,Other UK Airports,BRISTOL,1085671,1085671,0
2025-09-01,September 2025,Other UK Airports,CAMPBELTOWN,802,798,4
2025-09-01,September 2025,Other UK Airports,CARDIFF WALES,115769,115769,0
2025-09-01,September 2025,Other UK Airports,CITY OF DERRY (EGLINTON),18912,18912,0
2025-09-01,September 2025,Other UK Airports,DUNDEE,3709,2923,786
2025-09-01,September 2025,Other UK Airports,EAST MIDLANDS INTERNATIONAL,448204,448204,0
2025-09-01,September 2025,Other UK Airports,EDINBURGH,1627402,1627286,116
2025-09-01,September 2025,Other UK Airports,EXETER,70500,70500,0
2025-09-01,September 2025,Other UK Airports,FARNBOROUGH,3958,3958,0
2025-09-01,September 2025,London Area Airports,GATWICK,4147624,4146994,630
2025-09-01,September 2025,Other UK Airports,GLASGOW,802405,802405,0
2025-09-01,September 2025,Non UK Reporting Airports,GUERNSEY,66164,65852,312
2025-09-01,September 2025,London Area Airports,HEATHROW,7348513,7348252,261
2025-09-01,September 2025,Other UK Airports,HUMBERSIDE,15827,15827,0
2025-09-01,September 2025,Other UK Airports,INVERNESS,81308,80948,360
2025-09-01,September 2025,Other UK Airports,ISLAY,3849,3849,0
2025-09-01,September 2025,Non UK Reporting Airports,ISLE OF MAN,50862,50862,0
2025-09-01,September 2025,Other UK Airports,ISLES OF SCILLY (ST.MARYS),8767,8767,0
2025-09-01,September 2025,Non UK Reporting Airports,JERSEY,139244,139235,9
2025-09-01,September 2025,Other UK Airports,KIRKWALL,15322,14285,1037
2025-09-01,September 2025,Other UK Airports,LANDS END (ST JUST),5769,5758,11
2025-09-01,September 2025,Other UK Airports,LEEDS BRADFORD,480028,480028,0
2025-09-01,September 2025,Other UK Airports,LERWICK (TINGWALL),444,444,0
2025-09-01,September 2025,Other UK Airports,LIVERPOOL (JOHN LENNON),538126,538126,0
2025-09-01,September 2025,London Area Airports,LONDON CITY,343573,343573,0
2025-09-01,September 2025,London Area Airports,LUTON,1611432,1611432,0
2025-09-01,September 2025,Other UK Airports,MANCHESTER,3101453,3101285,168
2025-09-01,September 2025,Other UK Airports,NEWCASTLE,567762,567762,0
2025-09-01,September 2025,Other UK Airports,NEWQUAY,43663,43663,0
2025-09-01,September 2025,Other UK Airports,NORWICH,51040,51040,0
2025-09-01,September 2025,Other UK Airports,OXFORD (KIDLINGTON),0,0,0
2025-09-01,September 2025,Other UK Airports,PRESTWICK,70367,70367,0
2025-09-01,September 2025,Other UK Airports,SOUTHAMPTON,81222,81222,0
2025-09-01,September 2025,London Area Airports,SOUTHEND,81097,81097,0
2025-09-01,September 2025,London Area Airports,STANSTED,2679150,2679150,0
2025-09-01,September 2025,Other UK Airports,STORNOWAY,9938,9938,0
2025-09-01,September 2025,Other UK Airports,SUMBURGH,24954,24954,0
2025-09-01,September 2025,Other UK Airports,TEESSIDE INTERNATIONAL AIRPORT,31267,31163,104
2025-09-01,September 2025,Other UK Airports,TIREE,1069,1060,9
2025-09-01,September 2025,Other UK Airports,WICK JOHN O GROATS,567,567,0
2025-10-01,October 2025,Other UK Airports,ABERDEEN,212513,212513,0
2025-10-01,October 2025,Non UK Reporting Airports,ALDERNEY,4049,4049,0
2025-10-01,October 2025,Other UK Airports,BARRA,741,741,0
2025-10-01,October 2025,Other UK Airports,BELFAST CITY (GEORGE BEST),193552,193552,0
2025-10-01,October 2025,Other UK Airports,BELFAST INTERNATIONAL,595468,595468,0
2025-10-01,October 2025,Other UK Airports,BENBECULA,2262,2262,0
2025-10-01,October 2025,Other UK Airports,BIGGIN HILL,535,535,0
2025-10-01,October 2025,Other UK Airports,BIRMINGHAM,1244356,1243812,544
2025-10-01,October 2025,Other UK Airports,BLACKPOOL,1654,1654,0
2025-10-01,October 2025,Other UK Airports,BOURNEMOUTH,134988,134988,0
2025-10-01,October 2025,Other UK Airports,BRISTOL,1020269,1020195,74
2025-10-01,October 2025,Other UK Airports,CAMPBELTOWN,613,613,0
2025-10-01,October 2025,Other UK Airports,CARDIFF WALES,94156,94156,0
2025-10-01,October 2025,Other UK Airports,CITY OF DERRY (EGLINTON),18959,18959,0
2025-10-01,October 2025,Other UK Airports,DUNDEE,3354,2830,524
2025-10-01,October 2025,Other UK Airports,EAST MIDLANDS INTERNATIONAL,392544,392544,0
2025-10-01,October 2025,Other UK Airports,EDINBURGH,1607682,1607518,164
2025-10-01,October 2025,Other UK Airports,EXETER,62689,62689,0
2025-10-01,October 2025,Other UK Airports,FARNBOROUGH,2833,2833,0
2025-10-01,October 2025,London Area Airports,GATWICK,3788286,3787837,449
2025-10-01,October 2025,Other UK Airports,GLASGOW,775866,775782,84
2025-10-01,October 2025,Non UK Reporting Airports,GUERNSEY,60535,60385,150
2025-10-01,October 2025,London Area Airports,HEATHROW,7366983,7365769,1214
2025-10-01,October 2025,Other UK Airports,HUMBERSIDE,14805,14805,0
2025-10-01,October 2025,Other UK Airports,INVERNESS,78636,78388,248
2025-10-01,October 2025,Other UK Airports,ISLAY,3053,3053,0
2025-10-01,October 2025,Non UK Reporting Airports,ISLE OF MAN,50657,50657,0
2025-10-01,October 2025,Other UK Airports,ISLES OF SCILLY (ST.MARYS),5297,5297,0
2025-10-01,October 2025,Non UK Reporting Airports,JERSEY,123932,123906,26
2025-10-01,October 2025,Other UK Airports,KIRKWALL,14594,13619,975
2025-10-01,October 2025,Other UK Airports,LANDS END (ST JUST),3943,3943,0
2025-10-01,October 2025,Other UK Airports,LEEDS BRADFORD,410433,410433,0
2025-10-01,October 2025,Other UK Airports,LERWICK (TINGWALL),217,217,0
2025-10-01,October 2025,Other UK Airports,LIVERPOOL (JOHN LENNON),526025,526025,0
2025-10-01,October 2025,London Area Airports,LONDON CITY,339500,339500,0
2025-10-01,October 2025,London Area Airports,LUTON,1584398,1584398,0
2025-10-01,October 2025,Other UK Airports,MANCHESTER,2869307,2869050,257
2025-10-01,October 2025,Other UK Airports,NEWCASTLE,523192,523192,0
2025-10-01,October 2025,Other UK Airports,NEWQUAY,33419,33419,0
2025-10-01,October 2025,Other UK Airports,NORWICH,43290,43290,0
2025-10-01,October 2025,Other UK Airports,PRESTWICK,65282,65282,0
2025-10-01,October 2025,Other UK Airports,SOUTHAMPTON,75386,75386,0
2025-10-01,October 2025,London Area Airports,SOUTHEND,78789,78789,0
2025-10-01,October 2025,London Area Airports,STANSTED,2657489,2657489,0
2025-10-01,October 2025,Other UK Airports,STORNOWAY,10178,10178,0
2025-10-01,October 2025,Other UK Airports,SUMBURGH,24814,24814,0
2025-10-01,October 2025,Other UK Airports,TEESSIDE INTERNATIONAL AIRPORT,26479,26435,44
2025-10-01,October 2025,Other UK Airports,TIREE,747,736,11
2025-10-01,October 2025,Other UK Airports,WICK JOHN O GROATS,499,499,0
2025-11-01,November 2025,Other UK Airports,ABERDEEN,173193,173193,0
2025-11-01,November 2025,Non UK Reporting Airports,ALDERNEY,3319,3319,0
2025-11-01,November 2025,Other UK Airports,BARRA,780,780,0
2025-11-01,November 2025,Other UK Airports,BELFAST CITY (GEORGE BEST),200573,200573,0
2025-11-01,November 2025,Other UK Airports,BELFAST INTERNATIONAL,457466,457466,0
2025-11-01,November 2025,Other UK Airports,BENBECULA,1842,1842,0
2025-11-01,November 2025,Other UK Airports,BIGGIN HILL,411,411,0
2025-11-01,November 2025,Other UK Airports,BIRMINGHAM,883338,883338,0
2025-11-01,November 2025,Other UK Airports,BLACKPOOL,1862,1862,0
2025-11-01,November 2025,Other UK Airports,BOURNEMOUTH,52785,52785,0
2025-11-01,November 2025,Other UK Airports,BRISTOL,616807,616617,190
2025-11-01,November 2025,Other UK Airports,CAMPBELTOWN,455,446,9
2025-11-01,November 2025,Other UK Airports,CARDIFF WALES,47278,47278,0
2025-11-01,November 2025,Other UK Airports,CITY OF DERRY (EGLINTON),17623,17623,0
2025-11-01,November 2025,Other UK Airports,DUNDEE,2536,2536,0
2025-11-01,November 2025,Other UK Airports,EAST MIDLANDS INTERNATIONAL,169568,169568,0
2025-11-01,November 2025,Other UK Airports,EDINBURGH,1193251,1193251,0
2025-11-01,November 2025,Other UK Airports,EXETER,28181,28181,0
2025-11-01,November 2025,Other UK Airports,FARNBOROUGH,2471,2471,0
2025-11-01,November 2025,London Area Airports,GATWICK,2626307,2625662,645
2025-11-01,November 2025,Other UK Airports,GLASGOW,570228,570083,145
2025-11-01,November 2025,Non UK Reporting Airports,GUERNSEY,51653,51653,0
2025-11-01,November 2025,London Area Airports,HEATHROW,6636316,6634021,2295
2025-11-01,November 2025,Other UK Airports,HUMBERSIDE,10579,10579,0
2025-11-01,November 2025,Other UK Airports,INVERNESS,57099,56890,209
2025-11-01,November 2025,Other UK Airports,ISLAY,2117,2117,0
2025-11-01,November 2025,Non UK Reporting Airports,ISLE OF MAN,50814,50814,0
2025-11-01,November 2025,Other UK Airports,ISLES OF SCILLY (ST.MARYS),2743,2743,0
2025-11-01,November 2025,Non UK Reporting Airports,JERSEY,102215,102214,1
2025-11-01,November 2025,Other UK Airports,KIRKWALL,11632,10930,702
2025-11-01,November 2025,Other UK Airports,LANDS END (ST JUST),1962,1962,0
2025-11-01,November 2025,Other UK Airports,LEEDS BRADFORD,243622,243622,0
2025-11-01,November 2025,Other UK Airports,LERWICK (TINGWALL),103,103,0
2025-11-01,November 2025,Other UK Airports,LIVERPOOL (JOHN LENNON),347052,347052,0
2025-11-01,November 2025,London Area Airports,LONDON CITY,306326,306326,0
2025-11-01,November 2025,London Area Airports,LUTON,1217573,1217573,0
2025-11-01,November 2025,Other UK Airports,MANCHESTER,2191809,2191809,0
2025-11-01,November 2025,Other UK Airports,NEWCASTLE,353287,353287,0
2025-11-01,November 2025,Other UK Airports,NEWQUAY,16616,16616,0
2025-11-01,November 2025,Other UK Airports,NORWICH,24742,24742,0
2025-11-01,November 2025,Other UK Airports,PRESTWICK,23203,23203,0
2025-11-01,November 2025,Other UK Airports,SOUTHAMPTON,64242,64242,0
2025-11-01,November 2025,London Area Airports,SOUTHEND,53103,53103,0
2025-11-01,November 2025,London Area Airports,STANSTED,2124932,2124932,0
2025-11-01,November 2025,Other UK Airports,STORNOWAY,8463,8463,0
2025-11-01,November 2025,Other UK Airports,SUMBURGH,17372,17372,0
2025-11-01,November 2025,Other UK Airports,TEESSIDE INTERNATIONAL AIRPORT,14226,14226,0
2025-11-01,November 2025,Other UK Airports,TIREE,667,660,7
2025-11-01,November 2025,Other UK Airports,WICK JOHN O GROATS,181,181,0
2025-12-01,December 2025,Other UK Airports,ABERDEEN,173817,173817,0
2025-12-01,December 2025,Non UK Reporting Airports,ALDERNEY,3006,3006,0
2025-12-01,December 2025,Other UK Airports,BARRA,587,587,0
2025-12-01,December 2025,Other UK Airports,BELFAST CITY (GEORGE BEST),202623,202623,0
2025-12-01,December 2025,Other UK Airports,BELFAST INTERNATIONAL,483719,483719,0
2025-12-01,December 2025,Other UK Airports,BENBECULA,2174,2157,17
2025-12-01,December 2025,Other UK Airports,BIGGIN HILL,449,449,0
2025-12-01,December 2025,Other UK Airports,BIRMINGHAM,944124,943869,255
2025-12-01,December 2025,Other UK Airports,BLACKPOOL,1760,1760,0
2025-12-01,December 2025,Other UK Airports,BOURNEMOUTH,65697,65697,0
2025-12-01,December 2025,Other UK Airports,BRISTOL,732741,732450,291
2025-12-01,December 2025,Other UK Airports,CAMPBELTOWN,348,329,19
2025-12-01,December 2025,Other UK Airports,CARDIFF WALES,51351,50867,484
2025-12-01,December 2025,Other UK Airports,CITY OF DERRY (EGLINTON),19271,19271,0
2025-12-01,December 2025,Other UK Airports,DUNDEE,2380,2380,0
2025-12-01,December 2025,Other UK Airports,EAST MIDLANDS INTERNATIONAL,166361,166361,0
2025-12-01,December 2025,Other UK Airports,EDINBURGH,1221778,1221104,674
2025-12-01,December 2025,Other UK Airports,EXETER,27002,27002,0
2025-12-01,December 2025,Other UK Airports,FARNBOROUGH,2561,2561,0
2025-12-01,December 2025,London Area Airports,GATWICK,3115110,3114381,729
2025-12-01,December 2025,Other UK Airports,GLASGOW,571437,571255,182
2025-12-01,December 2025,Non UK Reporting Airports,GUERNSEY,50147,50120,27
2025-12-01,December 2025,London Area Airports,HEATHROW,7191078,7188658,2420
2025-12-01,December 2025,Other UK Airports,HUMBERSIDE,11173,11173,0
2025-12-01,December 2025,Other UK Airports,INVERNESS,54038,53869,169
2025-12-01,December 2025,Other UK Airports,ISLAY,1433,1433,0
2025-12-01,December 2025,Non UK Reporting Airports,ISLE OF MAN,52814,52814,0
2025-12-01,December 2025,Other UK Airports,ISLES OF SCILLY (ST.MARYS),2958,2958,0
2025-12-01,December 2025,Non UK Reporting Airports,JERSEY,105532,105532,0
2025-12-01,December 2025,Other UK Airports,KIRKWALL,10812,10176,636
2025-12-01,December 2025,Other UK Airports,LANDS END (ST JUST),2149,2149,0
2025-12-01,December 2025,Other UK Airports,LEEDS BRADFORD,233190,233190,0
2025-12-01,December 2025,Other UK Airports,LERWICK (TINGWALL),133,133,0
2025-12-01,December 2025,Other UK Airports,LIVERPOOL (JOHN LENNON),386951,386951,0
2025-12-01,December 2025,London Area Airports,LONDON CITY,289450,289450,0
2025-12-01,December 2025,London Area Airports,LUTON,1358757,1358757,0
2025-12-01,December 2025,Other UK Airports,LYDD,1,1,0
2025-12-01,December 2025,Other UK Airports,MANCHESTER,2367746,2367746,0
2025-12-01,December 2025,Other UK Airports,NEWCASTLE,347686,347686,0
2025-12-01,December 2025,Other UK Airports,NEWQUAY,17965,17965,0
2025-12-01,December 2025,Other UK Airports,NORWICH,25132,25132,0
2025-12-01,December 2025,Other UK Airports,PRESTWICK,23528,23528,0
2025-12-01,December 2025,Other UK Airports,SOUTHAMPTON,66948,66919,29
2025-12-01,December 2025,London Area Airports,SOUTHEND,57979,57979,0
2025-12-01,December 2025,London Area Airports,STANSTED,2248328,2248328,0
2025-12-01,December 2025,Other UK Airports,STORNOWAY,7793,7775,18
2025-12-01,December 2025,Other UK Airports,SUMBURGH,17975,17962,13
2025-12-01,December 2025,Other UK Airports,TEESSIDE INTERNATIONAL AIRPORT,14667,14667,0
2025-12-01,December 2025,Other UK Airports,TIREE,574,559,15
2025-12-01,December 2025,Other UK Airports,WICK JOHN O GROATS,0,0,0
